Date,Streamflow,Rain,Tmax,Tmin,Tavg
1/1/1988,0.02,0,27.82787518,13.17315601,20.50051559
1/2/1988,0.01,0,27.77413307,13.88244376,20.82828842
1/3/1988,0,0,27.41310301,13.02296528,20.21803415
1/4/1988,0,0,27.81045679,13.4532837,20.63187025
1/5/1988,0,0,28.30793883,13.35399561,20.83096722
1/6/1988,0,0,28.90232751,14.46470755,21.68351753
1/7/1988,0,0,28.14413391,14.32309256,21.23361324
1/8/1988,0,0,28.73787503,14.64851206,21.69319354
1/9/1988,0,0,28.64684369,14.44651459,21.54667914
1/10/1988,0,0,28.60871351,14.82567446,21.71719398
1/11/1988,0,0,28.48703582,15.21031902,21.84867742
1/12/1988,0,0,28.57793911,14.98122184,21.77958048
1/13/1988,0,0,28.78600387,15.83218947,22.30909667
1/14/1988,0,0,29.54180737,15.90586636,22.72383687
1/15/1988,0,0,30.34077542,15.97767356,23.15922449
1/16/1988,0,0,31.08426232,15.96412409,23.5241932
1/17/1988,0,0,30.80329438,16.6402553,23.72177484
1/18/1988,0,0,30.58432452,16.58309192,23.58370822
1/19/1988,0,0,30.73884228,16.61502702,23.67693465
1/20/1988,0,0,30.99077521,16.44418765,23.71748143
1/21/1988,0,0,31.42529192,16.9829654,24.20412866
1/22/1988,0,0,30.60335773,17.46399613,24.03367693
1/23/1988,0,0,30.1123266,17.0801919,23.59625925
1/24/1988,0,0,30.49600469,16.56218988,23.52909729
1/25/1988,0,0,31.07884243,15.70947973,23.39416108
1/26/1988,0,0,31.46961726,15.44051054,23.4550639
1/27/1988,0,0,32.11632364,16.23876717,24.17754541
1/28/1988,0,0,32.10793824,16.46412409,24.28603116
1/29/1988,0,0,31.82419798,17.05309297,24.43864548
1/30/1988,0,0,32.82974574,17.23328352,25.03151463
1/31/1988,0,0,33.16600476,17.07509013,25.12054745
2/1/1988,0,0,33.14871442,16.38973413,24.76922428
2/2/1988,0,0,32.98335672,17.11070078,25.04702875
2/3/1988,0,0,32.14413565,17.29586662,24.72000113
2/4/1988,0,0,31.82961787,15.45302865,23.64132326
2/5/1988,0,0,32.78510055,14.03554749,23.41032402
2/6/1988,0,0,32.37974498,14.18212496,23.28093497
2/7/1988,0,0,32.17587521,15.32760905,23.75174213
2/8/1988,0,0,32.89793881,15.71328393,24.30561137
2/9/1988,0,0,32.78161517,16.72799167,24.75480342
2/10/1988,0,0,32.22045838,17.11076471,24.66561154
2/11/1988,0,0,32.27226424,18.71431425,25.49328925
2/12/1988,0,0,32.34413294,19.6774184,26.01077567
2/13/1988,0,0,31.14039278,17.90863938,24.52451608
2/14/1988,0,0,31.86671704,19.28302858,25.57487281
2/15/1988,0,0.1743644482,32.21942702,19.058639,25.63903301
2/16/1988,0,0,33.50077527,18.95063699,26.22570613
2/17/1988,0,0,34.16109323,18.22198675,26.19153999
2/18/1988,0,0,34.12812859,19.52618428,26.82715644
2/19/1988,0,0,33.33942629,20.4849621,26.9121942
2/20/1988,0,0,34.41587689,20.77947942,27.59767816
2/21/1988,0,0,35.1414879,21.38128643,28.26138717
2/22/1988,0,0.2524179557,35.61510204,18.9684486,27.29177532
2/23/1988,0,0,35.27419874,18.86450584,27.06935229
2/24/1988,0,0,34.38516487,18.14509,26.26512743
2/25/1988,0,0,34.41684241,19.17773652,26.79728946
2/26/1988,0,0,35.17955432,20.59986117,27.88970774
2/27/1988,0,0,36.34167891,20.29237967,28.31702929
2/28/1988,0,0,35.98709785,20.2234751,28.10528647
2/29/1988,0,0,34.80961741,19.71624875,27.26293308
3/1/1988,0,0,34.40187018,20.62102086,27.51144552
3/2/1988,0,0,33.01993461,17.76244483,25.39118972
3/3/1988,0,0,33.06535542,16.91360185,24.98947864
3/4/1988,0,0,34.38155161,20.00005277,27.19080219
3/5/1988,0,0,34.69161501,20.53708782,27.61435142
3/6/1988,0,0.2104210667,35.66161623,19.70238125,27.68199874
3/7/1988,0,0,36.11535466,20.11122204,28.11328835
3/8/1988,0,0,36.30148775,21.14683252,28.72416013
3/9/1988,0,0,36.30503864,21.50844778,28.90674321
3/10/1988,0,0,36.03587583,21.5656751,28.80077546
3/11/1988,0,0,36.19858579,21.53676971,28.86767775
3/12/1988,0,0,35.97478106,22.18109369,29.07793738
3/13/1988,0,0,37.03245628,21.80561093,29.41903361
3/14/1988,0,0,37.52625765,21.03864027,29.28244896
3/15/1988,0,0,37.32264744,21.94876816,29.6357078
3/16/1988,0,0,38.51161505,23.18947927,30.85054716
3/17/1988,0,0,38.37419722,22.87741726,30.62580724
3/18/1988,0,0,38.7896828,23.32857535,31.05912907
3/19/1988,0,0,38.48806683,22.16786416,30.3279655
3/20/1988,0,0,37.01090181,19.95618458,28.4835432
3/21/1988,0,0,36.81064877,19.51922501,28.16493689
3/22/1988,0,0,38.13083871,19.98115877,29.05599874
3/23/1988,0,0,37.92987243,20.14095721,29.03541482
3/24/1988,0,0,37.47232703,21.12618466,29.29925585
3/25/1988,0,0,37.53310368,21.64631299,29.58970833
3/26/1988,0,0,36.94381677,22.6943779,29.81909733
3/27/1988,0,0,37.07619486,21.50082821,29.28851153
3/28/1988,0,0,36.75993629,20.50676919,28.63335274
3/29/1988,0,0,37.63445163,20.19509097,28.9147713
3/30/1988,0,0,38.90174231,20.64586527,29.77380379
3/31/1988,0,0,39.34367544,21.61218929,30.47793237
4/1/1988,0,0,39.00090314,22.65341147,30.8271573
4/2/1988,0,0,39.49980976,23.82141311,31.66061143
4/3/1988,0,0,39.88787464,24.18586618,32.03687041
4/4/1988,0,0,39.9078096,23.95947973,31.93364467
4/5/1988,0,0.01428689161,39.40568486,24.18832004,31.79700245
4/6/1988,0,0,39.85955462,24.56793906,32.21374684
4/7/1988,0,0,40.16871454,24.793614,32.48116427
4/8/1988,0,0,39.97961593,24.82012774,32.39987183
4/9/1988,0,0,39.64270916,23.72786363,31.6852864
4/10/1988,0,0,38.75342302,24.44657775,31.60000038
4/11/1988,0,0.08779855853,39.28064965,25.35386765,32.31725865
4/12/1988,0,0,39.28251865,26.04896979,32.66574422
4/13/1988,0,0,39.62245643,26.24283759,32.93264701
4/14/1988,0,0.2179861834,40.53884169,26.48115877,33.51000023
4/15/1988,0,0,40.92174277,25.7739956,33.34786918
4/16/1988,0,0,40.93890524,25.88412252,33.41151388
4/17/1988,0,0,40.02877752,23.71109438,31.86993595
4/18/1988,0,0.850809841,39.0777454,23.75464445,31.41619492
4/19/1988,0,0,38.17142465,24.57399501,31.37270983
4/20/1988,0,0,38.69793839,25.38580284,32.04187061
4/21/1988,0,0.09053541097,38.57232585,24.14541928,31.35887257
4/22/1988,0,1.056693512,37.56858819,20.59522806,29.08190813
4/23/1988,0,0,36.70058579,23.84025433,30.27042006
4/24/1988,0,0.7059634309,37.80871427,21.06226342,29.43548885
4/25/1988,0,0.006522276605,35.24600313,20.38361242,27.81480777
4/26/1988,0,3.318086028,34.38026451,21.53405993,27.95716222
4/27/1988,0,2.855904181,36.10058385,22.49418689,29.29738537
4/28/1988,0,0,37.80329438,24.21838466,31.01083952
4/29/1988,0,0,39.19264637,25.29038297,32.24151467
4/30/1988,0,0,39.4974181,25.65509005,32.57625408
5/1/1988,0,0,39.36709891,27.11102063,33.23905977
5/2/1988,0,0,38.96645033,25.08063789,32.02354411
5/3/1988,0,0,38.50251987,24.25038205,31.37645096
5/4/1988,0,0.06431421255,39.48806683,25.15483604,32.32145144
5/5/1988,0,0.2394165208,39.21425974,26.06496203,32.63961089
5/6/1988,0,0,40.80464386,25.96683395,33.3857389
5/7/1988,0,0,41.97258312,26.07341154,34.02299733
5/8/1988,0,0,43.27000046,27.22082926,35.24541486
5/9/1988,0,0,44.39096838,28.06651448,36.22874143
5/10/1988,0,0,44.70993706,27.03580246,35.87286976
5/11/1988,0,0,43.51180495,26.55154052,35.03167274
5/12/1988,0,0,43.91193435,27.31605732,35.61399584
5/13/1988,0,0,43.74019158,26.78450592,35.26234875
5/14/1988,0,0,43.53193328,27.15631322,35.34412325
5/15/1988,0,0,43.30367834,28.25269878,35.77818856
5/16/1988,0,0,42.4608402,28.23418683,35.34751352
5/17/1988,0,0,42.13445163,28.57244429,35.35344796
5/18/1988,0,0,42.90948032,28.13631293,35.52289663
5/19/1988,0,0,42.68483482,27.10185978,34.8933473
5/20/1988,0,0,41.24406093,27.34721533,34.29563813
5/21/1988,0,0.2465599666,41.93844808,26.52341057,34.23092933
5/22/1988,0,0,38.93651358,27.62876656,33.28264007
5/23/1988,0,0,39.74580171,27.47257195,33.60918683
5/24/1988,0,0,40.03122385,27.00225262,33.51673823
5/25/1988,0,0,40.54012879,27.96683395,34.25348137
5/26/1988,0,0,42.55825677,28.67160529,35.61493103
5/27/1988,0,0,43.41954448,29.88715214,36.65334831
5/28/1988,0,0,43.78676814,29.16624951,36.47650883
5/29/1988,0,0,43.9185755,28.19347458,36.05602504
5/30/1988,0,0,42.69664325,27.44425159,35.07044742
5/31/1988,0,0,41.43296617,27.26315616,34.34806116
6/1/1988,0,0,40.90386706,27.88173242,34.39279974
6/2/1988,0,0,41.37290242,27.59076426,34.48183334
6/3/1988,0,2.323242812,40.15760819,28.04347496,34.10054158
6/4/1988,0,2.671564374,41.26664328,23.8006372,32.53364024
6/5/1988,0,0.01009399951,37.39922244,25.23637551,31.31779898
6/6/1988,0,6.814235413,38.22754551,23.53825649,30.882901
6/7/1988,0,2.356553459,36.97728977,24.79212549,30.88470763
6/8/1988,0,0,38.77748272,26.43225292,32.60486782
6/9/1988,0.34,42.55191856,38.24373934,23.56290139,30.90332037
6/10/1988,0.04,0.1425939248,35.49180796,25.08141333,30.28661065
6/11/1988,0,0,37.2134221,24.42561177,30.81951694
6/12/1988,0,0.003207881441,37.65896849,24.85683351,31.257901
6/13/1988,0,6.814039689,35.4993526,24.06212595,29.78073927
6/14/1988,0.06,2.579647637,35.64838514,23.95199747,29.8001913
6/15/1988,0.03,0,35.19619379,24.24670486,29.72144932
6/16/1988,0,0.1358787215,35.73386855,24.52496302,30.12941578
6/17/1988,0,1.367451185,33.00399687,23.34909707,28.17654697
6/18/1988,0,7.483052224,31.74083915,22.22438958,26.98261437
6/19/1988,0,4.168455681,30.65413397,22.98193404,26.81803401
6/20/1988,0.29,8.408094165,33.35342149,23.20741718,28.28041934
6/21/1988,0.06,0.09285459708,33.54999924,23.361094,28.45554662
6/22/1988,0.16,13.66713978,32.20961894,22.46561078,27.33761486
6/23/1988,46.21,8.675909606,29.69503647,22.28000069,25.98751858
6/24/1988,3.98,1.754404057,31.39800292,23.21477157,27.30638725
6/25/1988,1.46,4.899332977,31.74974426,22.99025569,27.36999997
6/26/1988,1.77,0.1397825936,33.73180617,23.69760893,28.71470755
6/27/1988,1.06,0.7423186438,33.62554669,23.94928752,28.78741711
6/28/1988,0.49,3.247014044,33.17993446,23.17838392,28.17915919
6/29/1988,0.3,5.012501907,33.36193511,23.30393235,28.33293373
6/30/1988,0.29,2.130196007,33.12638781,24.11134991,28.61886886
7/1/1988,0.2,0,34.91470649,24.92883164,29.92176907
7/2/1988,0.2,6.105459324,34.51090181,23.96477157,29.23783669
7/3/1988,10.47,13.82046899,33.35148699,23.03380402,28.1926455
7/4/1988,4.87,0.9923799247,31.31039269,23.2310309,27.27071179
7/5/1988,2.13,2.551300087,33.30367834,23.17470846,28.2391934
7/6/1988,1.38,3.373518769,31.06529305,22.48832118,26.77680712
7/7/1988,1.98,0.08225647739,31.80877804,23.36296456,27.5858713
7/8/1988,1.54,0.06544473921,33.01529381,23.32645077,28.17087229
7/9/1988,0.99,9.574530569,31.48768322,22.76567413,27.12667867
7/10/1988,1.42,1.091412613,30.09619531,22.57554746,26.33587139
7/11/1988,0.91,3.109942992,30.76741856,23.46206163,27.11474009
7/12/1988,1.42,3.553377208,31.48548337,23.66832149,27.57690243
7/13/1988,54.72,7.873751756,32.28909743,23.03103014,27.66006378
7/14/1988,8.53,0.9052927921,29.22632252,22.46825679,25.84728965
7/15/1988,2.46,2.153542977,29.72561101,22.50470838,26.1151597
7/16/1988,1.46,9.778801387,30.94844831,22.60000038,26.77422435
7/17/1988,2.08,22.62046739,29.42071141,22.28096794,25.85083967
7/18/1988,6.45,15.59312521,29.29606803,22.73548337,26.0157757
7/19/1988,15.23,11.70324393,25.70426125,22.12928783,23.91677454
7/20/1988,7.22,0.321322964,31.00374113,22.9483842,26.97606267
7/21/1988,4.15,4.88131327,31.99735243,22.93657752,27.46696497
7/22/1988,9.01,28.61800113,26.93781012,21.86012675,24.39896843
7/23/1988,20.06,4.651095675,28.26000023,22.13741749,25.19870886
7/24/1988,39.9,24.08002213,30.94451694,22.58374106,26.764129
7/25/1988,33.48,22.8627643,30.40174231,22.15090293,26.27632262
7/26/1988,97.62,23.93957348,28.76161488,21.66651486,25.21406487
7/27/1988,38.38,1.326900997,26.59315608,22.09109527,24.34212568
7/28/1988,15.3,1.676021413,27.5966413,21.71283707,24.65473919
7/29/1988,11.45,8.206701755,26.94787428,22.0909674,24.51942084
7/30/1988,803.79,87.74284312,25.92555727,21.79251888,23.85903808
7/31/1988,179.64,25.55606886,25.00052126,21.87367613,23.4370987
8/1/1988,58.84,1.138807043,28.66800164,22.16483437,25.416418
8/2/1988,51.12,7.724556753,28.3560675,22.30735363,25.33171056
8/3/1988,26.63,3.72633862,27.75651501,22.70825656,25.23238579
8/4/1988,24.93,1.325345669,29.08697209,23.13561086,26.11129147
8/5/1988,26.76,6.035984631,30.10000038,22.95019083,26.52509561
8/6/1988,112.5,9.732726115,31.78722703,22.78115801,27.28419252
8/7/1988,29.19,0.5255887815,31.17426074,23.14218981,27.15822527
8/8/1988,18.51,0.8709968907,30.87071217,23.04489937,26.95780577
8/9/1988,18,6.746915844,31.90529147,22.31283728,27.10906437
8/10/1988,16.7,8.771614934,30.83426232,22.77374159,26.80400195
8/11/1988,117.4,17.7104719,29.39419785,22.54290093,25.96854939
8/12/1988,30.23,2.085283052,29.96903206,22.66025576,26.31464391
8/13/1988,19.92,0.8229137916,32.10896925,23.37399598,27.74148262
8/14/1988,17.18,0.02422559882,32.35083959,24.11134991,28.23109475
8/15/1988,14.36,2.292210559,32.63638613,22.80909615,27.72274114
8/16/1988,18.55,14.78728722,31.65432595,22.24187034,26.94809814
8/17/1988,95.12,16.80537338,31.18058377,22.36077588,26.77067983
8/18/1988,109.5,43.94451231,29.18755594,21.76180686,25.4746814
8/19/1988,361.66,34.2142952,26.49039299,21.27825799,23.88432549
8/20/1988,753.29,37.86351083,25.74703431,22.1274812,23.93725775
8/21/1988,405.7,31.8857198,28.78516449,22.18380364,25.48448406
8/22/1988,214.3,6.055759027,28.42432467,22.25741833,25.3408715
8/23/1988,1020,41.30671266,29.77174298,22.2638675,26.01780524
8/24/1988,125.75,1.015578898,28.84348537,22.28115801,25.56232169
8/25/1988,160.84,7.60564356,30.94458087,22.52851217,26.73654652
8/26/1988,73.07,0.928190485,31.32277358,22.77935155,27.05106256
8/27/1988,80.36,6.974762806,31.1074168,22.85393159,26.98067419
8/28/1988,60.38,10.89306774,28.94031865,22.35748091,25.64889978
8/29/1988,51.52,3.286792005,27.90677998,22.55567487,25.23122742
8/30/1988,545,36.41637705,27.52949059,21.84019213,24.68484136
8/31/1988,171.9,8.632491872,29.06613243,21.86573844,25.46593544
9/1/1988,362.1,20.27089819,29.23974559,22.50844778,25.87409668
9/2/1988,1867,60.62536095,28.99174247,21.88567497,25.43870872
9/3/1988,992.84,50.12507283,28.30064837,22.21470747,25.25767792
9/4/1988,89.61,2.206719178,29.0606486,22.4191607,25.73990465
9/5/1988,99.32,0.1391794988,30.4481302,22.80031909,26.62422464
9/6/1988,51.08,3.371977824,31.47438958,23.72935214,27.60187086
9/7/1988,171.1,23.62153395,29.89180602,22.22006342,26.05593472
9/8/1988,210.8,2.263987861,28.9033587,22.05838482,25.48087176
9/9/1988,992.84,30.52678549,29.77354961,22.26748076,26.02051518
9/10/1988,645.8,13.62012066,29.29606803,22.34754462,25.82180632
9/11/1988,124.47,8.449054257,30.93554807,22.0531569,26.49435249
9/12/1988,66.26,0.002647145372,31.10083959,22.67870377,26.88977168
9/13/1988,48.63,0.02857378322,31.63084028,23.24212625,27.43648326
9/14/1988,59.65,14.0852905,32.77800225,22.90954269,27.84377247
9/15/1988,196.18,10.94644975,32.58987228,22.20212534,27.39599881
9/16/1988,303.7,7.76828975,31.38722551,22.13283698,26.76003124
9/17/1988,79.38,3.264011373,30.6218073,22.0220611,26.3219342
9/18/1988,49.28,3.633370811,29.95915988,22.81128657,26.38522322
9/19/1988,43.08,13.06001792,30.73625864,22.58741825,26.66183845
9/20/1988,1035,40.24866596,27.09213607,21.79096643,24.44155125
9/21/1988,77.06,1.541986297,28.9165788,22.27561042,25.59609461
9/22/1988,75.79,7.40389662,29.86090393,22.71193376,26.28641884
9/23/1988,49.1,0.2387596928,30.49645085,22.99103096,26.7437409
9/24/1988,38.62,1.112403381,30.3163225,21.55380448,25.93506349
9/25/1988,32.16,0,31.44296449,23.03399583,27.23848016
9/26/1988,30.87,4.259670654,31.94819413,22.71399613,27.33109513
9/27/1988,29.19,2.339156433,30.56445193,22.82567533,26.69506363
9/28/1988,49.86,26.4841522,30.96180571,21.76103142,26.36141856
9/29/1988,63.2,19.26750372,28.26819383,20.96380432,24.61599908
9/30/1988,1127,70.67409254,28.66541957,20.86451701,24.76496829
10/1/1988,125.8,0.7559967755,27.49890488,21.81193397,24.65541942
10/2/1988,88.49,9.315558982,29.28432511,22.2973534,25.79083926
10/3/1988,62.95,0.01407028588,28.84477074,22.56832111,25.70654592
10/4/1988,76.42,1.568125837,31.04489937,22.58031804,26.8126087
10/5/1988,46.44,0.9357905034,31.17077535,22.47657826,26.8236768
10/6/1988,37.66,0,32.42458041,22.22605717,27.32531879
10/7/1988,32.75,0,31.39999962,20.65928851,26.02964407
10/8/1988,35.54,0,30.54000092,19.9488943,25.24444761
10/9/1988,27.11,0,30.00096725,18.93515467,24.46806096
10/10/1988,25.46,0,30.73806527,19.07670495,24.90738511
10/11/1988,22.66,0,31.25174269,20.13393227,25.69283748
10/12/1988,20.66,0,31.36993673,19.65025553,25.51009613
10/13/1988,18.77,0,31.63355022,16.78283677,24.20819349
10/14/1988,15.02,0,32.02709876,18.6510308,25.33906478
10/15/1988,15.28,0,32.92716232,19.22031916,26.07374074
10/16/1988,15.26,0,33.16180648,19.26651524,26.21416086
10/17/1988,11.44,0,33.14090288,19.08115915,26.11103102
10/18/1988,10.44,0,32.83722801,19.41483437,26.12603119
10/19/1988,10.99,0,32.72077649,18.46302888,25.59190269
10/20/1988,11.64,0,32.7852908,18.68838415,25.73683747
10/21/1988,10.24,0,32.9954836,18.7109024,25.853193
10/22/1988,9.75,0,31.77426112,18.55496353,25.16461233
10/23/1988,9.75,0,32.21077436,18.94960737,25.58019086
10/24/1988,9.16,0,32.27258236,17.94676955,25.10967596
10/25/1988,8.94,0,32.05709789,16.83922471,24.4481613
10/26/1988,8.7,0,31.83980817,16.42115757,24.13048287
10/27/1988,7.1,0,32.54993721,16.98670653,24.76832187
10/28/1988,7.8,0,32.36258251,16.77664161,24.56961206
10/29/1988,7.21,0,31.24968188,16.81405871,24.0318703
10/30/1988,6.68,0,30.47258312,19.62431409,25.04844861
10/31/1988,6.95,0,30.77813012,19.1672262,24.97267816
11/1/1988,6.45,0,30.66522776,19.15361288,24.90942032
11/2/1988,6.1,0,31.51354938,19.56290139,25.53822539
11/3/1988,5.9,0,31.33793761,19.77838413,25.55816087
11/4/1988,5.26,0,31.4172262,19.89218981,25.654708
11/5/1988,5.74,0.1073032749,29.68613136,19.1301272,24.40812928
11/6/1988,4.95,0,30.04716316,18.08754439,24.06735377
11/7/1988,5.12,0,29.91638682,16.54496339,23.2306751
11/8/1988,4.77,0,30.2172256,15.90309248,23.06015904
11/9/1988,4.48,0,29.97077649,14.36657774,22.16867711
11/10/1988,3.2,0,29.93161496,14.67206167,22.30183831
11/11/1988,3.22,0,29.9589057,14.11393181,22.03641876
11/12/1988,3.42,0,29.56258327,14.11218921,21.83738624
11/13/1988,3.78,0,29.10522812,14.12399606,21.61461209
11/14/1988,3.21,0,29.28445315,13.90006364,21.5922584
11/15/1988,2.87,0,28.97974536,13.72851198,21.35412867
11/16/1988,2.63,0,28.94451694,14.03664184,21.49057939
11/17/1988,2.64,0,28.94806609,13.78399591,21.366031
11/18/1988,2.43,0,30.27916131,13.70838452,21.99377291
11/19/1988,3.14,0,30.5581289,14.42580193,22.49196542
11/20/1988,2.68,0,30.58167851,14.92296498,22.75232175
11/21/1988,2.3,0,29.88348628,14.6440595,22.26377289
11/22/1988,2.13,0,29.73890465,14.32302862,22.03096664
11/23/1988,1.97,0,29.68800192,15.40935158,22.54867675
11/24/1988,2.04,0,30.34619531,17.02302835,23.68461183
11/25/1988,1.94,0,30.3971618,16.53296464,23.46506322
11/26/1988,1.72,0,30.22703559,15.03993603,22.63348581
11/27/1988,1.76,0,30.02335763,15.40187018,22.71261391
11/28/1988,1.58,0,30.24974408,15.81283737,23.03129073
11/29/1988,1.54,0,29.14174208,13.91819345,21.52996777
11/30/1988,1.58,0,26.70064816,10.6503186,18.67548338
12/1/1988,1.58,0,26.64961757,11.10947935,18.87954846
12/2/1988,1.99,0,28.56735386,13.76689729,21.16712558
12/3/1988,2.12,0,28.73974559,16.30199785,22.52087172
12/4/1988,1.86,0,29.63270911,15.38302896,22.50786903
12/5/1988,2.05,0,29.39335847,14.28393189,21.83864518
12/6/1988,2.05,0,28.72342233,13.25019103,20.98680668
12/7/1988,1.79,0,29.09632319,13.64832103,21.37232211
12/8/1988,1.77,0,28.95793845,14.01380443,21.48587144
12/9/1988,1.69,0,29.39071263,13.50548374,21.44809819
12/10/1988,1.57,0,29.21432542,13.77496293,21.49464417
12/11/1988,1.46,0,29.00077527,13.1739953,21.08738529
12/12/1988,1.64,0,29.42167866,17.51418735,23.46793301
12/13/1988,1.8,1.263189282,26.8402655,18.57580164,22.70803357
12/14/1988,3.77,9.48392562,21.61058407,14.35767272,17.9841284
12/15/1988,4.66,0,25.87787459,14.98786394,20.43286927
12/16/1988,4.4,0,28.19258244,12.88741749,20.53999996
12/17/1988,3.36,0,28.19342181,11.79464441,19.99403311
12/18/1988,3.21,0,27.61419716,12.72380447,20.16900081
12/19/1988,2.47,0,27.57535548,12.75109434,20.16322491
12/20/1988,2.06,0,28.39342241,14.65212523,21.52277382
12/21/1988,2.17,0,29.00529185,14.64670543,21.82599864
12/22/1988,2.1,0,29.18806603,13.20941571,21.19874087
12/23/1988,1.83,0,29.60703475,14.4214134,22.01422408
12/24/1988,1.7,0,29.86613166,15.06399565,22.46506365
12/25/1988,1.56,0,30.41251781,15.48218909,22.94735345
12/26/1988,1.74,0,30.24354892,15.47618504,22.85986698
12/27/1988,1.53,0,28.93645121,14.52405962,21.73025541
12/28/1988,1.23,0,27.71348621,14.8684483,21.29096726
12/29/1988,1.1,0,28.12258274,14.97935214,21.55096744
12/30/1988,1.25,0,28.11174313,13.74135003,20.92654658
12/31/1988,0.94,0,28.75445247,13.27864013,21.0165463
1/1/1989,0.94,0,28.55722559,13.37160424,20.96441491
1/2/1989,0.95,0,28.87174336,14.69334749,21.78254543
1/3/1989,0.93,0,28.51987241,14.42031906,21.47009574
1/4/1989,1.01,0,29.35825792,13.91050986,21.63438389
1/5/1989,1.05,0,29.30277312,14.1423169,21.72254501
1/6/1989,0.93,0,29.90632265,14.59780053,22.25206159
1/7/1989,0.79,0,30.05084035,15.55760859,22.80422447
1/8/1989,0.87,0,29.2525819,16.23870324,22.74564257
1/9/1989,0.83,0,29.45741718,14.87605766,22.16673742
1/10/1989,0.74,0,28.23096679,14.50580272,21.36838476
1/11/1989,0.78,0,28.82916054,14.06857607,21.44886831
1/12/1989,0.07,0,29.23999977,14.40851229,21.82425603
1/13/1989,0.03,0,29.39348634,14.70470732,22.04909683
1/14/1989,0.01,0,29.43529215,15.0212218,22.22825698
1/15/1989,0.47,0,29.37516464,14.50296491,21.93906477
1/16/1989,0.69,0,30.89632242,14.74231641,22.81931942
1/17/1989,0.46,0,30.72354864,14.62696089,22.67525476
1/18/1989,0.51,0,30.37535662,14.01405948,22.19470805
1/19/1989,0.39,0,31.5600634,15.3642508,23.4621571
1/20/1989,0.07,0,31.11825641,15.06347534,23.09086587
1/21/1989,0.43,0,30.49748203,15.01070126,22.75409165
1/22/1989,0.28,0,30.88470754,15.86805508,23.37638131
1/23/1989,0.16,0,30.98083892,16.34160537,23.66122215
1/24/1989,0.1,0,30.69709884,16.40870331,23.55290108
1/25/1989,0.05,0,31.29613197,16.17218876,23.73416036
1/26/1989,0.42,0,31.23781109,17.53244338,24.38512723
1/27/1989,0.4,0,30.99426217,17.52502696,24.25964456
1/28/1989,0.59,0,30.79522865,16.78328449,23.78925657
1/29/1989,0.37,0,31.2961959,15.85567515,23.57593553
1/30/1989,0.25,0,31.52806601,15.32786401,23.42796501
1/31/1989,0.28,0,32.19993492,15.41405909,23.80699701
2/1/1989,0.33,0,32.43342332,14.41748124,23.42545228
2/2/1989,0.3,0,33.13090421,14.68477176,23.90783798
2/3/1989,0.36,0,33.61838602,15.0567693,24.33757766
2/4/1989,0.3,0,33.67283616,14.54218951,24.10751283
2/5/1989,0.37,0,34.24554563,14.19651459,24.22103011
2/6/1989,0.42,0,34.17109537,14.60128575,24.38619056
2/7/1989,0.37,0,33.71754372,15.9914131,24.85447841
2/8/1989,0.32,0,33.40651446,16.02979754,24.718156
2/9/1989,0.2,0,33.48012741,16.10702358,24.7935755
2/10/1989,0.17,0,34.01664328,15.76528169,24.89096249
2/11/1989,0.16,0,34.35844972,16.30160454,25.33002713
2/12/1989,0.16,0,33.58489838,15.35353837,24.46921837
2/13/1989,0.21,0,33.22019112,15.9407007,24.58044591
2/14/1989,0.17,0,33.45638582,16.54973397,25.0030599
2/15/1989,0.09,0,33.65193256,16.46515363,25.05854309
2/16/1989,0.09,0,32.8636759,16.4750259,24.6693509
2/17/1989,0.08,0,33.13380423,16.72366708,24.92873565
2/18/1989,0.02,0,34.00464427,16.95805515,25.48134971
2/19/1989,0,0,33.87309266,14.59715218,24.23512242
2/20/1989,0,0,29.09458066,11.52676956,20.31067511
2/21/1989,0,0,30.49503744,13.35586617,21.92545181
2/22/1989,0,0,33.54941421,15.18889494,24.36915457
2/23/1989,0,0,32.32483439,14.95967075,23.64225257
2/24/1989,0,0,31.91632288,15.11876729,23.51754508
2/25/1989,0,0,32.12793835,15.53921344,23.83357589
2/26/1989,0,0,33.14239105,16.77353844,24.95796474
2/27/1989,0,0,35.08342103,17.64063736,26.36202919
2/28/1989,0,0,35.80909789,17.99134907,26.90022348
3/1/1989,0,0,36.25928889,18.80599299,27.53264094
3/2/1989,0.18,0.1138382562,36.37760907,18.46992594,27.42376751
3/3/1989,0.23,0,35.89289941,18.45528127,27.17409034
3/4/1989,0.28,0,36.06367666,19.0631554,27.56341603
3/5/1989,0.28,0,36.44722515,19.26760863,27.85741689
3/6/1989,0.32,0,36.10161486,20.10870408,28.10515947
3/7/1989,0.32,0,35.57432585,19.84657737,27.71045161
3/8/1989,0.32,0,35.51613145,18.17832155,26.8472265
3/9/1989,0.2,4.434705135,34.91684241,20.40954269,27.66319255
3/10/1989,0.31,8.799661004,34.07407011,20.26825776,27.17116394
3/11/1989,0.48,16.08668654,31.66949015,15.84670532,23.75809774
3/12/1989,0.37,0,30.32136034,17.1067694,23.71406487
3/13/1989,0.32,0,32.4097441,17.88418645,25.14696528
3/14/1989,0.35,0,33.57703597,19.07721487,26.32712542
3/15/1989,0.26,0,34.14825692,20.45496315,27.30161004
3/16/1989,0.13,0.9173856263,34.29980899,19.94760893,27.12370896
3/17/1989,0.07,0,35.30264698,20.25844778,27.78054738
3/18/1989,0.07,0,35.79613023,21.241159,28.51864462
3/19/1989,0.04,0,36.72271099,21.29638615,29.00954857
3/20/1989,0.03,0,36.92187064,21.90199823,29.41193444
3/21/1989,0.02,0,37.9362575,23.45741718,30.69683734
3/22/1989,0.01,0,37.97290124,24.07709817,31.0249997
3/23/1989,0,0,36.92664313,23.75290175,30.33977244
3/24/1989,0,0,37.12819444,22.78876658,29.95848051
3/25/1989,0,0,31.81974569,20.80696041,26.31335305
3/26/1989,0,0,31.22703559,18.91586572,25.07145066
3/27/1989,0.01,14.26716293,29.95942696,17.68231686,23.82087191
3/28/1989,0.02,0.3082416527,29.25974431,18.42870377,23.84422404
3/29/1989,0.02,6.176420254,31.13844867,17.90489825,24.52167346
3/30/1989,0.02,0,31.70071193,19.71870278,25.70970735
3/31/1989,0.01,0,33.36968082,21.17031819,27.2699995
4/1/1989,0.1,0,35.6042626,22.17199851,28.88813056
4/2/1989,0.08,0,37.62264668,23.11418773,30.3684172
4/3/1989,0,0,38.05825677,22.88070124,30.469479
4/4/1989,0.07,0,38.07567533,22.35018102,30.21292817
4/5/1989,0.08,0,38.01909697,20.4324449,29.22577094
4/6/1989,0.09,0,37.76915934,19.17928723,28.47422329
4/7/1989,0.02,0,37.79813058,19.56025538,28.67919298
4/8/1989,0.05,0,38.17083928,19.35657759,28.76370844
4/9/1989,0.06,0,39.05806687,20.02296441,29.54051564
4/10/1989,0.04,0,39.59361341,21.63367636,30.61364488
4/11/1989,0.02,0,39.78825631,23.31063743,31.54944687
4/12/1989,0,0,39.16277199,21.9905738,30.5766729
4/13/1989,0,0,39.23018979,22.92334799,31.07676889
4/14/1989,0,0,40.26180495,23.82567533,32.04374014
4/15/1989,0,0,40.53083989,25.28554654,32.90819322
4/16/1989,0,0.0209044187,40.80374037,25.36979769,33.08676903
4/17/1989,0,0,40.21735348,24.29508961,32.25622155
4/18/1989,0,0,40.20457954,24.44102999,32.32280476
4/19/1989,0,0.003408374032,39.91167861,25.84380522,32.87774191
4/20/1989,0,0.01164692251,39.14245342,24.80096649,31.97170995
4/21/1989,0,0,39.33522766,25.05470762,32.19496764
4/22/1989,0,0,40.23909819,24.87315677,32.55612748
4/23/1989,0,0,40.92386752,25.85134968,33.3876086
4/24/1989,0,0,38.97542077,26.15437872,32.56489974
4/25/1989,0,0,39.16645075,25.69334827,32.42989951
4/26/1989,0,0,40.49838361,25.78361377,33.14099869
4/27/1989,0,0,39.94258053,25.6748987,32.80873962
4/28/1989,0,0,40.42187064,25.96954389,33.19570727
4/29/1989,0,0,40.48760968,24.75670508,32.62215738
4/30/1989,0,0,39.78941554,24.80605709,32.29773632
5/1/1989,0,0,40.4974181,25.87263551,33.1850268
5/2/1989,0,0,41.6457374,26.85038243,34.24805991
5/3/1989,0,0.5434543773,40.92651492,24.82676889,32.8766419
5/4/1989,0,0,38.85270859,25.43889407,32.14580133
5/5/1989,0,0.4536258857,38.97941452,23.01399554,30.99670503
5/6/1989,0,0,38.03689602,24.99418689,31.51554145
5/7/1989,0,0,38.81735542,25.21483551,32.01609547
5/8/1989,0,0,38.45548268,25.23218996,31.84383632
5/9/1989,0,0,41.24315744,24.03954359,32.64135051
5/10/1989,0,0,41.58109522,23.47670631,32.52890076
5/11/1989,0,0,42.17464279,24.24580171,33.21022225
5/12/1989,0,0,42.7056764,26.41973473,34.56270556
5/13/1989,0,0,43.4367073,27.40483604,35.42077167
5/14/1989,0,0,43.61206298,27.63715214,35.62460756
5/15/1989,0,0,43.64122099,27.15805591,35.39963845
5/16/1989,0,0,43.62760907,28.69102055,36.15931481
5/17/1989,0,0,44.40044751,28.43269891,36.41657321
5/18/1989,0,0,43.69947776,28.38559969,36.04253873
5/19/1989,0,0,41.6989694,26.55928813,34.12912877
5/20/1989,0,0,43.34851377,27.93650415,35.64250896
5/21/1989,0,0,43.86664176,28.18586618,36.02625397
5/22/1989,0,0,44.30122084,26.87464338,35.58793211
5/23/1989,0,0,43.84935107,26.78250748,35.31592928
5/24/1989,0,0,41.8642501,25.88521764,33.87473387
5/25/1989,0,0,40.11031873,25.86173196,32.98602535
5/26/1989,0,0,39.66128695,25.65895923,32.66012309
5/27/1989,0,0,40.45993706,26.03244338,33.24619022
5/28/1989,0,0,40.45271054,27.12005361,33.78638207
5/29/1989,0,0,39.95128439,27.38830963,33.66979701
5/30/1989,0,0.000003280580756,40.17135111,27.0398617,33.60560641
5/31/1989,0,0.4776849723,38.91418697,25.61767295,32.26592996
6/1/1989,0,1.523627733,35.59084127,25.80948011,30.70016069
6/2/1989,0,0.6990267764,39.05992436,24.65689668,31.85841052
6/3/1989,0.45,0.4430939563,35.32928859,24.61347466,29.97138162
6/4/1989,0.37,0.8394496369,38.53006462,24.20238125,31.36622294
6/5/1989,0.22,2.179244852,36.41612147,23.003869,29.70999524
6/6/1989,0.24,9.595515454,36.74554563,23.78876658,30.2671561
6/7/1989,0.22,6.102657685,36.12096792,22.80844875,29.46470833
6/8/1989,0.29,0,33.71755489,23.95696003,28.83725746
6/9/1989,0.17,0,35.0182562,24.64496195,29.83160908
6/10/1989,0.15,1.259855385,34.64599314,23.88754536,29.26676925
6/11/1989,1.35,15.14001998,34.00748226,24.22502581,29.11625404
6/12/1989,0.31,1.914759512,34.96412417,24.253092,29.60860809
6/13/1989,0.31,21.59348298,33.69819413,22.60083959,28.14951686
6/14/1989,0.27,7.182606528,29.73128664,21.99283759,25.86206212
6/15/1989,0.18,0.2448119432,29.86220046,23.38502566,26.62361306
6/16/1989,0.12,0.6401876479,33.80954387,22.93393151,28.37173769
6/17/1989,0.08,0.4266072117,33.95399417,23.46954389,28.71176903
6/18/1989,0.13,1.997229063,32.8137425,22.82935252,27.82154751
6/19/1989,0.1,0,33.43380347,23.39670638,28.41525492
6/20/1989,0.08,0,34.19109583,23.55960625,28.87535104
6/21/1989,0.04,0.08856780509,34.59838556,23.85876801,29.22857678
6/22/1989,0.31,10.48946417,34.1496064,23.83605761,28.992832
6/23/1989,0.27,6.310592583,33.11832052,22.84586603,27.98209327
6/24/1989,0.18,5.048670017,32.92508878,22.69567443,27.8103816
6/25/1989,0.15,6.056676481,31.58806565,22.92128544,27.25467555
6/26/1989,0.12,1.286957777,32.64548478,22.7448362,27.69516049
6/27/1989,0.13,8.315225977,31.54445338,21.80258305,26.67351821
6/28/1989,0.76,36.95019466,27.95181665,21.19890547,24.57536106
6/29/1989,3.83,48.72411789,24.11982003,20.81548329,22.46765166
6/30/1989,2.23,16.92378545,27.25155071,21.50838558,24.37996815
7/1/1989,4.74,0.678939754,30.24445224,22.5738687,26.40916047
7/2/1989,2.38,1.2963463,30.5663225,22.45864035,26.51248142
7/3/1989,1.35,0.6118865441,31.25896904,22.45386803,26.85641854
7/4/1989,1.3,0.7476265869,31.27793814,22.5220611,26.89999962
7/5/1989,0.89,0.638824128,32.53445315,23.11393181,27.82419248
7/6/1989,1.1,0.8331255643,30.87574984,22.57903267,26.72739126
7/7/1989,0.96,0.7176282231,29.64245515,22.67374121,26.15809818
7/8/1989,0.88,11.90644233,30.59825769,22.05728969,26.32777369
7/9/1989,3.71,0.2215130212,30.25812966,22.55206178,26.40509572
7/10/1989,1.25,32.3910295,32.55741947,21.76657744,27.16199846
7/11/1989,3.74,0,32.47838316,23.31147681,27.89492998
7/12/1989,1.49,5.176856441,33.61193511,22.42199851,28.01696681
7/13/1989,1.53,14.10644038,29.84574915,22.14386856,25.99480886
7/14/1989,5.34,3.411879228,30.07516541,22.20748112,26.14132326
7/15/1989,2.25,12.61936558,31.20006296,22.43573814,26.81790055
7/16/1989,2.66,33.99837333,30.35561034,22.24296563,26.29928799
7/17/1989,912.3,56.52361625,29.58548375,21.65735401,25.62141888
7/18/1989,36.91,5.607971069,29.36625971,22.43657752,25.90141861
7/19/1989,13.21,0.001503694426,30.32645077,22.02567436,26.17606256
7/20/1989,10.22,1.457787969,31.23477186,22.68206094,26.9584164
7/21/1989,24.18,32.65185985,30.53838436,21.79716316,26.16777376
7/22/1989,53.37,23.80031585,25.87762041,21.63548299,23.7565517
7/23/1989,326.35,77.21687308,27.53871364,21.93729059,24.73800212
7/24/1989,1103,103.551178,25.18303953,21.34258205,23.26281079
7/25/1989,76.81,0.2859859926,27.03064809,22.2392245,24.63493629
7/26/1989,55.36,0,30.18174283,21.82832134,26.00503208
7/27/1989,45.89,1.235993356,30.52754492,22.55664229,26.54209361
7/28/1989,48.06,2.219586784,29.70871372,22.08916077,25.89893725
7/29/1989,47.26,4.7142082,28.29013822,21.58380499,24.93697161
7/30/1989,27.45,0.6760379882,30.75645108,21.292837,26.02464404
7/31/1989,20.35,0,31.23445201,21.75019198,26.49232199
8/1/1989,17.24,0,31.18606742,22.1983842,26.69222581
8/2/1989,14.06,0,30.60380371,22.44670562,26.52525467
8/3/1989,14.04,0,30.73877834,22.34025433,26.53951634
8/4/1989,13.75,0,31.01561193,22.05838482,26.53699837
8/5/1989,13.68,3.955634428,31.34432475,22.53670577,26.94051526
8/6/1989,12.58,3.040370361,30.79129572,22.43380364,26.61254968
8/7/1989,12.77,8.454936543,28.79690741,22.06541936,25.43116338
8/8/1989,19.03,7.713081929,28.49625887,21.56367666,25.02996777
8/9/1989,15.98,1.489489096,30.35064778,22.1665788,26.25861329
8/10/1989,17.08,7.601103593,30.06142404,22.36832035,26.2148722
8/11/1989,15.59,4.850293023,29.07974574,21.60012825,25.339937
8/12/1989,15.57,7.594036095,27.78297581,21.1099365,24.44645616
8/13/1989,14.05,5.557916497,25.76096748,20.90567525,23.33332137
8/14/1989,12.7,0.001403448131,27.35012825,21.62851255,24.4893204
8/15/1989,10.43,0,30.01916108,21.13657811,25.57786959
8/16/1989,8.21,0.6999423936,30.74812943,21.85296433,26.30054688
8/17/1989,14.09,25.97927479,31.16884085,21.62277281,26.39580683
8/18/1989,25.89,20.54776122,27.85574938,21.80277312,24.82926125
8/19/1989,62.64,29.99546884,26.34749185,21.80464368,24.07606777
8/20/1989,37.2,2.609507966,29.09277403,21.79193368,25.44235386
8/21/1989,32.25,1.164648736,30.40754582,21.98754574,26.19754578
8/22/1989,19.49,6.572486314,30.28664184,22.1566425,26.22164217
8/23/1989,21.57,7.767171585,27.05426163,21.35000038,24.20213101
8/24/1989,27.16,3.882969073,25.82367689,21.66928874,23.74648282
8/25/1989,29.87,7.344011314,27.67812974,21.53464323,24.60638648
8/26/1989,57.95,2.01901157,27.67645115,21.92290183,24.79967649
8/27/1989,31.93,0.3203255151,29.38374029,22.13844867,25.76109448
8/28/1989,20.03,0,30.38554692,21.43019038,25.90786865
8/29/1989,15.41,0.9194599379,31.15342263,21.95741718,26.55541991
8/30/1989,138.2,21.07348607,31.05264698,22.32470808,26.68867753
8/31/1989,572.6,62.13936476,28.29968112,21.4954836,24.89758236
9/1/1989,195.5,31.47493492,25.5543895,21.4810309,23.5177102
9/2/1989,61.2,0.06646286625,30.00632303,21.61767295,25.81199799
9/3/1989,41.39,0,30.91438838,22.16496241,26.53967539
9/4/1989,32.57,0,31.68071164,22.2595429,26.97012727
9/5/1989,34.52,5.320307939,31.39186996,21.17218876,26.28202936
9/6/1989,24.94,0,30.84645106,21.48309327,26.16477217
9/7/1989,23.43,0,31.20277274,21.9021261,26.55244942
9/8/1989,18.66,13.28177794,29.72258312,21.70025477,25.71141895
9/9/1989,20.19,1.752979149,28.94277441,21.41754431,25.18015936
9/10/1989,20.96,1.440491884,31.17458059,21.94470718,26.55964388
9/11/1989,25.4,15.88447948,27.86709891,21.87025485,24.86867688
9/12/1989,28.13,8.489887598,29.01000023,21.30838482,25.15919252
9/13/1989,15.22,0.01351043011,30.21613205,22.02670554,26.12141879
9/14/1989,15.41,0.222229572,30.72625841,22.51489868,26.62057855
9/15/1989,18.62,4.512434368,29.84445262,22.51393143,26.17919203
9/16/1989,16.66,0.7851965872,32.45206314,22.90651463,27.67928888
9/17/1989,12.99,0,32.49844946,23.49393288,27.99619117
9/18/1989,13.86,0.6761428466,32.91651312,23.60044637,28.25847975
9/19/1989,9.39,0.4231138084,31.61438914,22.22561101,26.92000008
9/20/1989,8.8,0.2205956262,28.99335885,22.49296563,25.74316224
9/21/1989,7.79,0.07596072684,30.2854204,23.00838558,26.64690299
9/22/1989,7,0,31.17380514,22.56405871,26.86893193
9/23/1989,6.24,0.1569726483,31.85206102,22.35689745,27.10447923
9/24/1989,7,5.404941227,32.51741856,22.21044698,27.36393277
9/25/1989,138.2,25.18820648,32.58935275,21.95296472,27.27115873
9/26/1989,50.94,7.886270625,30.65361288,21.63393227,26.14377258
9/27/1989,199.3,34.27657465,30.08754439,21.3383855,25.71296494
9/28/1989,54.44,11.63426562,29.40632265,21.07916054,25.2427416
9/29/1989,25.87,0.3141563231,29.65651463,22.07477201,25.86564332
9/30/1989,16.91,0.3081083748,29.94019061,21.99386877,25.96702969
10/1/1989,21.48,3.704210948,27.35335773,21.50277388,24.4280658
10/2/1989,29.44,9.816986072,29.58103111,20.87271061,25.22687086
10/3/1989,23.94,2.742717051,30.15657857,21.50283782,25.82970819
10/4/1989,14.55,0.06677568905,31.10748091,21.29464345,26.20106218
10/5/1989,14.99,0,32.48748181,21.05367643,26.77057912
10/6/1989,11.92,0,32.57103105,21.03735317,26.80419211
10/7/1989,13.78,0,32.5536125,20.60380371,26.57870811
10/8/1989,10.27,0,33.01270844,20.55212572,26.78241708
10/9/1989,8.79,0,33.79206329,20.10374151,26.9479024
10/10/1989,7.98,0,34.49109507,19.44031865,26.96570686
10/11/1989,7.46,0,33.92296403,19.6572899,26.79012697
10/12/1989,6.71,0,33.60373961,20.48548337,27.04461149
10/13/1989,5.75,0,33.41541974,20.13174359,26.77358166
10/14/1989,3.75,0,33.11832052,20.13270911,26.62551481
10/15/1989,4.84,0,33.24644911,20.391998,26.81922356
10/16/1989,4.21,0,33.2291619,20.84800177,27.03858183
10/17/1989,4.72,0,33.31451778,20.73928844,27.02690311
10/18/1989,4.45,0,32.78264652,19.41483437,26.09874044
10/19/1989,4.22,0,32.55735363,17.4753551,25.01635436
10/20/1989,4.13,0,32.59000015,16.93781012,24.76390514
10/21/1989,3.96,0,32.41638525,16.734198,24.57529163
10/22/1989,4.23,0,31.51083961,16.18619547,23.84851754
10/23/1989,3.98,0,31.03800231,15.75335821,23.39568026
10/24/1989,3.52,0,30.91619501,16.59844793,23.75732147
10/25/1989,3.18,0,31.16909676,19.06109476,25.11509576
10/26/1989,2.65,0,31.73716195,20.33302798,26.03509497
10/27/1989,3.12,0,32.54000092,19.83296561,26.18648326
10/28/1989,3.02,0.3311343014,32.43264458,20.60154166,26.51709312
10/29/1989,2.58,0,32.49251774,19.99109507,26.2418064
10/30/1989,2.39,3.55661658,32.81426169,19.05483566,25.93454868
10/31/1989,2.78,0.06666356163,29.98348476,18.8421249,24.41280483
11/1/1989,3.03,0,30.84987234,17.83935102,24.34461168
11/2/1989,2.82,0,30.54709922,16.9483842,23.74774171
11/3/1989,2.17,0,30.65541934,16.45851239,23.55696586
11/4/1989,2.35,0,30.90980787,16.61760901,23.76370844
11/5/1989,1.91,0,31.0252923,16.2992879,23.6622901
11/6/1989,2.07,0,30.37619583,15.32916063,22.85267823
11/7/1989,1.88,0,30.13445354,15.01380443,22.57412898
11/8/1989,1.75,0,30.17541979,14.73483501,22.4551274
11/9/1989,1.79,0,30.16277373,17.4797983,23.82128601
11/10/1989,1.58,0.003882307503,28.48052081,18.15832126,23.31942103
11/11/1989,1.92,0,30.87548276,19.11283669,24.99415972
11/12/1989,1.48,0,30.60071172,18.10857603,24.35464387
11/13/1989,1.48,0.03214550612,30.02974477,19.02780084,24.5287728
11/14/1989,1.38,0,28.44923475,20.24477209,24.34700342
11/15/1989,1.34,0.473984987,29.09232787,18.8794798,23.98590384
11/16/1989,1.12,0,31.36083982,18.88406014,25.12244998
11/17/1989,1.33,0,31.47697165,17.22193399,24.34945282
11/18/1989,1.23,0,31.53445315,16.67941511,24.10693413
11/19/1989,1.01,0,31.11709891,16.413549,23.76532396
11/20/1989,1.18,0,30.78813035,16.91199828,23.85006432
11/21/1989,1,0,30.9954836,16.6212221,23.80835285
11/22/1989,0.81,0,30.62071217,15.44567443,23.0331933
11/23/1989,0.89,0,30.71903206,14.45399599,22.58651403
11/24/1989,0.85,0,30.66909676,14.84748155,22.75828915
11/25/1989,0.81,0,30.60451678,15.88038217,23.24244948
11/26/1989,0.7,0,30.46800261,15.86109486,23.16454874
11/27/1989,0.7,0,30.61174313,15.36748105,22.98961209
11/28/1989,0.79,0,30.5618061,15.38561094,22.97370852
11/29/1989,0.81,0.145098262,30.42638705,15.84657823,23.13648264
11/30/1989,0.74,1.688403455,29.35064778,15.39122169,22.37093473
12/1/1989,0.73,0,28.89342241,14.96019106,21.92680673
12/2/1989,0.69,0,29.1116792,14.90296453,22.00732186
12/3/1989,0.93,0,28.68529215,14.75296491,21.71912853
12/4/1989,0.92,0,29.17903305,15.26296514,22.22099909
12/5/1989,1,0,28.81709968,14.65651463,21.73680715
12/6/1989,0.87,0,28.42890501,13.37489929,20.90190215
12/7/1989,0.89,0,27.84348537,12.09754548,19.97051543
12/8/1989,0.76,0,27.65258152,11.33489933,19.49374043
12/9/1989,0.73,0,27.66535563,11.83844857,19.7519021
12/10/1989,0.81,0,27.92342136,12.44935154,20.18638645
12/11/1989,0.76,0,28.00729028,13.6060572,20.80667374
12/12/1989,0.74,0,28.6470996,14.21238061,21.42974011
12/13/1989,0.52,0,28.09890509,13.38038217,20.73964363
12/14/1989,0.49,0,27.37613189,12.73916048,20.05764619
12/15/1989,0.46,0,26.85522812,12.32470808,19.5899681
12/16/1989,0.57,0,26.19071187,11.6838045,18.93725819
12/17/1989,0.57,0,25.61781042,10.52645058,18.0721305
12/18/1989,0.5,0,26.04703528,11.1503186,18.59867694
12/19/1989,0.5,0,27.05716338,12.16754518,19.61235428
12/20/1989,0.45,0,27.85167897,13.91767227,20.88467562
12/21/1989,0.45,0,28.78516449,15.57780007,22.18148228
12/22/1989,0.57,0,28.78522843,16.29573875,22.54048359
12/23/1989,0.57,0,29.76354938,16.54548283,23.15451611
12/24/1989,0.57,0,29.3517429,16.60019045,22.97596668
12/25/1989,0.45,0,29.02619562,16.92561177,22.9759037
12/26/1989,0.45,0,29.15619478,17.76657744,23.46138611
12/27/1989,0.45,0,26.84502665,16.31347534,21.57925099
12/28/1989,0.45,0,26.31438973,17.69412372,22.00425672
12/29/1989,0.39,0.001102709245,24.38594014,17.73038333,21.05816174
12/30/1989,0.34,4.909873123,28.21380432,19.10502688,23.6594156
12/31/1989,3.51,16.66721269,26.9280017,18.5447715,22.7363866
1/1/1990,2.79,5.692730214,26.59658853,18.84670524,22.72164689
1/2/1990,2.52,0.4781507336,27.41516556,18.21870278,22.81693417
1/3/1990,2.63,0.2341969816,28.14239122,17.49470815,22.81854969
1/4/1990,2.43,0,28.29871387,17.09638712,22.6975505
1/5/1990,2.21,0,28.57781124,16.31735386,22.44758255
1/6/1990,2.15,0,28.55148775,15.12741726,21.83945251
1/7/1990,1.68,0,28.66781139,14.36109486,21.51445313
1/8/1990,1.27,0,28.34678051,14.83767235,21.59222643
1/9/1990,1.21,0,27.97058451,15.29851254,21.63454853
1/10/1990,0.63,0,29.35871351,15.80586598,22.58228975
1/11/1990,0.57,0,29.45251873,14.76786368,22.1101912
1/12/1990,0.5,0,29.7689691,13.20231645,21.48564277
1/13/1990,0.45,0,30.23161593,12.28509025,21.25835309
1/14/1990,0.39,0,31.22871418,12.75225262,21.9904834
1/15/1990,0.34,0,31.66503751,13.05038224,22.35770988
1/16/1990,0.34,0,31.31961764,12.96792742,22.14377253
1/17/1990,0,0,29.78310385,13.14586613,21.46448499
1/18/1990,0,0,30.05858623,12.40321957,21.2309029
1/19/1990,0,0,31.22426171,12.44767287,21.83596729
1/20/1990,0,0,31.508841,12.34605697,21.92744898
1/21/1990,0,0,31.96451549,14.21592985,23.09022267
1/22/1990,0,0,31.67619524,13.78773618,22.73196571
1/23/1990,0,0,31.11793829,13.42225269,22.27009549
1/24/1990,0,0,31.40974567,13.88321998,22.64648282
1/25/1990,0,0,32.09613294,13.78670577,22.94141936
1/26/1990,0,0,32.31606832,13.3105735,22.81332091
1/27/1990,0,0,32.34690821,12.70760916,22.52725869
1/28/1990,0,0,32.40329286,13.16567461,22.78448373
1/29/1990,0,0,32.63239273,14.87748128,23.754937
1/30/1990,0,0,32.70148928,14.58302877,23.64225902
1/31/1990,0,0,32.99335885,15.35864005,24.17599945
2/1/1990,0,0,33.48245357,16.33941495,24.91093426
2/2/1990,0,0,33.30174349,16.07773614,24.68973982
2/3/1990,0,0,33.08625902,15.73876717,24.4125131
2/4/1990,0,0,33.45613008,16.63954223,25.04783616
2/5/1990,0,0,33.84258205,15.99954276,24.92106241
2/6/1990,0,0,33.84626081,16.34960708,25.09793394
2/7/1990,0,0,33.20883985,17.47212579,25.34048282
2/8/1990,0,0,32.38690913,17.8976097,25.14225941
2/9/1990,0,0,32.03697095,17.06489983,24.55093539
2/10/1990,0,0,32.62877947,18.97483574,25.8018076
2/11/1990,0,0,32.71251896,17.91309184,25.3128054
2/12/1990,0,0,32.02800225,18.63122233,25.32961229
2/13/1990,0,0,32.92245567,19.55677016,26.23961292
2/14/1990,0,0,33.65342107,19.44051046,26.54696576
2/15/1990,0,0,32.94354986,19.54135022,26.24245004
2/16/1990,0,0.03214550612,32.24915889,16.81444259,24.53180074
2/17/1990,0,0,32.15638659,17.68360222,24.91999441
2/18/1990,0,0,32.84103151,17.2297983,25.03541491
2/19/1990,0,0,31.7083205,15.65553708,23.68192879
2/20/1990,0,0,31.20477135,14.7518594,22.97831537
2/21/1990,0,0,31.57825723,13.93051031,22.75438377
2/22/1990,0,0,30.86909752,14.2076731,22.53838531
2/23/1990,0,0,31.58819352,15.20586655,23.39703004
2/24/1990,0,0,32.0762607,17.57160491,24.82393281
2/25/1990,0,0,33.20987121,17.32244429,25.26615775
2/26/1990,0,0,32.76354955,16.66147719,24.71251337
2/27/1990,0,0,32.72174201,17.05044713,24.88609457
2/28/1990,0,0,35.06728992,18.27683359,26.67206175
3/1/1990,0,0,35.17819368,20.46805538,27.82312453
3/2/1990,0,0,33.52922351,19.70263543,26.61592947
3/3/1990,0,0,33.91096536,17.77185986,25.84141261
3/4/1990,0,0,33.13728962,15.72431448,24.43080205
3/5/1990,0,0,32.76277394,18.33967087,25.5512224
3/6/1990,0,0,32.3701268,20.59257089,26.48134884
3/7/1990,0,0.09406988414,33.34367544,19.96631286,26.65499415
3/8/1990,0,0,34.83993778,19.23883111,27.03938444
3/9/1990,0,0,34.48632258,18.79773719,26.64202988
3/10/1990,0,0,34.56625856,20.2240603,27.39515943
3/11/1990,0,0,34.47232703,21.0631554,27.76774122
3/12/1990,0,0,33.87510071,19.88851278,26.88180674
3/13/1990,0,0,34.77148897,21.07405894,27.92277396
3/14/1990,0,0,35.4362575,19.25780038,27.34702894
3/15/1990,0,0,35.70161368,18.22489968,26.96325668
3/16/1990,0,0,35.98071279,18.72928821,27.3550005
3/17/1990,0,0,36.27064786,19.7885124,28.02958013
3/18/1990,0,0,35.89696982,21.73676873,28.81686928
3/19/1990,0,0,35.59793957,21.98302934,28.79048445
3/20/1990,0,0,36.05974529,22.6774184,29.36858184
3/21/1990,0,0,36.80348463,21.93857596,29.37103029
3/22/1990,0,0,37.59626081,23.05031909,30.32328995
3/23/1990,0,0,37.85361173,22.97567495,30.41464334
3/24/1990,0,0,36.48812921,20.24786409,28.36799665
3/25/1990,0,0,35.02464473,17.76979731,26.39722102
3/26/1990,0,0,34.25819204,16.951414,25.60480302
3/27/1990,0,0,36.36535466,18.70302865,27.53419165
3/28/1990,0,0,36.94987289,21.63838474,29.29412882
3/29/1990,0,0,36.70722694,22.38689622,29.54706158
3/30/1990,0,0,36.42535603,22.85780076,29.6415784
3/31/1990,0,0,37.18709861,22.16586572,29.67648217
4/1/1990,0,0,37.12174353,21.69244496,29.40709425
4/2/1990,0,0,37.36264488,20.63160455,28.99712472
4/3/1990,0,0,38.20999908,21.38038312,29.7951911
4/4/1990,0,0,37.46180571,19.07031955,28.26606263
4/5/1990,0,0,37.79987137,20.80044713,29.30015925
4/6/1990,0,0,38.29426158,23.05044713,30.67235435
4/7/1990,0,0,38.20516457,23.21593063,30.7105476
4/8/1990,0,0.0418088374,38.36697104,23.80006335,31.08351719
4/9/1990,0,0,38.40445209,22.62231739,30.51338474
4/10/1990,0,0,38.25264774,21.93128567,30.09196671
4/11/1990,0,0,39.06348642,23.13502566,31.09925604
4/12/1990,0,0,40.08806565,24.76857588,32.42832077
4/13/1990,0,0,39.96348447,26.05773568,33.01061008
4/14/1990,0,0,40.41548177,25.10038243,32.7579321
4/15/1990,0,0,40.18271008,24.41412303,32.29841655
4/16/1990,0,0,40.80264698,24.27573829,32.53919264
4/17/1990,0,0,40.79348596,25.54573875,33.16961235
4/18/1990,0,0,40.58787541,24.80012728,32.69400134
4/19/1990,0,0,41.41709815,25.72592913,33.57151364
4/20/1990,0,0,41.61535466,24.10683351,32.86109408
4/21/1990,0,0,40.81909655,23.58689699,32.20299677
4/22/1990,0,0,39.86277276,23.07405894,31.46841585
4/23/1990,0,0,40.54735496,23.71115831,32.12925664
4/24/1990,0,0,41.15445209,24.11651372,32.6354829
4/25/1990,0,0,41.7708381,24.76567413,33.26825611
4/26/1990,0,0,42.17071141,25.84676917,34.00874029
4/27/1990,0,0,41.63974365,25.28199739,33.46087052
4/28/1990,0,0,41.49251774,26.12935176,33.81093475
4/29/1990,0,0.007919907306,41.41167861,25.85947935,33.63557898
4/30/1990,0,0,40.93812997,25.91225246,33.42519122
5/1/1990,0,0.001708215301,39.07703597,24.9931557,32.03509584
5/2/1990,0,4.763256824,38.833359,24.02599421,31.42967661
5/3/1990,0,0.2413361575,38.72529289,24.68302819,31.70416054
5/4/1990,0,1.68904222,39.31348642,25.45296472,32.38322557
5/5/1990,0,0,39.38239273,26.08928882,32.73584077
5/6/1990,0,14.95657287,38.69606939,21.23819314,29.96713126
5/7/1990,0,0.0130537115,36.66142252,23.22496361,29.94319306
5/8/1990,0,0.001102709245,36.71135973,23.39039278,30.05087625
5/9/1990,0,0,36.49174247,24.21244368,30.35209307
5/10/1990,0,3.41081656,36.57123247,24.93832004,30.75477625
5/11/1990,0,4.328426399,33.30923346,22.93741673,28.12332509
5/12/1990,0,32.98664979,31.98014802,22.37884184,27.17949493
5/13/1990,0.5,10.97604903,29.74731083,21.96645016,25.8568805
5/14/1990,0.39,2.384097043,35.15052071,23.41218853,29.28135462
5/15/1990,0,0,37.02625765,24.31231619,30.66928692
5/16/1990,0,1.99165633,35.12890387,24.37302873,29.7509663
5/17/1990,0,10.3583955,36.60439048,24.2595429,30.43196669
5/18/1990,0,1.272732087,33.79632395,24.74870347,29.27251371
5/19/1990,0,0.01941153751,37.26716247,24.43979739,30.85347993
5/20/1990,0,3.470885953,35.2512871,24.59515452,29.92322081
5/21/1990,13.54,12.29391524,34.71451549,23.65038167,29.18244858
5/22/1990,4.32,11.47585028,35.06722755,23.13225369,29.09974062
5/23/1990,5.77,0.2081246633,34.72290124,23.55605709,29.13947917
5/24/1990,1.68,5.857734117,37.31741779,22.6951549,30.00628635
5/25/1990,7.78,7.452174199,36.08283601,22.78076479,29.4318004
5/26/1990,9.48,0,34.51477081,24.45076487,29.48276784
5/27/1990,2.52,0.3275564916,35.74735226,22.84515452,29.29625339
5/28/1990,0.93,1.657352411,34.45651404,24.02612034,29.24131719
5/29/1990,0.57,4.515402797,34.95302865,23.28528119,29.11915492
5/30/1990,0,1.73934615,33.31399478,23.75605768,28.53502623
5/31/1990,0,1.086050364,33.19025471,22.98521802,28.08773637
6/1/1990,1.48,1.241483445,31.44309253,23.10967133,27.27638193
6/2/1990,1.41,0.048080163,32.04857657,23.15702473,27.60280065
6/3/1990,1.55,0.3072132003,34.23760968,23.51328403,28.87544685
6/4/1990,1.85,3.815970695,34.84206253,23.75225262,29.29715757
6/5/1990,1.7,10.88186502,31.83174262,22.25573783,27.04374023
6/6/1990,23.43,18.51181313,33.05090272,22.30044713,27.67567493
6/7/1990,15.42,0.08959124059,30.72999954,22.94683349,26.83841652
6/8/1990,10.98,7.262807517,34.16735424,23.78599444,28.97667434
6/9/1990,73.97,17.33786587,34.33109522,22.29038297,28.31073909
6/10/1990,57.35,16.01788322,28.74258167,22.78586639,25.76422403
6/11/1990,12.04,20.65838569,28.38806662,22.52676948,25.45741805
6/12/1990,17.31,24.19384088,32.72554898,22.10025456,27.41290177
6/13/1990,17.52,15.66111931,30.72812898,21.73115877,26.22964387
6/14/1990,193.7,22.06477696,30.95161541,21.57470808,26.26316175
6/15/1990,104.4,10.06248353,30.29593999,22.18380364,26.23987181
6/16/1990,29.37,2.653429479,32.43457908,22.7474181,27.59099859
6/17/1990,15.61,9.815413329,28.086451,21.92580185,25.00612642
6/18/1990,15.57,9.546601395,26.92825761,22.1938678,24.56106271
6/19/1990,14.38,3.315639833,26.85006432,22.11922366,24.48464399
6/20/1990,71.74,14.85726944,29.29890585,22.3529004,25.82590312
6/21/1990,44.04,2.941002181,29.83354908,22.06941623,25.95148265
6/22/1990,14.92,0.4724660785,30.51903321,23.046706,26.7828696
6/23/1990,9.76,0,32.02709876,22.87128621,27.44919248
6/24/1990,8.6,1.650161879,31.73903252,22.48664243,27.11283747
6/25/1990,7.13,1.496440012,31.27348567,22.53664184,26.90506375
6/26/1990,7.58,2.74032235,30.17651509,22.33580187,26.25615848
6/27/1990,7.53,2.747143359,31.67541979,22.57844921,27.1269345
6/28/1990,6.92,0.3620425742,31.11716302,23.43483482,27.27599892
6/29/1990,6.13,5.851516704,29.9172262,23.03941572,26.47832096
6/30/1990,4.21,0,31.88645024,22.92935117,27.4079007
7/1/1990,4.62,0.01568746953,31.02296441,23.2240603,27.12351235
7/2/1990,3.97,0.09381293738,31.4608402,23.3511577,27.40599895
7/3/1990,3.85,0.4364625003,30.63103052,23.09489878,26.86296465
7/4/1990,3.8,0.01195750711,28.87019091,22.99296563,25.93157827
7/5/1990,3.58,0.06227221235,30.67987226,22.37386811,26.52687018
7/6/1990,3.29,0.08618722657,31.53264652,22.75025592,27.14145122
7/7/1990,2.77,4.802289291,31.4381939,23.45664191,27.44741791
7/8/1990,3.2,2.289762501,30.80432557,22.75573783,26.7800317
7/9/1990,3.49,6.046307829,29.57354885,21.94664168,25.76009526
7/10/1990,3.43,0.2337795175,31.15477194,22.559416,26.85709397
7/11/1990,3.68,0.3788134715,32.45548268,23.19670562,27.82609415
7/12/1990,2.54,1.364670047,30.94000053,22.78283677,26.86141865
7/13/1990,2.67,0.3159012469,28.99232766,22.39838497,25.69535632
7/14/1990,2.62,1.960440134,30.9280658,22.2519345,26.59000015
7/15/1990,3.31,8.890359802,30.39064852,21.93290032,26.16177442
7/16/1990,3.68,11.62827731,29.35903336,22.02561042,25.69232189
7/17/1990,5.23,4.840448645,30.24354892,22.11115793,26.17735343
7/18/1990,4.48,5.641348305,29.66793753,22.01483475,25.84138614
7/19/1990,3.8,2.53916792,30.99535555,21.97580299,26.48557927
7/20/1990,4.28,7.364800069,30.43529215,22.68302819,26.55916017
7/21/1990,4.18,8.753174198,29.18806603,21.51657744,25.35232174
7/22/1990,4.48,6.303458757,27.84961833,22.02838413,24.93900123
7/23/1990,5.55,7.18134191,29.94064793,22.34561185,26.14312989
7/24/1990,5.83,12.08956244,26.77180709,21.15567525,23.96374117
7/25/1990,6.68,0.5631632202,27.05212572,21.09477074,24.07344823
7/26/1990,5.95,2.103387597,30.10077565,20.98302934,25.5419025
7/27/1990,3.32,0,31.32903267,21.28393189,26.30648228
7/28/1990,3.57,0,31.22735371,21.75941503,26.49338437
7/29/1990,3.18,0.001603940721,30.65812928,21.92031819,26.28922374
7/30/1990,3.1,1.072641876,31.66193435,22.25941503,26.96067469
7/31/1990,2.63,0.07952123255,31.24722612,22.36947958,26.80835285
8/1/1990,2.18,0,32.10373978,22.38038312,27.24206145
8/2/1990,2.44,0.01313226465,31.96180571,22.60489884,27.28335228
8/3/1990,2.07,0,31.83470831,22.52322033,27.17896432
8/4/1990,1.98,0.5682608777,32.10096746,22.0966413,27.09880438
8/5/1990,1.9,0.03296056877,32.23825708,22.52393166,27.38109437
8/6/1990,1.66,1.781366366,32.94290211,23.21315692,28.07802952
8/7/1990,14.84,27.21970629,32.92102953,21.69741695,27.30922324
8/8/1990,10.18,0.03817699102,29.67361316,22.28115801,25.97738559
8/9/1990,5.67,0.5350490315,29.74270972,21.9311578,25.83693376
8/10/1990,4.94,6.467120998,29.8219983,21.88019114,25.85109472
8/11/1990,6.17,1.545112955,31.23632258,22.71489945,26.97561101
8/12/1990,3.9,5.918632934,31.51722658,22.17296403,26.8450953
8/13/1990,66.83,51.3203053,28.65432595,21.58103111,25.11767853
8/14/1990,24.96,35.74427535,25.6533587,21.24928866,23.45132368
8/15/1990,44.98,10.36111148,25.1869068,21.58832157,23.38761418
8/16/1990,1678,85.51013916,24.5758128,21.47825702,23.02703491
8/17/1990,103.45,13.98628179,24.70361385,21.36380394,23.0337089
8/18/1990,34.07,2.364396414,28.71928798,21.81302926,25.26615862
8/19/1990,32.39,0.5534756249,29.43987249,22.02664161,25.73325705
8/20/1990,34.56,22.05307395,28.00703437,21.93380364,24.970419
8/21/1990,34.56,22.46963364,26.56942566,21.60832012,24.08887289
8/22/1990,30.68,5.851996479,28.6287779,21.90754582,25.26816186
8/23/1990,26.1,0.9690819243,26.57858669,21.97386849,24.27622759
8/24/1990,39.43,3.967473895,29.2020614,21.35386765,25.27796453
8/25/1990,21.68,0.03214550612,29.83722627,21.53664184,25.68693405
8/26/1990,18.01,0,31.13186973,21.90851133,26.52019053
8/27/1990,15.99,0,30.72529289,22.09586603,26.41057946
8/28/1990,15.42,1.809489967,29.88806662,22.02025464,25.95416063
8/29/1990,19.61,25.62440757,27.80135988,21.30109453,24.55122721
8/30/1990,104.2,48.23611644,23.95335794,21.10206102,22.52770948
8/31/1990,46.74,13.52521611,25.93283812,21.48122271,23.70703041
9/1/1990,30.31,2.430882565,29.12915995,21.41851156,25.27383576
9/2/1990,36.06,0.9929296042,30.71071233,21.60218906,26.1564507
9/3/1990,20.13,1.776058322,30.88800269,21.6994795,26.29374109
9/4/1990,15.73,0.7170707015,30.1425832,22.32489832,26.23374076
9/5/1990,13.82,10.09348683,29.17877714,21.83748219,25.50812966
9/6/1990,42.71,9.332917891,28.84993645,21.62115816,25.2355473
9/7/1990,79.42,3.370099282,29.51167882,21.98767205,25.74967543
9/8/1990,18.26,0.02565181994,30.09987234,22.10309238,26.10148236
9/9/1990,19.7,4.250971281,30.31451604,21.61857626,25.96654615
9/10/1990,15.37,0,30.87999916,21.7513493,26.31567423
9/11/1990,13.89,0,31.03083989,22.07586557,26.55335273
9/12/1990,12.59,0,30.99264578,22.12773711,26.56019145
9/13/1990,11.12,0,31.04806647,22.50315593,26.7756112
9/14/1990,9.94,0.2212497301,30.55626007,21.96954389,26.26290198
9/15/1990,10.28,0,31.49354892,22.53586639,27.01470766
9/16/1990,8.41,0,32.03632181,22.38315683,27.20973932
9/17/1990,7.71,0,32.08625902,22.43231686,27.25928794
9/18/1990,7.04,0,32.51354955,22.15225224,27.33290089
9/19/1990,7.56,0,32.19548436,22.20683372,27.20115904
9/20/1990,6.32,0,31.63877813,21.27580223,26.45729018
9/21/1990,5.12,0,32.3036125,22.08754439,27.19557844
9/22/1990,4.55,0.02608910642,33.26096731,22.53399583,27.89748157
9/23/1990,4.1,0,33.76651507,22.8339313,28.30022318
9/24/1990,3.88,3.958662904,32.32264744,21.59296411,26.95780577
9/25/1990,4.61,7.966011069,30.70367605,21.92025426,26.31196515
9/26/1990,7.29,1.665094989,29.56025538,22.23031939,25.89528739
9/27/1990,6.28,3.686118627,29.96012713,22.35489884,26.15751298
9/28/1990,6.39,2.903832112,31.24651478,22.49309177,26.86980328
9/29/1990,4.58,1.48393095,30.43000031,22.21573883,26.32286957
9/30/1990,5.65,11.92643557,29.0890329,22.19019061,25.63961175
10/1/1990,8.11,2.456773472,29.41142443,21.55277312,25.48209877
10/2/1990,12.92,12.85745699,28.79142359,21.11838428,24.95490393
10/3/1990,21.31,14.38326165,27.7702017,21.32096695,24.54558432
10/4/1990,13.57,2.485757189,29.71535677,21.51489868,25.61512773
10/5/1990,9.36,0.04428064074,30.3289048,21.36393181,25.84641831
10/6/1990,7.38,0.08552183178,31.01806596,21.15109491,26.08458043
10/7/1990,7.42,6.149802152,30.75077527,21.78729097,26.26903312
10/8/1990,10,13.38136994,27.53709899,21.73290129,24.63500014
10/9/1990,35.56,9.599667362,28.38258297,22.39483582,25.38870939
10/10/1990,16.14,0.3370069299,29.82625879,21.84025433,25.83325656
10/11/1990,11.25,0,30.73374067,22.60941541,26.67157804
10/12/1990,11.25,7.336021548,30.80464368,21.697545,26.25109434
10/13/1990,10.71,1.070162363,29.94373993,20.765802,25.35477096
10/14/1990,9.71,0.001303201836,29.07019167,20.71851271,24.89435219
10/15/1990,8.21,0,30.17264591,20.00315593,25.08790092
10/16/1990,7.23,0,30.66625894,19.08231648,24.87428771
10/17/1990,7.36,0,30.72884222,16.66386885,23.69635553
10/18/1990,5.65,0,30.80522888,17.48967049,24.14744968
10/19/1990,4.7,0,30.89064852,16.68302819,23.78683836
10/20/1990,4.15,0,30.90619478,17.19567443,24.05093461
10/21/1990,3.9,0,30.71071233,17.33187049,24.02129141
10/22/1990,3.15,0,30.5051638,17.92225269,24.21370825
10/23/1990,2.79,0,30.47161587,19.96115831,25.21638709
10/24/1990,2.65,0,30.42877714,20.93296426,25.6808707
10/25/1990,19.52,56.98222635,27.8441345,20.51361332,24.17887391
10/26/1990,16.52,2.775696746,27.12529251,20.74096702,23.93312977
10/27/1990,1040,60.5431146,27.57664258,20.47922427,24.02793342
10/28/1990,45.56,0.3950117588,27.51458057,20.641998,24.07828928
10/29/1990,17.27,0,28.66535563,20.08374106,24.37454834
10/30/1990,15.14,0,29.77161511,20.48386872,25.12774191
10/31/1990,14.85,0,30.44806609,20.86103006,25.65454808
11/1/1990,12.82,0.3804604203,29.35458072,20.09819375,24.72638724
11/2/1990,10.64,0,29.31071271,16.44851225,22.87961248
11/3/1990,9.36,0,28.60529223,15.65109483,22.12819353
11/4/1990,8.41,0,28.25167859,17.51870392,22.88519125
11/5/1990,9.55,0,29.21716323,19.93141354,24.57428839
11/6/1990,7.42,0,30.1761313,19.8939325,25.0350319
11/7/1990,7.37,0,30.90071269,20.02412364,25.46241817
11/8/1990,5.93,0,30.63258297,18.24670486,24.43964391
11/9/1990,5.75,0,30.43167889,16.76651524,23.59909707
11/10/1990,4.74,0,30.37071217,16.40657857,23.38864537
11/11/1990,4.58,0.000009294978809,30.18890524,15.12573867,22.65732196
11/12/1990,4.27,0,29.76251819,14.26573893,22.01412856
11/13/1990,3.99,0,28.50148851,15.18231686,21.84190269
11/14/1990,3.53,0,30.03161534,19.08496249,24.55828891
11/15/1990,3.13,0.05278759576,30.18516411,21.35206102,25.76861256
11/16/1990,2.56,1.356316939,29.84516396,20.83374106,25.33945251
11/17/1990,3.4,0,30.86516441,20.98115877,25.92316159
11/18/1990,3.53,0.1823788146,31.25980825,20.84941518,26.05461172
11/19/1990,3.48,0,30.49426217,20.02096771,25.25761494
11/20/1990,2.95,0,30.58890486,17.3509037,23.96990428
11/21/1990,2.74,0,29.3289048,15.70212542,22.51551511
11/22/1990,2.54,0,28.82342271,15.84586594,22.33464433
11/23/1990,2.8,0,28.86432503,18.73212602,23.79822553
11/24/1990,2.55,0,29.26400671,20.2493526,24.75667965
11/25/1990,2.25,0.4615850251,28.61871357,20.25735422,24.43803389
11/26/1990,2.51,0,29.95148737,19.70825656,24.82987197
11/27/1990,2.01,0,29.68148708,19.90193412,24.7917106
11/28/1990,1.74,0,29.57148821,19.50283782,24.53716301
11/29/1990,1.78,0,31.00245403,18.00554776,24.5040009
11/30/1990,1.6,0,31.59335733,18.5183217,25.05583951
12/1/1990,1.63,0,31.78426117,18.69832027,25.24129072
12/2/1990,1.58,0,31.43419686,19.01561193,25.22490439
12/3/1990,1.23,0,31.10148716,18.61729089,24.85938903
12/4/1990,1.22,0,29.82148821,18.09632319,23.9589057
12/5/1990,1.2,0,29.58697209,19.07651471,24.3317434
12/6/1990,1.09,0,27.47161587,17.79676994,22.6341929
12/7/1990,1.09,0,29.79890585,18.00928889,23.90409737
12/8/1990,1.37,0,29.49426217,18.40199823,23.9481302
12/9/1990,1.3,0,29.11329385,17.95554662,23.53442023
12/10/1990,1.3,0,29.3988423,17.94025471,23.6695485
12/11/1990,1.3,0,30.09619531,17.78019076,23.93819304
12/12/1990,1.3,0,28.85980863,16.83193443,22.84587153
12/13/1990,1.3,0,28.30167973,13.61302859,20.95735416
12/14/1990,1.24,0,27.52896933,13.23399572,20.38148252
12/15/1990,1.24,0,27.91529169,13.98302847,20.94916008
12/16/1990,1.18,0,27.88161572,13.90361279,20.89261426
12/17/1990,1.35,0,27.9280017,12.9836128,20.45580725
12/18/1990,1.34,0,28.10896925,12.90077584,20.50487255
12/19/1990,1.11,0,28.59716256,14.31386856,21.45551556
12/20/1990,0.79,0,28.08161457,15.78238031,21.93199744
12/21/1990,0,0,27.73348476,15.16225246,21.44786861
12/22/1990,0,0,28.55793883,15.05218887,21.80506385
12/23/1990,0,0,28.18709861,14.05218887,21.11964374
12/24/1990,0,0,27.78709899,13.11418686,20.45064293
12/25/1990,0,0,27.76071156,12.81773678,20.28922417
12/26/1990,0,0,28.03071202,13.65941552,20.84506377
12/27/1990,0,0,29.03426117,12.93477176,20.98451647
12/28/1990,1.06,0,28.13787482,12.56657841,20.35222662
12/29/1990,1.06,0,28.38703544,13.18657839,20.78680691
12/30/1990,0.79,0,28.45432519,14.35212504,21.40322511
12/31/1990,0.79,0,29.42445254,16.54057313,22.98251283
1/1/1991,0,0.135570178,28.8219983,14.642954,21.73247615
1/2/1991,0,0,27.7890976,11.05341108,19.42125434
1/3/1991,0.89,0,25.91458036,9.983156428,17.94886839
1/4/1991,1,0,23.96735348,9.951541091,16.95944728
1/5/1991,0.86,0,26.23083892,10.59115843,18.41099868
1/6/1991,0.89,0,28.16709832,14.90496305,21.53603069
1/7/1991,0.89,0,28.82606872,18.4009557,23.61351221
1/8/1991,0.84,0,29.61251858,17.80889491,23.71070674
1/9/1991,0,0,29.37451724,17.68173166,23.52812445
1/10/1991,0.84,0,30.78000069,16.72986224,23.75493146
1/11/1991,0.89,0,30.48561124,16.22902286,23.35731705
1/12/1991,0.84,0,30.58199836,16.43089237,23.50644536
1/13/1991,0.79,0,29.74309177,13.80895885,21.77602531
1/14/1991,0,0,28.51922501,14.7226358,21.62093041
1/15/1991,0,0,28.58167851,15.95883051,22.27025451
1/16/1991,0,0,28.94619552,16.54309283,22.74464417
1/17/1991,0,0,30.53793837,17.16374098,23.85083967
1/18/1991,0,0,30.56619636,17.92031819,24.24325728
1/19/1991,0,0,30.42167866,18.19141377,24.30654622
1/20/1991,0,0,29.39464384,17.06431463,23.22947923
1/21/1991,0,0,30.17993637,17.10954328,23.64473983
1/22/1991,0,0,31.06903244,17.75941503,24.41422374
1/23/1991,0,0,31.43619547,17.96406007,24.70012777
1/24/1991,0,0,31.66896889,18.07851141,24.87374015
1/25/1991,0,0,31.70613182,17.82103088,24.76358135
1/26/1991,0,0,31.29529259,17.11374001,24.2045163
1/27/1991,0,0,31.3334212,15.75729028,23.54535574
1/28/1991,0,0,32.01535584,15.13909703,23.57722643
1/29/1991,0,0,32.6854202,14.06554723,23.37548371
1/30/1991,0,0,32.81361429,13.92548382,23.36954905
1/31/1991,0,0,32.29071034,15.31405958,23.80238496
2/1/1991,0,0,32.46348447,15.60044637,24.03196542
2/2/1991,0,0,32.88548299,14.92586587,23.90567443
2/3/1991,0,0,31.5858658,13.3677361,22.47680095
2/4/1991,0,0.04389927927,30.76645113,12.92115835,21.84380474
2/5/1991,0,0,31.4381939,14.09399538,22.76609464
2/6/1991,0,0,32.52432662,16.81605724,24.67019193
2/7/1991,0,0,32.56703383,18.14509,25.35606192
2/8/1991,0,0,32.87155329,18.69309253,25.78232291
2/9/1991,0,0,33.1925185,19.18128567,26.18690209
2/10/1991,0,0,33.76722484,19.68212505,26.72467495
2/11/1991,0,0,34.43999863,19.63050926,27.03525394
2/12/1991,0,0,34.94096761,18.46315692,26.70206227
2/13/1991,0,0,34.12019265,17.60502688,25.86260976
2/14/1991,0,0,34.45109415,17.1906385,25.82086633
2/15/1991,0,0,34.22657653,17.18315624,25.70486638
2/16/1991,0,0,34.81470802,17.88895877,26.3518334
2/17/1991,0,0,35.04657969,18.13186029,26.58921999
2/18/1991,0,0,34.20218754,16.88082911,25.54150832
2/19/1991,0,0,32.32748196,15.93257104,24.1300265
2/20/1991,0,0,34.57090318,18.60502688,26.58796503
2/21/1991,0,0,34.40987198,19.84128552,27.12557875
2/22/1991,0,0,34.27903326,19.456386,26.86770963
2/23/1991,0,0,34.27896777,18.04355007,26.16125892
2/24/1991,0,0,34.71438762,16.97380438,25.844096
2/25/1991,0,0,34.99632471,19.74225239,27.36928855
2/26/1991,0,0,35.22071065,20.92870377,28.07470721
2/27/1991,0,0,34.41277199,18.82521817,26.61899508
2/28/1991,0,0,33.84645106,19.5480553,26.69725318
3/1/1991,0,0,34.31903418,18.12895854,26.22399636
3/2/1991,0,0,34.72741764,19.20496315,26.9661904
3/3/1991,0,0,35.47516502,21.14509,28.31012751
3/4/1991,0,0.5061888502,35.47968143,21.19393174,28.33680658
3/5/1991,0,0,35.52077573,21.33727904,28.42902738
3/6/1991,0,0,35.5719342,20.00883157,27.79038288
3/7/1991,0,0,35.68935123,19.86515324,27.77725224
3/8/1991,0,0,35.81025365,20.09437752,27.95231558
3/9/1991,0,0,36.47258312,21.78521726,29.12890019
3/10/1991,0,1.129606099,36.59774586,22.64696039,29.62235312
3/11/1991,0,0.06764699282,37.07703597,22.47063728,29.77383663
3/12/1991,0,0.03564517885,37.23077481,20.62612072,28.92844777
3/13/1991,0,0,37.55277485,20.66876748,29.11077117
3/14/1991,0,0,37.42380514,20.58057395,29.00218955
3/15/1991,0,0,37.98380305,20.88599308,29.43489806
3/16/1991,0,0,37.97367651,21.37128621,29.67248136
3/17/1991,0,0,38.33529351,22.10109377,30.21819364
3/18/1991,0,0,38.8225816,22.97748158,30.90003159
3/19/1991,0,0,38.97083886,22.70754523,30.83919205
3/20/1991,0,0,39.52825799,22.63193383,31.08009591
3/21/1991,0,0.05602408704,39.10477096,25.04141415,32.07309256
3/22/1991,0,0.2342602502,38.33102938,22.03431394,30.18267166
3/23/1991,0,0,37.01006416,21.46173235,29.23589826
3/24/1991,0,0,37.66935077,20.67895778,29.17415427
3/25/1991,0,0,36.29935184,20.65063759,28.47499471
3/26/1991,0,0,36.57367845,21.01431539,28.79399692
3/27/1991,0,0,37.76884123,22.88128643,30.32506383
3/28/1991,0,0,38.40167994,22.97290124,30.68729059
3/29/1991,0,0,38.72793717,23.74270972,31.23532344
3/30/1991,0,0,39.28445315,22.86800223,31.07622769
3/31/1991,0,0,39.83348688,24.26800185,32.05074436
4/1/1991,0,0.4938342144,40.35651522,24.51393143,32.43522333
4/2/1991,0,0.8539752551,40.01277394,25.64012743,32.82645069
4/3/1991,0,2.868094207,39.26399554,23.44883036,31.35641295
4/4/1991,0,0.4736801599,38.29399432,22.43916115,30.36657774
4/5/1991,0,4.985054308,35.23606683,21.11941564,28.17774124
4/6/1991,0,3.373159446,35.68451671,21.09386742,28.38919206
4/7/1991,0,0.0160658523,32.19567443,18.91780023,25.55673733
4/8/1991,0,0.000001537772229,34.97174201,21.13225369,28.05199785
4/9/1991,0,0,36.43728885,21.64851284,29.04290085
4/10/1991,0,0,37.37277455,23.22618504,30.29947979
4/11/1991,0,0,37.64374052,22.16670493,29.90522273
4/12/1991,0,0,38.2564509,22.28935161,30.27290126
4/13/1991,0,0,39.03090227,24.38489952,31.70790089
4/14/1991,0,0.7170943063,39.46819459,24.88309289,32.17564374
4/15/1991,0,0,39.33277363,25.77676948,32.55477156
4/16/1991,0,0,40.16541974,25.34206079,32.75374026
4/17/1991,0,0,40.57277531,25.68651358,33.12964445
4/18/1991,0,0,41.23096853,24.65386879,32.94241866
4/19/1991,0,0,40.97258312,26.1951549,33.58386901
4/20/1991,0,0.453363559,41.00180663,23.59696115,32.29938389
4/21/1991,0,0,39.84812982,24.64134886,32.24473934
4/22/1991,0,0.00001947844824,40.87084005,24.45941579,32.66512792
4/23/1991,0,0,39.86728916,24.56580314,32.21654615
4/24/1991,0,0,40.26174292,24.55754544,32.40964418
4/25/1991,0,0.000004203244094,39.88903387,26.03580246,32.96241817
4/26/1991,0,0,40.83090497,26.31483589,33.57287043
4/27/1991,0,2.896329728,40.04968112,24.54676994,32.29822553
4/28/1991,0,0,39.63980915,25.83386893,32.73683904
4/29/1991,0,0,40.52903326,25.6003185,33.06467588
4/30/1991,0,0,41.69373976,26.19967148,33.94670562
5/1/1991,0,0,41.86283825,26.14986231,34.00635028
5/2/1991,0,0,41.69102999,24.79360283,33.24231641
5/3/1991,0,0,39.96063879,24.3687665,32.16470265
5/4/1991,0,0,40.95038091,26.12792735,33.53915413
5/5/1991,0,0,41.55302747,27.00154128,34.27728438
5/6/1991,0,0,41.15038167,27.97341116,34.56189642
5/7/1991,0,0,41.32057355,27.41727896,34.36892626
5/8/1991,0,0,41.31160312,26.98463282,34.14811797
5/9/1991,0,0,42.337151,27.27360238,34.80537669
5/10/1991,0,0,42.38973595,27.2771517,34.83344383
5/11/1991,0,0.09643651837,41.43038426,25.88586677,33.65812552
5/12/1991,0,0.000001469426797,39.67690657,24.85599413,32.26645035
5/13/1991,0,0.0000003758998783,40.98187202,26.23444258,33.6081573
5/14/1991,0,1.597973803,41.43664145,25.76683336,33.60173741
5/15/1991,0,0,40.92367727,26.15496218,33.53931973
5/16/1991,0,0,41.68367559,27.0839313,34.38380345
5/17/1991,0,0.0000003758998783,42.57651297,26.88948003,34.7329965
5/18/1991,0,0.7086810228,42.54670409,28.03902232,35.29286321
5/19/1991,0,0,40.34580366,26.32057373,33.33318869
5/20/1991,0,0,42.29903372,27.44250733,34.87077053
5/21/1991,0,0,42.17218876,27.90767213,35.03993044
5/22/1991,0,0.04487947473,42.95754505,27.67090339,35.31422422
5/23/1991,0,0,40.42045567,25.91573768,33.16809668
5/24/1991,0,0,42.10857447,27.10089253,34.6047335
5/25/1991,0,0,42.5397995,27.45070093,34.99525022
5/26/1991,0,0,41.42812013,28.00095608,34.71453811
5/27/1991,0,0.8954036103,42.83290185,24.7930288,33.81296533
5/28/1991,0,2.098885074,37.81980945,26.35708752,32.08844848
5/29/1991,0,2.418104693,41.06832094,27.01895793,34.04363943
5/30/1991,0,0,40.97218799,26.75290175,33.86254487
5/31/1991,0,0,41.01180495,26.9557386,33.98377177
6/1/1991,0,0,43.41638525,27.08315586,35.24977055
6/2/1991,0,0,41.29974349,26.89935222,34.09954786
6/3/1991,0,1.066364732,40.87613207,26.38935199,33.63274203
6/4/1991,0,0.6161976314,40.5051638,27.21328306,33.85922343
6/5/1991,0,0.7341251238,40.46174369,25.83676912,33.1492564
6/6/1991,0,0.2407280765,38.92535603,24.57586557,31.7506108
6/7/1991,0,20.20288256,32.78174338,23.20741718,27.99458028
6/8/1991,0,2.077808784,31.13960617,23.67044606,27.40502612
6/9/1991,0,0.2755573226,30.92244467,23.25218868,27.08731668
6/10/1991,0,9.709337533,29.85154166,22.11502711,25.98328439
6/11/1991,0,3.564647482,26.67180671,21.99922473,24.33551572
6/12/1991,0,29.5920218,30.55522888,21.32728998,25.94125943
6/13/1991,0,0.9899635654,32.11438914,23.3446446,27.72951687
6/14/1991,0,0.5096519029,32.99903448,23.9829654,28.49099994
6/15/1991,0,0.5945353972,33.50812966,23.96748135,28.73780551
6/16/1991,0,0.08853539603,35.31122263,24.3529004,29.83206152
6/17/1991,0,0.0000005467634594,34.78477127,23.83309192,29.30893159
6/18/1991,0,0,34.72935214,24.16025576,29.44480395
6/19/1991,0,0,34.60593019,23.53115801,29.0685441
6/20/1991,0,1.399027919,33.78670577,23.11922366,28.45296472
6/21/1991,0,0.2006838889,34.55573724,23.84302821,29.19938273
6/22/1991,0,3.161853448,34.99102922,23.81832111,29.40467517
6/23/1991,0,14.58254971,33.85781002,23.11283669,28.48532336
6/24/1991,0,12.77743628,29.45619575,23.58405917,26.52012746
6/25/1991,0,2.215119341,31.87548276,23.14935222,27.51241749
6/26/1991,0,0,33.24922473,23.63038312,28.43980392
6/27/1991,0,0.00001377160463,34.66025559,23.17283789,28.91654674
6/28/1991,14.96,8.441463574,33.1117414,23.63735355,28.37454747
6/29/1991,3.48,22.58176868,32.32735409,22.84760855,27.58748132
6/30/1991,2.51,0.6837882401,32.68916133,22.77302835,27.73109484
7/1/1991,2.82,3.833978121,31.09832162,22.71677001,26.90754582
7/2/1991,1.64,6.839845876,32.03025469,22.32657864,27.17841667
7/3/1991,1.02,2.996091492,33.22748001,22.65483604,27.94115803
7/4/1991,0,7.420402183,32.47573888,22.5883855,27.53206219
7/5/1991,1.78,27.02161316,29.38174359,21.32283751,25.35229055
7/6/1991,25.7,19.14913975,28.86245464,21.59180678,25.22713071
7/7/1991,8.72,9.56523558,30.28077596,22.53374008,26.40725802
7/8/1991,11.36,16.07489424,30.8225816,22.05645031,26.43951596
7/9/1991,33.89,37.66934778,29.92006401,22.39386856,26.15696629
7/10/1991,36.88,20.30813199,30.30167973,21.93561027,26.118645
7/11/1991,215.9,22.49569721,29.27290047,21.30844875,25.29067461
7/12/1991,171.43,61.44685302,30.10844816,22.06109476,26.08477146
7/13/1991,36.16,1.38347863,27.9892245,21.96283707,24.97603079
7/14/1991,10.96,0.1894276206,29.2865779,22.02567436,25.65612613
7/15/1991,9.59,3.759552663,30.697545,22.09561185,26.39657842
7/16/1991,14.7,0.1187986096,29.88445354,22.66741817,26.27593586
7/17/1991,11.65,6.578218253,29.91754431,22.36019068,26.1388675
7/18/1991,12.62,0.2378568173,27.62813033,22.46019106,25.0441607
7/19/1991,12.15,1.039492251,30.87386811,22.3238687,26.5988684
7/20/1991,11.95,0.048080163,31.35928737,22.23206209,26.79567473
7/21/1991,9.46,0.000003827344216,30.6710952,22.26025441,26.4656748
7/22/1991,9.26,0.2888924119,29.93103149,22.24657872,26.08880511
7/23/1991,7.79,0.5234262955,31.27941549,22.2247718,26.75209365
7/24/1991,7.42,0.1321855948,30.52928744,22.92025426,26.72477085
7/25/1991,7.97,1.322409541,30.41206239,22.35386765,26.38296502
7/26/1991,6.21,0.1453366148,31.63825687,22.47386849,27.05606268
7/27/1991,5.25,1.380862539,31.48038333,22.30302903,26.89170618
7/28/1991,5.49,4.355013921,30.18399562,22.14657834,26.16528698
7/29/1991,6.12,15.31700934,29.83735414,22.33199836,26.08467625
7/30/1991,5.95,0.01042561468,28.22077649,22.40283744,25.31180696
7/31/1991,5.24,0,28.83825746,22.09832162,25.46828954
8/1/1991,5.24,0,31.68464475,21.77386773,26.72925624
8/2/1991,4.18,0.1321855948,32.80380621,22.71128636,27.75754629
8/3/1991,3.33,0.9413474492,32.09567579,22.80218965,27.44893272
8/4/1991,4.55,7.334254054,32.06174216,23.32838527,27.69506372
8/5/1991,3.18,0.06941623909,30.33445239,22.66296571,26.49870905
8/6/1991,3.77,1.28114123,27.82716211,21.95025477,24.88870844
8/7/1991,4.99,4.448392233,29.2644527,21.84115765,25.55280517
8/8/1991,4.81,7.928197674,27.9198081,21.48748181,24.70364495
8/9/1991,12.08,11.98592974,30.09103134,21.80922419,25.95012777
8/10/1991,11.21,0.01866893068,31.09903313,21.70664191,26.40283752
8/11/1991,7.26,0.08708732047,32.01825603,21.79206155,26.90515879
8/12/1991,5.48,1.592772815,32.11083825,22.17212482,27.14148154
8/13/1991,4.8,0.8415599265,31.11980886,22.21470747,26.66725816
8/14/1991,4.42,0.05607645553,29.67064748,22.41748211,26.04406479
8/15/1991,3.56,0.007454030406,31.99438847,22.01122166,27.00280507
8/16/1991,3.13,0.03575795103,29.84594113,21.91193435,25.87893774
8/17/1991,2.6,0.963372085,27.08625902,21.92006401,24.50316152
8/18/1991,2.94,10.5186092,28.79980917,21.6956105,25.24770983
8/19/1991,5.06,0.1067571406,28.37174336,22.08573776,25.22874056
8/20/1991,3.56,0.1024316516,30.48903252,21.76103142,26.12503197
8/21/1991,4.92,9.281756593,30.34090347,21.56657841,25.95374094
8/22/1991,4.37,4.916069485,30.48728983,21.84218883,26.16473933
8/23/1991,4.76,2.78614022,31.06535525,22.28844847,26.67690186
8/24/1991,4.92,0.04534535163,30.31909638,22.20928775,26.26419206
8/25/1991,3.67,1.33901401,30.31103082,21.86748114,26.08925598
8/26/1991,2.6,1.589525413,31.0246449,21.53115801,26.27790146
8/27/1991,2.46,1.638441021,30.6054201,21.30212572,25.95377291
8/28/1991,2.09,0,30.5081936,21.18832004,25.84825682
8/29/1991,1.74,0,30.68077558,21.65489825,26.16783691
8/30/1991,1.58,0.533992089,31.23709802,21.75399531,26.49554667
8/31/1991,0,0,31.22283713,21.99676896,26.60980305
9/1/1991,0,0.2028689283,32.15373902,21.50580177,26.82977039
9/2/1991,0,0,32.49012608,22.41670493,27.45341551
9/3/1991,0,0,32.65109491,22.30580291,27.47844891
9/4/1991,0,0.192320652,32.10290213,22.6377356,27.37031887
9/5/1991,0,2.200854453,32.44458087,23.08321979,27.76390033
9/6/1991,0,3.070097715,31.29638615,22.47599306,26.88618961
9/7/1991,0,0,32.08470831,21.97580299,27.03025565
9/8/1991,0,0,31.81844898,21.71689615,26.76767256
9/9/1991,0,0,32.36206298,22.28528119,27.32367209
9/10/1991,0,0,32.56580141,22.1515409,27.35867115
9/11/1991,0,0,32.67283616,22.18599405,27.42941511
9/12/1991,0,0,32.98289956,22.51593004,27.7494148
9/13/1991,0,0,33.43367559,22.24954284,27.84160922
9/14/1991,0,0,34.10922534,22.13212564,28.12067549
9/15/1991,0,0,34.782127,23.03025469,28.90619084
9/16/1991,0,0,34.24218845,23.02941549,28.63580197
9/17/1991,0,8.915530126,33.69315473,22.67573791,28.18444632
9/18/1991,0,0.1993969878,33.16044583,22.12573867,27.64309225
9/19/1991,0,0.04456889013,33.00103136,22.3511577,27.67609453
9/20/1991,0,0.0799245481,32.39554715,22.41477217,27.40515966
9/21/1991,0,0.0000007859724728,32.7493526,22.42483459,27.5870936
9/22/1991,0,0.1755971171,32.87109613,22.8018698,27.83648297
9/23/1991,0,4.2279733,30.56987182,22.4418711,26.50587146
9/24/1991,0,3.48099578,28.98058474,22.39999962,25.69029218
9/25/1991,0,0,31.89999962,22.71483551,27.30741756
9/26/1991,0,0,33.73716369,23.08103111,28.4090974
9/27/1991,0,0,34.79954208,22.74380484,28.77167346
9/28/1991,0,0,34.52676948,21.70735325,28.11706136
9/29/1991,0,0,34.73657866,21.63522881,28.18590373
9/30/1991,0,0,34.92496437,22.07541941,28.50019189
10/1/1991,0,2.456581362,35.14941615,22.20728931,28.67835273
10/2/1991,0,0,33.86844839,21.88651417,27.87748128
10/3/1991,0,0,33.83754612,22.29128628,28.0644162
10/4/1991,0,1.570552697,32.88367636,22.66509028,27.77438332
10/5/1991,0,0,32.27186912,21.96051091,27.11619002
10/6/1991,0,0,34.20619592,21.06225208,27.634224
10/7/1991,0,0,35.10890722,21.92115757,28.5150324
10/8/1991,0,0.1988081282,34.51426245,21.61754507,28.06590376
10/9/1991,0,0,33.72877828,21.92405932,27.8264188
10/10/1991,0,0,34.00155054,21.54128628,27.77141841
10/11/1991,0,0,34.12690734,19.97561101,27.05125917
10/12/1991,0,0,34.3851025,19.8301278,27.10761515
10/13/1991,0,0,34.62071217,19.88174359,27.25122788
10/14/1991,0,0,35.03619394,20.63374029,27.83496712
10/15/1991,0,0,34.96348447,21.265802,28.11464324
10/16/1991,0,0,33.61252014,22.1074168,27.85996847
10/17/1991,0,0,33.31161429,19.1856742,26.24864425
10/18/1991,0,0,33.51877885,19.8384477,26.67861328
10/19/1991,0,0,33.43774601,21.3137406,27.3757433
10/20/1991,0,0.002639969102,33.62697283,21.15657857,27.3917757
10/21/1991,0,0,33.42335916,19.97844883,26.70090399
10/22/1991,0,0,33.45419905,19.6338044,26.54400173
10/23/1991,0,0,33.11600553,18.96374022,26.03987287
10/24/1991,0,0,32.87606969,17.13819293,25.00713131
10/25/1991,0,0,32.66548177,15.36283747,24.01415962
10/26/1991,0,0,31.50697043,15.6283846,23.56767751
10/27/1991,0,0,32.07355058,15.57651471,23.82503264
10/28/1991,0,0,31.97619638,16.22218982,24.0991931
10/29/1991,0,0,31.98161593,17.58683305,24.78422449
10/30/1991,0,0,31.12890577,18.74321964,24.93606271
10/31/1991,0,0,31.31806519,16.51573806,23.91690163
11/1/1991,0,0,30.5896181,18.99050987,24.79006398
11/2/1991,0,2.070688745,28.63329431,20.59070205,24.61199818
11/3/1991,0,1.795561956,26.87665316,18.36328441,22.61996879
11/4/1991,0,0.03835719813,28.87310383,17.40283744,23.13797063
11/5/1991,0,0,30.8016158,15.40844826,23.10503203
11/6/1991,0,0,31.22613227,14.23354965,22.72984096
11/7/1991,0,0,30.99245554,13.49909668,22.24577611
11/8/1991,0,0,30.54709922,15.05741756,22.80225839
11/9/1991,0,0,30.81613243,16.97741764,23.89677503
11/10/1991,0,0,31.18974462,18.06548329,24.62761396
11/11/1991,0,0,31.07071277,19.01670531,25.04370904
11/12/1991,0,0,30.54787466,17.99103096,24.26945281
11/13/1991,0,0,31.14348634,17.59174267,24.36761451
11/14/1991,0,0,31.37903365,16.53258259,23.95580812
11/15/1991,0,0.1421500471,31.18167889,17.57935252,24.38051571
11/16/1991,0,0,28.97413384,18.76206087,23.86809735
11/17/1991,0,0.225800172,25.59581309,19.40657857,22.50119583
11/18/1991,0,0.602950739,24.65407003,19.47109461,22.06258232
11/19/1991,0,0,27.16993614,19.67825761,23.42409688
11/20/1991,0,0,29.54903372,18.75180663,24.15042018
11/21/1991,0,0.02469297932,30.3517429,19.60464483,24.97819387
11/22/1991,0,13.92172124,29.89535517,20.24386877,25.06961197
11/23/1991,0,0.00005693174521,27.60890532,18.0916148,22.85026006
11/24/1991,0,0,28.7607755,13.52716278,21.14396914
11/25/1991,0,0,28.04890585,12.89019137,20.46954861
11/26/1991,0,0,28.7089057,13.42354931,21.06622751
11/27/1991,0,0,29.87632387,13.55625929,21.71629158
11/28/1991,0,0,30.2254192,14.72103059,22.47322489
11/29/1991,0,0,31.41529169,15.9090326,23.66216215
11/30/1991,0,0,31.79251871,16.90122278,24.34687075
12/1/1991,0,0,31.57090301,16.81689653,24.19389977
12/2/1991,0,0,31.42354923,16.57096695,23.99725809
12/3/1991,0,0,30.70251873,16.38361242,23.54306557
12/4/1991,0,0,30.06348642,15.14625944,22.60487293
12/5/1991,0,0,29.67180671,13.23083979,21.45132325
12/6/1991,0,0,29.18174283,11.51193386,20.34683835
12/7/1991,0,0,29.57535548,11.65103089,20.61319318
12/8/1991,0,0,30.163549,11.88651417,21.02503159
12/9/1991,0,0,29.46264683,12.24012773,20.85138728
12/10/1991,0,0,29.32180632,13.0855476,21.20367696
12/11/1991,0,0,28.42716249,12.62380409,20.52548329
12/12/1991,0,0,27.86277449,13.00031898,20.43154674
12/13/1991,0,0,28.00187057,13.18741768,20.59464412
12/14/1991,0,0,27.3863863,11.90477116,19.64557873
12/15/1991,0,0,27.59458066,11.51206182,19.55332124
12/16/1991,0,0,27.25006394,11.13458054,19.19232224
12/17/1991,0,0,27.68896918,11.78928767,19.73912842
12/18/1991,0,0,25.60968076,11.45844846,18.53406461
12/19/1991,0,0,27.69709884,12.99567454,20.34638669
12/20/1991,0,0,28.50077527,14.14477179,21.32277353
12/21/1991,0,0,29.93161496,15.51283718,22.72222607
12/22/1991,0,0,30.71071233,16.02760886,23.36916059
12/23/1991,0,0,31.58361318,15.72592999,23.65477159
12/24/1991,0,0,31.31664235,16.00160522,23.65912378
12/25/1991,0,0.03680427513,30.68212505,14.72405951,22.70309228
12/26/1991,0,0,27.89109468,14.58792739,21.23951104
12/27/1991,0,0,27.57212618,11.42244459,19.49728538
12/28/1991,0,0,26.95915988,11.09496263,19.02706125
12/29/1991,0,0,28.06290139,12.40315642,20.2330289
12/30/1991,0,0,28.87109423,15.7243785,22.29773636
12/31/1991,0,0,29.14031924,14.05902191,21.59967058
1/1/1992,0,0,28.17193458,13.10870312,20.64031885
1/2/1992,0,0,26.47451589,11.38141344,18.92796466
1/3/1992,0,0,27.0725194,9.396641492,18.23458044
1/4/1992,0,0,27.32342271,9.626641902,18.47503231
1/5/1992,0,0,27.43600349,9.452061401,18.44403244
1/6/1992,0,0,28.81419793,9.023028432,18.91861318
1/7/1992,0,0,30.28148729,9.224707782,19.75309754
1/8/1992,0,0,30.44613159,9.457545141,19.95183836
1/9/1992,0,0,30.63613212,10.4574812,20.54680666
1/10/1992,0,0,30.54516472,11.91502635,21.23009553
1/11/1992,0,0,29.66690808,12.98128586,21.32409697
1/12/1992,0,0,29.8225194,13.23309241,21.5278059
1/13/1992,0,0,29.89619629,13.55109453,21.72364541
1/14/1992,0,0,29.97968143,13.53657781,21.75812962
1/15/1992,0,0,29.62239076,12.91019087,21.26629082
1/16/1992,0,0,30.99787525,13.91489926,22.45638725
1/17/1992,0,0,30.7260044,13.5174176,22.121711
1/18/1992,0,0,30.82232759,14.22457982,22.52345371
1/19/1992,0,0,31.03419724,15.19941548,23.11680636
1/20/1992,0,0,30.96419754,14.93947927,22.95183841
1/21/1992,0,0,31.53064809,14.78580246,23.15822527
1/22/1992,0,0,32.0907134,15.69954344,23.89512842
1/23/1992,0,0,31.6324551,15.88599386,23.75922448
1/24/1992,0,0,31.94071187,15.48580227,23.71325707
1/25/1992,0,0,31.76606735,14.77477191,23.27041963
1/26/1992,0,0,31.54871387,14.44916052,22.99893719
1/27/1992,0,0,31.69142338,13.80006413,22.74574375
1/28/1992,0,0,32.11058564,13.72567503,22.91813033
1/29/1992,0,0,31.72697165,14.23006356,22.97851761
1/30/1992,0,0,31.08787541,14.67283703,22.88035622
1/31/1992,0,0,30.17419836,14.44193417,22.30806627
2/1/1992,0,0,31.04432534,14.72103059,22.88267796
2/2/1992,0,0,31.58451633,15.40676968,23.495643
2/3/1992,0,0,32.03354967,15.14573818,23.58964392
2/4/1992,0,0,32.16264759,16.10670547,24.13467653
2/5/1992,0,0,32.58896879,17.46399613,25.02648246
2/6/1992,0,0,32.64167815,17.97141272,25.30654544
2/7/1992,0,0,33.26342134,18.08947889,25.67645011
2/8/1992,0,0,33.85703475,17.33605761,25.59654618
2/9/1992,0,0,32.58632486,14.99702479,23.79167483
2/10/1992,0,0,31.97290124,14.46154132,23.21722128
2/11/1992,0,0,30.72174201,13.94799185,22.33486693
2/12/1992,0,0,30.74896881,13.68425058,22.2166097
2/13/1992,0,0,32.19980705,14.73315643,23.46648174
2/14/1992,0,0,33.57890463,15.4121894,24.49554701
2/15/1992,0,0,33.33625902,15.59792754,24.46709328
2/16/1992,0,0,33.22638628,15.12521741,24.17580185
2/17/1992,0,0,33.68090345,13.63580197,23.65835271
2/18/1992,0,0,31.12283692,13.4750907,22.29896381
2/19/1992,0,0,31.53445315,13.90328351,22.71886833
2/20/1992,0,0,34.00361326,16.18876793,25.0961906
2/21/1992,0,0,31.84586603,15.84760855,23.84673729
2/22/1992,0,0,31.76374136,16.24780015,24.00577076
2/23/1992,0,0,32.6718048,16.33592974,24.50386727
2/24/1992,0,0,32.64445376,16.34773651,24.49609514
2/25/1992,0,0,31.31071271,13.98851221,22.64961246
2/26/1992,0,0,31.52793814,12.7449632,22.13645067
2/27/1992,0,0,32.72884031,14.77502696,23.75193363
2/28/1992,0,0,34.0652272,16.15122278,25.10822499
2/29/1992,0,0,35.01161505,17.94134984,26.47648244
3/1/1992,0,0,36.38077634,18.21038304,27.29557969
3/2/1992,0,0,36.54632395,17.63328314,27.08980354
3/3/1992,0,0,36.47258312,17.69586624,27.08422468
3/4/1992,0,0,36.54890585,16.92754454,26.7382252
3/5/1992,0,0,37.0189691,18.11748114,27.56822512
3/6/1992,0,0,37.37264668,19.25483452,28.3137406
3/7/1992,0,0,36.67722469,18.92038213,27.79880341
3/8/1992,0,0,36.75264774,17.60683351,27.17974063
3/9/1992,0,0,36.73258144,18.23141295,27.4819972
3/10/1992,0,0,36.91613264,18.5796067,27.74786967
3/11/1992,0,0,36.7663217,18.19244496,27.47938333
3/12/1992,0,0,37.11064801,18.06445193,27.58754997
3/13/1992,0,0,37.3706498,19.55283705,28.46174343
3/14/1992,0,0,38.08890677,20.26296418,29.17593547
3/15/1992,0,0,38.00884291,20.48754574,29.24819432
3/16/1992,0,0,37.48071279,19.23399659,28.35735469
3/17/1992,0,0,38.28174338,18.86670569,28.57422454
3/18/1992,0,0,38.6571622,19.14109468,28.89912844
3/19/1992,0,0,39.34445453,19.53051061,29.43748257
3/20/1992,0,0,39.01806596,20.35128575,29.68467585
3/21/1992,0,0,39.46974513,22.01238072,30.74106293
3/22/1992,0,0,39.72793717,22.11290063,30.9204189
3/23/1992,0,0,39.60323159,22.37993696,30.99158428
3/24/1992,0,0,39.86071351,21.95277274,30.90674312
3/25/1992,0,0,39.79968112,22.05645031,30.92806572
3/26/1992,0,0,40.27890539,23.23928844,31.75909691
3/27/1992,0,0,39.98226333,22.59651516,31.28938925
3/28/1992,0,0,39.92600343,23.96180571,31.94390457
3/29/1992,0,0,40.41258175,23.97457982,32.19358079
3/30/1992,0,0,39.83716216,24.3440594,32.09061078
3/31/1992,0,0,39.01109552,23.28973383,31.15041468
4/1/1992,0,0,37.95103178,22.19025471,30.07064325
4/2/1992,0,0,37.60323159,23.14031924,30.37177542
4/3/1992,0,0,38.66251972,23.60231693,31.13241833
4/4/1992,0,0,39.44438716,23.40496218,31.42467467
4/5/1992,0,0,39.45451717,22.56664235,31.01057976
4/6/1992,0,0,39.31090452,22.57399501,30.94244976
4/7/1992,0,0,39.18445121,22.60748091,30.89596606
4/8/1992,0,0,39.91903265,23.80386841,31.86145053
4/9/1992,0,0,40.12645018,24.36935153,32.24790086
4/10/1992,0,0,40.97438975,24.98283736,32.97861356
4/11/1992,0,0,40.7108402,25.7392245,33.22503235
4/12/1992,0,0,40.74264561,25.81573921,33.27919241
4/13/1992,0,0,40.58174262,24.60206102,32.59190182
4/14/1992,0,0,41.301678,25.8074815,33.55457975
4/15/1992,0,0,41.29083856,25.48380461,33.38732158
4/16/1992,0,0,41.01174292,23.8503185,32.43103071
4/17/1992,0,0.6121838223,40.16335702,23.49580171,31.82957937
4/18/1992,0,0.2455066155,39.8087763,23.26399554,31.53638592
4/19/1992,0,0,39.78613191,24.24238043,32.01425617
4/20/1992,0,0,40.42903132,24.6212221,32.52512671
4/21/1992,0,0.2113628598,40.72800267,25.89019137,33.30909702
4/22/1992,0,0.01894566061,40.77271023,27.53309251,34.15290137
4/23/1992,0,1.986137221,39.84000015,23.72483574,31.78241795
4/24/1992,0,0.3153614544,36.89136003,23.15302941,30.02219472
4/25/1992,0,1.652787719,38.28245628,24.17393128,31.22819378
4/26/1992,0,0,37.16877691,23.73470792,30.45174242
4/27/1992,0,0,38.01613145,23.76754469,30.89183807
4/28/1992,0,0,39.06974395,23.28302858,31.17638626
4/29/1992,0,0.7966468871,40.22709953,24.38567497,32.30638725
4/30/1992,0,1.610286331,40.85535599,26.07477201,33.465064
5/1/1992,0,0,40.52167922,25.87580261,33.19874091
5/2/1992,0,1.097903832,39.78239078,25.13954223,32.46096651
5/3/1992,0,0,40.46781063,25.9948362,33.23132341
5/4/1992,0,0,40.80541913,24.9823802,32.89389967
5/5/1992,0,0,41.03180541,25.34496271,33.18838406
5/6/1992,0,0,41.43374144,27.10000038,34.26687091
5/7/1992,0,0.3495639214,40.99245536,26.05128634,33.52187085
5/8/1992,0,0.01606489546,40.9052932,26.61128598,33.75828959
5/9/1992,0,0,41.76174292,26.91502635,34.33838463
5/10/1992,0,0,42.09987407,25.81302926,33.95645167
5/11/1992,0,0,41.52445102,26.47844883,34.00144992
5/12/1992,0,0,42.10354971,26.18199701,34.14277336
5/13/1992,0,0,40.4961965,26.33115915,33.41367782
5/14/1992,0,0,41.53174338,27.31128657,34.42151497
5/15/1992,0,0.1421500471,41.34161654,28.08857557,34.71509606
5/16/1992,0,0.07316546544,42.21800088,27.90399493,35.0609979
5/17/1992,0,0,41.42819368,26.5487027,33.98844819
5/18/1992,0,0,41.85367758,25.29515355,33.57441556
5/19/1992,0,0,41.43651358,26.58708897,34.01180127
5/20/1992,0,0,41.6892892,25.82341154,33.75635037
5/21/1992,0,0,40.87283692,26.45263543,33.66273618
5/22/1992,0,0,40.93374144,26.95786334,33.94580239
5/23/1992,0,0.02608910642,42.3447068,27.54437811,34.94454245
5/24/1992,0,0,42.49800313,25.52683359,34.01241836
5/25/1992,0,0,41.48464416,25.27895816,33.38180116
5/26/1992,0,0,40.91825738,26.05166856,33.48496297
5/27/1992,0,0,41.69825651,27.04528142,34.37176896
5/28/1992,0,0.146095696,42.1938056,24.8496711,33.52173835
5/29/1992,0,1.424104237,39.58354925,26.5796067,33.08157798
5/30/1992,0,2.765016494,41.25651328,24.89290131,33.0747073
5/31/1992,0,0,40.09999847,25.61115793,32.8555782
6/1/1992,0,0,40.50174426,27.37864043,33.94019234
6/2/1992,0,0,41.63651435,28.26851194,34.95251314
6/3/1992,0,0,42.29193542,26.95296472,34.62245007
6/4/1992,0,0,40.85270859,27.24412295,34.04841577
6/5/1992,0,0,42.42109537,27.90773606,35.16441572
6/6/1992,0,0.1792330689,42.24361459,27.06044563,34.65203011
6/7/1992,0,0.230747635,41.94096761,28.33767226,35.13931994
6/8/1992,0,0.4511054783,41.62664008,26.40050971,34.0135749
6/9/1992,0,2.305873927,40.280127,26.89321943,33.58667321
6/10/1992,0,7.332030299,40.5762607,24.86915972,32.72271021
6/11/1992,0,0,37.03220054,25.24670486,31.1394527
6/12/1992,0,0.04075185119,39.86890554,24.55115847,32.21003201
6/13/1992,0,0.01233029429,39.98529156,24.90302941,32.44416049
6/14/1992,0,0,38.49709998,25.43405955,31.96557977
6/15/1992,0,3.30253158,39.94793839,23.92405932,31.93599886
6/16/1992,0,15.54058136,38.55651598,22.61657782,30.5865469
6/17/1992,0,0.06941565815,35.41638525,23.80883097,29.61260811
6/18/1992,0,3.702005625,36.29909609,23.36206125,29.83057867
6/19/1992,0,34.7405596,35.78361204,22.89728985,29.34045094
6/20/1992,63.41,50.77122432,30.88186973,21.87851255,26.38019114
6/21/1992,9.14,0.1608089204,30.53883052,22.55767348,26.548252
6/22/1992,2.04,0.1872931865,30.65676881,22.44676955,26.55176918
6/23/1992,0.81,0.556796331,28.54890585,23.10580215,25.827354
6/24/1992,0.67,11.62011299,28.27922351,20.45199747,24.36561049
6/25/1992,0.52,4.635695485,29.19342181,21.98561124,25.58951653
6/26/1992,0.36,0,32.97806504,22.71122225,27.84464365
6/27/1992,0.23,0.08248837088,34.21187156,22.97290124,28.5923864
6/28/1992,0.12,0.4196726051,34.43000031,23.31657841,28.87328936
6/29/1992,0.08,14.16000641,34.59793957,22.8429019,28.72042074
6/30/1992,0.17,2.028716503,34.80606653,23.57651471,29.19129062
7/1/1992,0.36,5.612577742,35.38000107,23.72386849,29.55193478
7/2/1992,0.43,0.1005202692,34.19806626,21.6899366,27.94400143
7/3/1992,0.36,0,34.45239242,23.391998,28.92219521
7/4/1992,0.17,0,35.15426184,24.52928744,29.84177464
7/5/1992,0.12,0,35.94800042,23.80025515,29.87412779
7/6/1992,0.08,0,36.28613191,24.13935199,30.21274195
7/7/1992,0.05,0,36.45445132,23.8012224,30.12783686
7/8/1992,0.02,0,36.04354833,24.05664229,30.05009531
7/9/1992,0.01,0.6622597826,35.60096746,24.35670547,29.97883646
7/10/1992,0.01,1.160062531,35.36470726,24.36670569,29.86570648
7/11/1992,0,3.054815985,35.09722633,23.80851286,29.45286959
7/12/1992,1.99,19.85076194,33.73573755,24.12393204,28.9298348
7/13/1992,0.43,4.179443067,33.55793866,22.89935222,28.22864544
7/14/1992,0.29,1.379867038,31.56625856,23.10832012,27.33728934
7/15/1992,0.29,0.01072635357,32.75903281,23.21477157,27.98690219
7/16/1992,0.23,0.3749439305,33.34819219,23.241159,28.29467559
7/17/1992,0.12,1.186139249,33.05290272,23.36832035,28.21061153
7/18/1992,0.08,0.6033947772,32.00722652,22.72561101,27.36641877
7/19/1992,0.05,0,31.81819306,23.04832065,27.43325686
7/20/1992,0.01,0,32.44903178,23.4210952,27.93506349
7/21/1992,0,5.480697432,32.85638735,23.52748099,28.19193417
7/22/1992,0,0,30.53245454,22.90109491,26.71677473
7/23/1992,0,0.5103643357,32.47535527,22.8511577,27.66325649
7/24/1992,0,0.214918383,33.63542061,22.947545,28.29148281
7/25/1992,0,2.507459619,33.33083913,22.98477186,28.1578055
7/26/1992,0,7.618141717,31.55787489,22.530904,27.04438945
7/27/1992,4.79,4.534577855,29.68071164,22.48741787,26.08406476
7/28/1992,1.45,0.1771144194,30.48535532,23.13838474,26.81187003
7/29/1992,0.8,0.02120943945,30.12096635,22.4974181,26.30919223
7/30/1992,0.43,0.001552923001,32.13909625,21.96561078,27.05235351
7/31/1992,0.29,0,33.81548329,22.75748226,28.28648278
8/1/1992,0.17,0.01814804391,33.2936762,23.21115831,28.25241726
8/2/1992,0.08,14.45660329,31.3435493,22.18735452,26.76545191
8/3/1992,0.29,5.563574525,28.41625894,22.04922397,25.23274146
8/4/1992,18.47,14.23790931,28.46323029,22.27374159,25.36848594
8/5/1992,7.06,7.06041304,30.0107755,22.58657887,26.29867719
8/6/1992,2.67,0.4057691349,31.64180602,23.50567563,27.57374083
8/7/1992,2.17,5.288832327,33.16903265,22.85187095,28.0104518
8/8/1992,2.25,25.05216053,32.19800042,21.48819314,26.84309678
8/9/1992,64.93,10.82672677,29.13510094,21.63374029,25.38442061
8/10/1992,24.08,8.881102994,30.63348628,22.12283692,26.3781616
8/11/1992,106.65,54.67119701,29.64625849,21.57374083,25.60999966
8/12/1992,84.03,12.08025542,30.06993576,21.64290131,25.85641854
8/13/1992,74,16.52421538,29.28000069,21.55916026,25.41958047
8/14/1992,90.59,13.36089582,26.58613115,21.6956105,24.14087082
8/15/1992,19.84,4.961257665,26.35058385,21.49464422,23.92261403
8/16/1992,18.95,2.778856753,25.02148724,21.6956105,23.35854887
8/17/1992,13.49,1.121078911,27.87728939,22.37561063,25.12645001
8/18/1992,10.45,1.233417924,30.00903298,22.3383855,26.17370924
8/19/1992,8.18,5.403742504,30.0989692,22.20748112,26.15322516
8/20/1992,6.18,2.877624198,29.42968045,21.66283766,25.54625906
8/21/1992,5.47,9.393322739,24.651616,20.71928798,22.68545199
8/22/1992,6.53,0.05226104674,28.69174306,21.49657872,25.09416089
8/23/1992,5.72,0.1978442324,30.38077634,22.26567413,26.32322523
8/24/1992,4.43,0.3971991587,29.56909638,22.19296449,25.88103043
8/25/1992,2.69,0,30.34090347,22.48483597,26.41286972
8/26/1992,2.32,0,31.50445247,22.47941608,26.99193427
8/27/1992,2.15,1.301589692,31.25354915,22.43477089,26.84416002
8/28/1992,1.93,4.931747762,31.2545164,22.11470726,26.68461183
8/29/1992,6.14,2.274661152,30.11155133,22.06477178,26.08816155
8/30/1992,3.23,0.291650888,31.41258175,22.03109407,26.72183791
8/31/1992,2.32,0,31.34361324,22.73115877,27.03738601
9/1/1992,1.96,0.1825952033,30.51271017,22.93664145,26.72467581
9/2/1992,329.4,63.29928623,27.61561057,21.63128643,24.6234485
9/3/1992,53.21,2.457561294,27.54999924,21.61838428,24.58419176
9/4/1992,24.88,0,29.22993561,21.63567497,25.43280529
9/5/1992,17.08,0,30.28896956,22.11651372,26.20274164
9/6/1992,14.41,3.598089289,30.88535685,22.11657782,26.50096734
9/7/1992,13.95,0.01987741442,29.79974523,22.17386734,25.98680629
9/8/1992,10.45,0.3381451756,29.80348636,21.64477188,25.72412912
9/9/1992,9.27,8.989198757,30.63438943,21.18212505,25.90825724
9/10/1992,9.78,0,29.52625956,22.13122233,25.82874094
9/11/1992,8.39,0,30.2752923,22.02483498,26.15006364
9/12/1992,7.56,1.804422379,30.95180722,21.74031962,26.34606342
9/13/1992,7.34,0.153485731,29.73077499,21.21483551,25.47280525
9/14/1992,5.57,0,30.85813004,21.17115757,26.01464381
9/15/1992,4.92,0.1622700809,31.43542002,21.23218996,26.33380499
9/16/1992,4.61,0.001102709245,31.75896904,21.81947843,26.78922374
9/17/1992,4.04,0,31.7361947,21.16670493,26.45144982
9/18/1992,3.23,0,31.92535603,21.22573905,26.57554754
9/19/1992,2.85,0,32.69903178,21.59748068,27.14825623
9/20/1992,2.49,0,32.31354879,21.68199701,26.9977729
9/21/1992,1.67,0,32.83813115,20.8883208,26.86322598
9/22/1992,1.37,0,33.63271084,22.0574815,27.84509617
9/23/1992,1.2,0,33.54728946,20.51374136,27.03051541
9/24/1992,0.7,0,33.31323067,19.70644993,26.5098403
9/25/1992,0.62,0,33.96909773,20.6357389,27.30241832
9/26/1992,0.56,0,33.68728885,21.33109522,27.50919204
9/27/1992,0.52,0,33.56638643,21.97935214,27.77286929
9/28/1992,0.52,0.06808885299,33.7663872,22.86199731,28.31419226
9/29/1992,0.43,0.08361767479,33.06258327,22.40367681,27.73313004
9/30/1992,0.05,0.03680509527,32.64800118,21.84187072,27.24493595
10/1/1992,0.01,0.5657669926,32.23342256,22.29380425,27.2636134
10/2/1992,0,0,33.27335763,22.66561154,27.96948459
10/3/1992,0,2.303437779,33.61167937,21.75928889,27.68548413
10/4/1992,0,0,33.39522904,21.22941608,27.31232256
10/5/1992,0,0,33.72329255,21.73031939,27.72680597
10/6/1992,0,0,33.95968097,21.30470762,27.63219429
10/7/1992,0,0,34.12703521,20.91754431,27.52228976
10/8/1992,0,0,33.78058415,22.04573875,27.91316145
10/9/1992,0,8.189452506,32.51245582,22.63096658,27.5717112
10/10/1992,0,30.14219045,26.88329431,22.35464483,24.61896957
10/11/1992,0,1.482147096,29.62167943,22.69922358,26.1604515
10/12/1992,0,0.6624787782,31.09800177,21.82935252,26.46367715
10/13/1992,2.67,0,31.65632265,21.57031955,26.6133211
10/14/1992,1.8,0,31.98909646,21.602253,26.79567473
10/15/1992,1.68,0,32.14980781,21.0631554,26.6064816
10/16/1992,1.44,0,32.33522766,21.13664222,26.73593494
10/17/1992,1.3,0.08824451217,31.90993574,21.32825723,26.61909648
10/18/1992,1.02,0.2458752664,31.46916011,21.47374044,26.47145028
10/19/1992,0.77,0.001904679606,32.30980766,19.4090326,25.85942013
10/20/1992,0.72,0.1791114584,32.87974498,20.46916011,26.67445254
10/21/1992,0.7,0.1202149528,32.61523026,18.1490963,25.38216328
10/22/1992,0.61,0.001603940721,33.07974574,19.74993606,26.4148409
10/23/1992,0.52,0.04276091589,33.23084066,22.38567497,27.80825781
10/24/1992,0.47,0,33.15800297,20.24077521,26.69938909
10/25/1992,0.39,0,33.35445285,21.73096679,27.54270982
10/26/1992,0.36,0.01077540107,33.31161429,20.89031924,27.10096676
10/27/1992,0.23,0.112883861,31.64787504,20.26844801,25.95816153
10/28/1992,0.17,0,31.86245464,20.08664107,25.97454786
10/29/1992,0.08,0,30.54245477,17.83554769,24.18900123
10/30/1992,0.05,0,31.13980932,15.40199814,23.27090373
10/31/1992,0.02,0,30.93348552,15.13019114,23.03183833
11/1/1992,0,0,30.3597447,15.45374094,22.90674282
11/2/1992,0,0,31.28800231,18.17760848,24.73280539
11/3/1992,0,0,32.3497462,18.58748219,25.46861419
11/4/1992,0,0,32.01613145,17.50206255,24.759097
11/5/1992,0,0,31.45613182,17.57031955,24.51322568
11/6/1992,0,0,31.93793799,17.53296464,24.73545131
11/7/1992,0,0,31.23438807,17.45283684,24.34361246
11/8/1992,0,0,30.7525819,17.40238028,24.07748109
11/9/1992,0,0,31.03245454,18.91134915,24.97190185
11/10/1992,0,0,31.66697202,19.42935117,25.54816159
11/11/1992,0,0,31.88968127,16.94683349,24.41825738
11/12/1992,0,0,31.42432467,14.51031921,22.96732194
11/13/1992,0,0,29.90245538,16.22315707,23.06280623
11/14/1992,0,0,30.03064809,17.0574815,23.54406479
11/15/1992,0,0,29.39161578,16.7150274,23.05332159
11/16/1992,0,0.09736991246,30.25606712,19.76283805,25.00945258
11/17/1992,0,5.591251282,27.4558137,19.93180694,23.69381032
11/18/1992,0,23.52580025,23.55413376,19.74270972,21.64842174
11/19/1992,0,1.739664096,23.31793906,19.6400635,21.47900128
11/20/1992,0,11.91790275,24.75716241,20.11271038,22.4349364
11/21/1992,0,2.471610385,27.58258183,19.56141288,23.57199735
11/22/1992,0,0.01606489546,28.13426156,19.99109507,24.06267831
11/23/1992,0,0,29.42148859,20.11006455,24.76577657
11/24/1992,0,0,30.7998731,19.8074815,25.3036773
11/25/1992,0,0,30.3416148,19.35206102,24.84683791
11/26/1992,0,0,29.22877811,16.65741795,22.94309803
11/27/1992,0,0,28.70419732,14.0928371,21.39851721
11/28/1992,0,0,28.83690816,14.46334786,21.65012801
11/29/1992,0,0,29.46606811,15.25586579,22.36096695
11/30/1992,0,0,28.90052088,14.27115873,21.58583981
12/1/1992,0,0,28.85323142,14.29844861,21.57584001
12/2/1992,0,0,28.72045664,14.17206167,21.44625915
12/3/1992,0,0,28.98148806,14.55025515,21.7658716
12/4/1992,0,0,29.54510078,15.52657845,22.53583962
12/5/1992,0,0,28.71690749,15.94477112,22.3308393
12/6/1992,0,0,28.70690726,15.04361314,21.8752602
12/7/1992,0,0,28.74245554,13.10090361,20.92167957
12/8/1992,0,0,28.26800185,12.72844891,20.49822538
12/9/1992,0,0,28.02961673,12.83458035,20.43209854
12/10/1992,0,0,27.71503692,12.49567454,20.10535573
12/11/1992,0,0,27.6615523,12.56838504,20.11496867
12/12/1992,0,0,27.98974559,12.61567451,20.30271005
12/13/1992,0,0,27.82245546,12.524899,20.17367723
12/14/1992,0,0,28.12980909,12.3684483,20.2491287
12/15/1992,0,0,28.57516541,13.38399534,20.97958037
12/16/1992,0,0,28.4369068,12.87458031,20.65574356
12/17/1992,0,0,28.11136108,13.22470778,20.66803443
12/18/1992,0,0,28.79871387,13.56657841,21.18264614
12/19/1992,0,0,29.05600433,14.36277354,21.70938893
12/20/1992,0,0,28.70232675,14.67187064,21.6870987
12/21/1992,0,0,28.50413435,14.2020614,21.35309788
12/22/1992,0,0,28.89781094,13.2474181,21.07261452
12/23/1992,0,0,28.43968068,12.49386799,20.46677434
12/24/1992,0,0,28.56161585,11.83754526,20.19958055
12/25/1992,0,0,28.14245515,10.03477127,19.08861321
12/26/1992,0,0,28.35968076,10.32844834,19.34406455
12/27/1992,0,0,28.8478117,10.89206193,19.86993682
12/28/1992,0,0,29.34239198,11.68470782,20.5135499
12/29/1992,0,0,29.42064748,12.469352,20.94499974
12/30/1992,0,0,29.2815514,13.52031857,21.40093499
12/31/1992,0,0,29.21516479,13.53844838,21.37680659
1/1/1993,0,0,29.61239053,13.28754506,21.4499678
1/2/1993,0,0,29.92329505,12.92657816,21.4249366
1/3/1993,0,0,30.80323045,14.01206182,22.40764613
1/4/1993,0,0,30.42323111,13.78290157,22.10306634
1/5/1993,0,0,31.36413305,14.46928798,22.91671052
1/6/1993,0,0,31.09232787,13.99290161,22.54261474
1/7/1993,0,0,32.0587763,14.66477138,23.36177384
1/8/1993,0,0,31.63161572,14.28031872,22.95596722
1/9/1993,0,0,31.74722612,14.77664161,23.26193386
1/10/1993,0,0,31.34974447,15.21302888,23.28138667
1/11/1993,0,0,31.89342241,15.47664228,23.68503234
1/12/1993,0,0,31.96071233,15.14296525,23.55183879
1/13/1993,0,0,32.09239181,13.9346438,23.0135178
1/14/1993,0,0,32.13716175,14.06851213,23.10283694
1/15/1993,0,0,30.24884077,13.99573856,22.12228966
1/16/1993,0,0,31.98155216,15.61393181,23.79774199
1/17/1993,0,0,30.68316741,16.03573852,23.35945296
1/18/1993,0,0,30.78813035,15.67586587,23.23199811
1/19/1993,0,0,31.68071164,15.92664209,23.80367687
1/20/1993,0,0,31.34993645,14.52973447,22.93983546
1/21/1993,0,0,30.26632326,12.98412368,21.62522347
1/22/1993,0,0,29.44438907,13.37496245,21.40967576
1/23/1993,0,0,30.57161608,14.15225319,22.36193464
1/24/1993,0,0,31.04251888,14.31489896,22.67870892
1/25/1993,0,0,30.17980833,13.43483482,21.80732157
1/26/1993,0,0,30.8169077,13.61302859,22.21496814
1/27/1993,0,0,32.10606923,13.66754518,22.88680721
1/28/1993,0,0,32.13613039,13.62115816,22.87864427
1/29/1993,0,0,31.48432587,14.1846438,22.83448484
1/30/1993,0,0,32.51251819,15.24592958,23.87922389
1/31/1993,0,0,32.16606714,16.40580147,24.28593431
2/1/1993,0,0,32.21877615,15.67134938,23.94506276
2/2/1993,0,0,30.46167958,13.83605769,22.14886864
2/3/1993,0,0,29.91703439,12.91057388,21.41380413
2/4/1993,0,0,30.16245561,14.06160477,22.11203019
2/5/1993,0,0,30.47697165,13.76760863,22.12229014
2/6/1993,0,0,30.55251894,13.46676914,22.00964404
2/7/1993,0,0,30.27155117,12.69031856,21.48093487
2/8/1993,0,0,31.85516436,13.00393216,22.42954826
2/9/1993,0,0,32.89064679,13.85683342,23.37374011
2/10/1993,0,0,32.97238941,14.68876707,23.83057824
2/11/1993,0,0,32.69955478,15.30612103,24.0028379
2/12/1993,0,0,32.36961879,16.00321987,24.18641933
2/13/1993,0,0,32.47329255,16.765802,24.61954727
2/14/1993,0,0,33.26516594,17.10863997,25.18690295
2/15/1993,0,0,34.43432646,17.48315547,25.95874097
2/16/1993,0,0,35.65896849,17.65676881,26.65786865
2/17/1993,0,0,35.69722515,18.18863989,26.94293252
2/18/1993,0,0,35.55090272,17.24038182,26.39564227
2/19/1993,0,0,35.13625826,16.78960752,25.96293289
2/20/1993,0,0,32.81361429,14.76612107,23.78986768
2/21/1993,0,0,29.66296571,11.42650383,20.54473477
2/22/1993,0,0,30.25090332,10.99218932,20.62154632
2/23/1993,0,0,30.82987205,12.14954324,21.48970765
2/24/1993,0,0,32.64155028,14.91057388,23.77606208
2/25/1993,0,0,33.79232673,17.62767317,25.70999995
2/26/1993,0,0,33.54239257,18.86134991,26.20187124
2/27/1993,0,0,33.60974452,19.31019145,26.45996798
2/28/1993,0,0.4569680496,33.48445392,18.6376734,26.06106366
3/1/1993,0,0.05650753265,31.99800139,17.62496323,24.81148231
3/2/1993,0,0.3739430333,31.71355014,18.14038335,24.92696675
3/3/1993,0,1.094198416,31.59606744,20.0650899,25.83057867
3/4/1993,0,1.071807857,31.77606775,19.0013493,25.38870853
3/5/1993,0,0.008621181374,33.46245311,19.73935237,26.60090274
3/6/1993,0,0.5445958081,34.61432677,19.12689617,26.87061147
3/7/1993,0,0,34.38703353,19.77664161,27.08183757
3/8/1993,0,0.3960739918,34.76258404,19.78128605,27.27193505
3/9/1993,0,0,34.06529305,19.64212587,26.85370946
3/10/1993,0,0.001102709245,34.1880021,19.73696054,26.96248132
3/11/1993,0,0,34.15348657,19.97786363,27.0656751
3/12/1993,0,0,34.59606744,19.84748068,27.22177406
3/13/1993,0,0,35.04703338,20.31296533,27.67999935
3/14/1993,0,0,36.22806504,21.30328321,28.76567413
3/15/1993,0,0,35.85083959,20.4596076,28.15522359
3/16/1993,0,0,36.44722515,20.56960647,28.50841581
3/17/1993,0,0,36.43632334,20.1338044,28.28506387
3/18/1993,0,0,36.82987362,20.04051084,28.43519223
3/19/1993,0,0,37.4653566,20.66309184,29.06422422
3/20/1993,0,0,37.69722515,19.90134892,28.79928703
3/21/1993,0,0,37.80445361,20.26315616,29.03380489
3/22/1993,0,0,37.62529095,21.0303188,29.32780488
3/23/1993,0,0,37.97167963,21.25935109,29.61551536
3/24/1993,0,0,38.55529126,22.27509089,30.41519107
3/25/1993,0,0.3970824114,38.09819219,21.22431448,29.66125333
3/26/1993,0,0,37.02825799,21.17502657,29.10164228
3/27/1993,0,0,35.54825845,19.07509013,27.31167429
3/28/1993,0,0,35.59180678,17.53760909,26.56470793
3/29/1993,0,0,36.70271054,18.31754566,27.5101281
3/30/1993,0,0,37.13806489,19.33134923,28.23470706
3/31/1993,0,0,37.61077588,22.10502688,29.85790138
4/1/1993,0,2.329518305,36.89787331,21.64263597,29.27025464
4/2/1993,0,0.02608910642,36.78632181,20.58773637,28.68702909
4/3/1993,0,0.06504264059,37.57084081,21.40870331,29.48977206
4/4/1993,0,1.455466439,38.07522934,22.17664123,30.12593528
4/5/1993,0,1.313235802,37.70239242,22.23483597,29.96861419
4/6/1993,0,0,38.47136152,21.9483842,30.20987286
4/7/1993,0,0,39.04142359,23.46380432,31.25261396
4/8/1993,0,0,39.35613161,23.38399621,31.37006391
4/9/1993,0,0,38.8983193,22.9159936,30.90715645
4/10/1993,0,0,39.21896986,23.01947919,31.11922453
4/11/1993,0,0.2255424205,39.47516502,21.99947874,30.73732188
4/12/1993,0,0,39.11896792,21.5112856,30.31512676
4/13/1993,0,0,37.72264515,22.80916026,30.2659027
4/14/1993,0,0,37.78625978,23.46386826,30.62506402
4/15/1993,0,0,37.70213668,23.94277441,30.82245555
4/16/1993,0,0,38.52432662,24.59374128,31.55903395
4/17/1993,0,0.04938295144,38.9123915,25.01935132,31.96587141
4/18/1993,0,0.008851661107,39.6780658,24.83193443,32.25500011
4/19/1993,0,0,40.6343896,25.44373993,33.03906477
4/20/1993,0,0,41.06348642,25.48754574,33.27551608
4/21/1993,0,0,40.95974334,24.70947973,32.83461153
4/22/1993,0,0,41.34806744,25.92832155,33.63819449
4/23/1993,0,0,41.5051638,24.98529139,33.2452276
4/24/1993,0,0,41.42400656,25.5518698,33.48793818
4/25/1993,0,0.1251048534,40.65709983,25.28238118,32.9697405
4/26/1993,0,0.01606489546,39.52426112,25.37038289,32.447322
4/27/1993,0,0.07023630366,40.26529381,26.26676925,33.26603153
4/28/1993,0,0,40.98819505,26.86838428,33.92828966
4/29/1993,0,0,41.53619394,26.01470861,33.77545128
4/30/1993,0,0,42.01180495,25.95238125,33.9820931
5/1/1993,0,0,41.86451701,25.93786462,33.90119082
5/2/1993,0,0,42.00999832,25.57509013,33.79254423
5/3/1993,0,0,42.12638781,26.06063743,34.09351262
5/4/1993,0,0,43.15632456,26.67799226,34.91715841
5/5/1993,0,0,43.37451533,27.70296472,35.53874003
5/6/1993,0,0,43.65006355,27.7638053,35.70693443
5/7/1993,0,0,43.79083856,29.02231701,36.40657779
5/8/1993,0,0.03105846002,43.29083856,27.73405879,35.51244867
5/9/1993,0,0,43.10277409,28.10689745,35.60483577
5/10/1993,0,0,40.40993747,26.41212459,33.41103103
5/11/1993,0,0,41.60722499,26.04960602,33.82841551
5/12/1993,0,0,41.7564509,25.89154067,33.82399579
5/13/1993,0,0,42.37458118,27.0506372,34.71260919
5/14/1993,0,0,43.10277409,27.74050987,35.42164198
5/15/1993,0,0,42.72361414,26.74122294,34.73241854
5/16/1993,0,0.07952123255,41.62264668,27.63954223,34.63109446
5/17/1993,0,0,41.68554807,27.56334738,34.62444772
5/18/1993,0,0.759796134,40.87019265,26.73870324,33.80444794
5/19/1993,0,0,39.28645003,26.16696085,32.72670544
5/20/1993,0,0.03369842913,41.03193328,25.89315532,33.4625443
5/21/1993,0,0,40.0045164,26.14315532,33.07383586
5/22/1993,0,0.3783917598,40.97999954,26.37218952,33.67609453
5/23/1993,0,0,39.36645151,26.79237967,33.07941559
5/24/1993,0,0.9230199556,40.43890524,25.77315639,33.10603081
5/25/1993,0,0.3081214715,40.05580274,27.37973398,33.71776836
5/26/1993,0,0.001202955541,42.1319976,27.00154128,34.56676944
5/27/1993,0,0.8125101717,42.10922534,25.03960752,33.57441643
5/28/1993,0,3.089052067,40.81548329,24.10141362,32.45844846
5/29/1993,0,3.518609469,39.22800267,24.31470785,31.77135526
5/30/1993,0,0,39.54728946,25.21786357,32.38257652
5/31/1993,0,0,40.48928844,26.049798,33.26954322
6/1/1993,0,0.03214550612,40.14199626,26.95135007,33.54667316
6/2/1993,0,0,41.16109323,27.13689622,34.14899473
6/3/1993,0,0.003882307503,41.02748272,28.21154037,34.61951154
6/4/1993,0,0.6661306514,41.47935214,28.21508969,34.84722092
6/5/1993,0,0.03762795366,41.67748043,28.86134991,35.26941517
6/6/1993,0,0.1045220935,41.24180796,27.89857521,34.57019159
6/7/1993,0,0.02120943945,40.31354879,27.57851141,33.9460301
6/8/1993,0,0.03197044062,41.63000107,27.68057434,34.6552877
6/9/1993,0,2.098831966,40.66289986,25.24515431,32.95402709
6/10/1993,0,0,39.75831991,26.75334791,33.25583391
6/11/1993,0,0,39.82548508,25.74586565,32.78567537
6/12/1993,0,0,38.867355,25.67386734,32.27061117
6/13/1993,0,30.95192613,37.95470741,23.60000038,30.7773539
6/14/1993,0.79,0.3869947053,34.06999969,23.84386742,28.95693356
6/15/1993,0.51,0.307959901,34.14903254,23.62586654,28.88744954
6/16/1993,0.36,0,33.74367697,23.63109446,28.68738571
6/17/1993,0.09,0,33.70000076,24.3074815,29.00374113
6/18/1993,0,0.5814231512,34.74567384,24.26754469,29.50660927
6/19/1993,0.36,9.593753828,32.79947971,22.06386864,27.43167417
6/20/1993,0,0.4842178874,32.70999908,22.57483612,27.6424176
6/21/1993,0.03,0,34.99470833,23.58031804,29.28751318
6/22/1993,0.03,0,35.52006249,23.78470733,29.65238491
6/23/1993,0,0.311906915,35.49258358,24.24851149,29.87054753
6/24/1993,0,0,35.89012726,24.42760848,30.15886787
6/25/1993,0,0.02926618618,35.12374006,24.71935191,29.92154599
6/26/1993,0,1.891138379,33.40296357,24.41212459,28.90754408
6/27/1993,0,2.640872328,34.40373919,23.27542018,28.83957968
6/28/1993,0,0.01055987641,33.37884184,23.97922427,28.67903305
6/29/1993,0,0.1005093268,36.61348565,25.11483513,30.86416039
6/30/1993,105.9,30.03635235,36.91999817,24.09193465,30.50596641
7/1/1993,19.2,24.34001718,34.98993584,23.13103052,29.06048318
7/2/1993,8.93,5.347950655,34.0807771,23.27922351,28.68000031
7/3/1993,6.19,8.846634299,33.86271038,23.40651463,28.63461251
7/4/1993,1.96,0.6126659103,32.60987274,23.43729059,28.02358166
7/5/1993,1.28,1.670557089,32.04625811,23.01741856,27.53183833
7/6/1993,0.69,1.637525151,32.83000183,23.03380402,27.93190292
7/7/1993,0.43,0.2413578571,33.80825677,23.65025553,28.72925615
7/8/1993,0.36,2.653781032,32.04800271,23.57019167,27.80909719
7/9/1993,0.29,0.9976169369,30.34645106,23.54025492,26.94335299
7/10/1993,0.29,0,32.23825708,23.91748211,28.07786959
7/11/1993,0.23,0.1974134557,32.530127,23.97567495,28.25290097
7/12/1993,0.29,10.35907473,31.57999992,23.14290131,27.36145062
7/13/1993,0.29,5.541365861,32.7525819,23.02748099,27.89003144
7/14/1993,0.23,4.937359444,28.65980787,22.2973534,25.47858063
7/15/1993,0.69,28.33558405,28.39167988,21.91103103,25.15135546
7/16/1993,0.6,11.06791347,28.17025426,22.06380453,25.11702939
7/17/1993,0.29,0.05648612146,28.54857657,21.89748165,25.22302911
7/18/1993,0.13,0.004969353604,32.46916011,21.89483582,27.18199796
7/19/1993,0.06,0,33.41825738,23.04676994,28.23251366
7/20/1993,0.06,3.2684474,34.31651465,23.05218965,28.68435215
7/21/1993,0.06,0.1643561799,34.81012924,24.55767348,29.68390136
7/22/1993,0.06,0.8359718064,34.35729084,23.61941564,28.98835324
7/23/1993,15.36,20.14772077,33.98283753,23.36122204,28.67202979
7/24/1993,2.26,1.831384906,32.89451579,23.43374144,28.16412861
7/25/1993,1.38,10.20734965,31.85335773,22.69470718,27.27403245
7/26/1993,2.7,1.212149927,32.02793814,22.77832019,27.40312917
7/27/1993,1.44,0.4415900098,29.91251781,22.11193338,26.01222559
7/28/1993,1.22,1.262536102,30.21825679,21.80199785,26.01012732
7/29/1993,1.5,15.8640132,28.02167904,21.53006462,24.77587183
7/30/1993,7.85,23.45298199,28.53354984,21.48283736,25.0081936
7/31/1993,9.09,21.34756281,26.82812936,21.99103096,24.40958016
8/1/1993,5.02,6.812285247,29.98993584,22.21109438,26.10051511
8/2/1993,42.07,37.23650405,28.1097447,22.27832019,25.19403244
8/3/1993,32.57,5.395759852,27.30071248,22.41567548,24.85819398
8/4/1993,27.95,28.16576662,28.17645115,22.14832103,25.16238609
8/5/1993,114.4,15.352209,27.34451656,21.79741734,24.57096695
8/6/1993,53.13,6.865649042,28.87271061,22.02477104,25.44874083
8/7/1993,17,0.7203600312,30.70813043,22.11199731,26.41006387
8/8/1993,10.11,0.2057367846,32.09903296,21.95109415,27.02506355
8/9/1993,6.91,0.05853237235,31.82354885,21.9583205,26.89093467
8/10/1993,4.41,0,31.1490963,21.96019106,26.55464368
8/11/1993,5.88,5.150332855,30.65619478,22.48838512,26.57228995
8/12/1993,10.31,4.136931591,31.02993658,21.73290129,26.38141894
8/13/1993,6.31,0.6672235045,31.54445338,21.4665141,26.50548374
8/14/1993,5.25,6.312336546,32.14987331,22.10019045,27.12503188
8/15/1993,4.3,0.01180416265,31.68703485,22.92922486,27.30812985
8/16/1993,3.77,9.2848241,27.66426224,21.32290145,24.49358184
8/17/1993,3.37,4.050519472,28.5870984,21.84470853,25.21590347
8/18/1993,2.99,0.194358734,30.95529244,22.08935102,26.52232173
8/19/1993,2.29,2.886945194,31.67980833,21.78199739,26.73090286
8/20/1993,2.64,13.71983888,30.43619547,22.61290063,26.52454805
8/21/1993,1.13,10.74857535,28.33619509,21.6665788,25.00138694
8/22/1993,1.96,7.659797616,28.60251835,21.60025456,25.10138645
8/23/1993,2.12,0.1643561799,29.26251819,21.35844816,25.31048318
8/24/1993,3.47,0.9883744813,31.47174201,21.18941533,26.33057867
8/25/1993,3.04,3.452385647,31.25993629,20.98477186,26.12235408
8/26/1993,3.93,12.20284542,30.88258297,21.53483521,26.20870909
8/27/1993,4.36,0,31.5870984,22.06664235,26.82687038
8/28/1993,3.08,2.712723227,32.32806698,22.77928744,27.55367721
8/29/1993,14.72,3.184616094,31.00522791,22.46664214,26.73593503
8/30/1993,38,2.312196058,31.17529192,22.42645115,26.80087154
8/31/1993,10.11,3.985664393,30.8926454,22.3902553,26.64145035
9/1/1993,46.35,3.593533489,27.44819413,21.84760855,24.64790134
9/2/1993,47.08,10.3309844,29.0107755,21.40386879,25.20732215
9/3/1993,36.69,7.642302444,28.46161564,21.14928828,24.80545196
9/4/1993,18.54,0.1303868274,29.62793852,21.47115854,25.54954853
9/5/1993,12.31,1.490603902,30.47258312,21.53019076,26.00138694
9/6/1993,9.09,2.721384141,30.40993591,21.29916003,25.85454797
9/7/1993,8,1.692338113,30.43877737,21.81025538,26.12451637
9/8/1993,6.17,0.1226701374,31.41348506,21.6566425,26.53506378
9/9/1993,5.53,0.4189991269,31.45619575,21.59122158,26.52370867
9/10/1993,5.02,0,30.82909661,21.34483467,26.08696564
9/11/1993,3.4,0,31.91083923,21.18851202,26.54967562
9/12/1993,3.42,0,32.08373932,21.04593056,26.56483494
9/13/1993,3.03,0,32.18638571,21.46580276,26.82609424
9/14/1993,2.46,0.3912577468,32.58722801,22.3939325,27.49058025
9/15/1993,2.29,0.160964024,32.45180739,23.14212587,27.79696663
9/16/1993,1.96,9.264593803,32.64090288,23.13561086,27.88825687
9/17/1993,1.81,2.535927694,31.61709891,22.28012682,26.94861287
9/18/1993,5.54,1.050547479,31.43451671,21.18651358,26.31051515
9/19/1993,5.53,0,31.93271008,22.11380394,27.02325701
9/20/1993,4.3,0.03670764799,32.25716415,21.91296571,27.08506493
9/21/1993,3.63,0.03494076753,32.09909533,21.74464422,26.92186977
9/22/1993,2.64,4.719681253,30.58122135,21.97657826,26.27889981
9/23/1993,2.29,1.510706899,30.15187018,22.18290032,26.16738525
9/24/1993,115,29.89953957,30.10729067,22.15754582,26.13241824
9/25/1993,14.7,0.9417914971,29.61031873,21.69109392,25.65070632
9/26/1993,5.27,0.09445571871,29.78729097,21.72567495,25.75648296
9/27/1993,4.19,0,30.48464399,22.35386765,26.41925582
9/28/1993,5.28,1.918241352,30.80025515,21.46935191,26.13480353
9/29/1993,4.66,0,30.45470741,21.93122174,26.19296457
9/30/1993,4.15,0,32.00935109,22.42193458,27.21564284
10/1/1993,3.56,2.935247376,32.56735542,22.71561078,27.6414831
10/2/1993,3.22,5.727410312,33.22271099,22.17554784,27.69912942
10/3/1993,2.64,0.00002938853594,32.38251713,21.87554669,27.12903191
10/4/1993,2.81,0.1549080738,33.09548207,22.19380387,27.64464297
10/5/1993,2.54,0,33.22896818,21.53844847,27.38370832
10/6/1993,2.29,0.03132654616,33.69529065,21.06393258,27.37961161
10/7/1993,2.29,0,33.38161398,22.1521261,27.76687004
10/8/1993,2.46,7.008768021,32.27432662,22.09470853,27.18451758
10/9/1993,2.46,4.289946453,31.69348575,22.46031894,27.07690234
10/10/1993,2.64,28.29108909,28.91761942,21.65025553,25.28393747
10/11/1993,3.63,4.681751102,30.14865032,22.23464399,26.19164715
10/12/1993,3.63,1.953144653,30.24258167,22.28283677,26.26270922
10/13/1993,16.89,21.0811587,31.54445338,22.05657819,26.80051578
10/14/1993,24.25,15.9434377,30.53258259,21.51103142,26.021807
10/15/1993,21.65,4.04077809,31.28174321,21.63657811,26.45916066
10/16/1993,16.89,2.132521019,31.23909646,21.93477089,26.58693367
10/17/1993,14.72,10.10690445,30.93258221,21.99928866,26.46593544
10/18/1993,11.92,5.412539665,29.9779389,21.78832042,25.88312966
10/19/1993,126.6,47.20896569,30.44716295,20.64735378,25.54725836
10/20/1993,19.56,0.01754802991,30.91071118,21.15096687,26.03083903
10/21/1993,57.1,1.238040841,30.67987226,20.45741718,25.56864472
10/22/1993,32.88,0.4417284204,30.42180671,20.39935222,25.41057946
10/23/1993,17.95,0.6581957749,30.83258183,20.87374006,25.85316094
10/24/1993,14.72,0,31.38541905,19.70083997,25.54312951
10/25/1993,13.09,0,31.59167874,19.73709802,25.66438838
10/26/1993,11.49,0,32.09812982,19.74541949,25.92177465
10/27/1993,8.72,0,32.70993706,20.79728946,26.75361326
10/28/1993,7.43,0,32.3426479,21.61464315,26.97864552
10/29/1993,5.8,0,31.82438823,19.7108402,25.76761421
10/30/1993,5.76,0,31.03806624,18.36773688,24.70290156
10/31/1993,5.1,0,30.97174201,17.16315578,24.06744889
11/1/1993,3.85,0,30.50167859,16.10754485,23.30461172
11/2/1993,2.95,0,30.28703506,16.31515392,23.30109449
11/3/1993,2.64,0,30.43529215,14.73025546,22.5827738
11/4/1993,2.52,0,30.20167935,15.66748124,22.9345803
11/5/1993,2.26,0,31.03806624,16.53477127,23.78641876
11/6/1993,2.11,0,30.58703429,16.94935163,23.76819296
11/7/1993,2.12,0,30.67342136,17.40038167,24.03690151
11/8/1993,1.95,0,30.57800149,17.72941608,24.15370878
11/9/1993,1.76,0,30.52342174,16.82741802,23.67541988
11/10/1993,1.77,0,30.49432437,16.03941563,23.26687
11/11/1993,1.53,0,30.28335786,17.66670493,23.9750314
11/12/1993,1.52,0,28.70245462,18.52367748,23.61306605
11/13/1993,1.38,0,30.4487776,18.50928889,24.47903325
11/14/1993,1.38,0,30.74697194,16.66548367,23.70622781
11/15/1993,1.38,0,30.76697066,16.57832134,23.672646
11/16/1993,1.25,0,31.18071164,17.97832096,24.5795163
11/17/1993,0.69,0,32.05884214,19.0081936,25.53351787
11/18/1993,0.69,0,32.67439017,18.38625999,25.53032508
11/19/1993,0.69,0,32.23348493,17.86071195,25.04709844
11/20/1993,0.69,0,32.12432544,18.96625992,25.54529268
11/21/1993,0.69,0,31.36161526,19.61451701,25.48806614
11/22/1993,0.69,0,30.42438861,18.72367651,24.57403256
11/23/1993,0.69,0,30.86890554,17.3636137,24.11625962
11/24/1993,0.6,0,30.49161442,15.50993621,23.00077531
11/25/1993,0.6,0,29.92709855,13.91748124,21.9222899
11/26/1993,0.6,0,29.15619478,12.05651425,20.60635451
11/27/1993,0.6,0,28.90884235,10.94838429,19.92861332
11/28/1993,0.6,0,29.10613144,10.90838433,20.00725788
11/29/1993,0.6,0,29.14342241,12.49109498,20.81725869
11/30/1993,0.6,0,29.61606773,12.17760848,20.8968381
12/1/1993,0.6,0,29.38606819,12.45386803,20.91996811
12/2/1993,0.6,0,29.56877826,11.97567503,20.77222665
12/3/1993,0.6,0,29.04245477,12.04760932,20.54503204
12/4/1993,0.6,0,28.91245561,12.73844819,20.8254519
12/5/1993,0.6,0.2271702707,28.59806588,14.49199829,21.54503209
12/6/1993,0,15.26726961,26.15509005,16.29851254,21.2268013
12/7/1993,0,1.460824014,23.68812997,16.2830926,19.98561128
12/8/1993,0,1.960080539,24.84754462,17.59632319,21.2219339
12/9/1993,0,0.07952123255,28.4463875,17.53722703,22.99180727
12/10/1993,0,0.06345633709,28.89354871,14.43928824,21.66641848
12/11/1993,0,0,28.94709884,13.98851221,21.46780552
12/12/1993,0,0,29.32167845,13.74561147,21.53364496
12/13/1993,0,0,28.87535662,13.29580268,21.08557965
12/14/1993,0,0,28.21077626,11.98922441,20.10000034
12/15/1993,0,0,27.45613182,10.90006364,19.17809773
12/16/1993,0,0,27.27709876,11.4400636,19.35858118
12/17/1993,0,0,27.07884243,11.36645065,19.22264654
12/18/1993,0,0,27.45980901,10.69374071,19.07677486
12/19/1993,0,0,27.39335847,11.06296524,19.22816185
12/20/1993,0,0,26.20858585,10.17741745,18.19300165
12/21/1993,0,0,27.44064793,10.43019133,18.93541963
12/22/1993,0,0,27.79077619,10.21561087,19.00319353
12/23/1993,0,0,27.48432587,11.02025542,19.25229065
12/24/1993,0,0,27.41077529,11.01851194,19.21464362
12/25/1993,0,0,27.23980796,11.51405948,19.37693372
12/26/1993,0,0,27.16342113,11.43483482,19.29912798
12/27/1993,0,0,26.8143258,11.70019083,19.25725832
12/28/1993,0,0,27.40522926,13.30090351,20.35306639
12/29/1993,0,0,26.01722658,15.35954328,20.68838493
12/30/1993,0,0,28.56877826,14.48115877,21.52496852
12/31/1993,0,0,28.48071279,13.56109476,21.02090377
1/1/1994,0,0,28.90432595,13.58548366,21.24490481
1/2/1994,0,0,29.30716338,14.36561135,21.83638737
1/3/1994,0,0,29.34071149,14.51909714,21.92990432
1/4/1994,0,0,29.85354953,14.24451626,22.0490329
1/5/1994,0,0,29.8661956,13.99103104,21.92861332
1/6/1994,0,0,29.95445323,14.27470797,22.1145806
1/7/1994,0,0,29.77632349,14.03470812,21.9055158
1/8/1994,0,0,29.92271002,13.93296521,21.92783762
1/9/1994,0,0,30.19825633,14.08561075,22.14193354
1/10/1994,0,0,28.9064507,15.47277319,22.18961194
1/11/1994,0,0,28.31825717,15.2301275,21.77419234
1/12/1994,0,0,29.10632341,15.94638664,22.52635502
1/13/1994,0,0,29.21380432,16.88283698,23.04832065
1/14/1994,0,0,30.40541934,17.37580261,23.89061097
1/15/1994,0,1.051261401,30.15722597,17.11605656,23.63664126
1/16/1994,0,0,29.10903336,13.15250815,21.13077076
1/17/1994,0,0,27.38839591,12.34239103,19.86539347
1/18/1994,0,0,29.4634221,15.07851236,22.27096723
1/19/1994,0,0.00100246295,29.63148768,17.5979906,23.61473914
1/20/1994,0,0,29.59606727,18.76521853,24.1806429
1/21/1994,0,0.06271325609,29.03535647,17.91199828,23.47367738
1/22/1994,0,0,28.93722665,17.35025456,23.14374061
1/23/1994,0,0,30.13167965,17.38115839,23.75641902
1/24/1994,0,0,30.82987205,17.44122196,24.13554701
1/25/1994,0,0,31.13980932,16.90386879,24.02183906
1/26/1994,0,0,31.17968045,16.41031796,23.79499921
1/27/1994,0,0,31.61703498,16.45096628,24.03400063
1/28/1994,0,0,31.9878752,15.15909653,23.57348586
1/29/1994,0,0,31.83516563,14.37903286,23.10709925
1/30/1994,0,0,32.43974635,15.40187018,23.92080827
1/31/1994,0,0,32.22264515,14.99967072,23.61115793
2/1/1994,0,0,30.88451574,15.40992561,23.14722067
2/2/1994,0,0,30.47896836,15.32721574,22.90309205
2/3/1994,0,0,29.22167981,13.98199807,21.60183894
2/4/1994,0,0,30.2480655,15.24748117,22.74777333
2/5/1994,0,0,30.91342113,17.40561132,24.15951622
2/6/1994,0,0,31.90438832,18.65141303,25.27790068
2/7/1994,0,0,31.43890524,18.416641,24.92777312
2/8/1994,0,0,32.10606923,17.83225254,24.96916089
2/9/1994,0,0,32.01451507,17.48979836,24.75215671
2/10/1994,0,0,30.64103075,16.72540968,23.68322022
2/11/1994,0,0,31.47064845,18.29799137,24.88431991
2/12/1994,0,0,32.22968143,17.69353852,24.96160997
2/13/1994,0,0,32.10716262,17.31553606,24.71134934
2/14/1994,0,0,33.55335675,18.77263513,26.16299594
2/15/1994,0,0,33.39142553,19.77328426,26.5823549
2/16/1994,0,0,32.87258083,19.37038289,26.12148186
2/17/1994,0,0,33.10174308,19.87702404,26.48938356
2/18/1994,0,0,33.26890707,20.05321928,26.66106317
2/19/1994,0,0,34.26684435,20.09502665,27.1809355
2/20/1994,0,0,34.81148642,20.22508992,27.51828817
2/21/1994,0,0,34.64703567,18.90496218,26.77599892
2/22/1994,0,0,33.24573934,16.13070115,24.68822024
2/23/1994,0,0,30.3630285,13.97134957,22.16718903
2/24/1994,0,0,31.96626009,15.02483498,23.49554753
2/25/1994,0,0,33.0252301,16.10393167,24.56458089
2/26/1994,0,0,33.48884245,15.61103093,24.54993669
2/27/1994,0,0,33.96432559,15.71477149,24.83954854
2/28/1994,0,0,34.73793896,17.58851164,26.1632253
3/1/1994,0,0,34.551678,17.79399605,26.17283703
3/2/1994,0,0,34.48800133,18.17057411,26.32928772
3/3/1994,0,0,34.37606969,18.71237975,26.54422472
3/4/1994,0,0,34.59697059,19.36128598,26.97912828
3/5/1994,0,0,35.00703628,19.08290168,27.04496898
3/6/1994,0,0,36.56167979,19.91386885,28.23777432
3/7/1994,0,0,37.0234855,20.60103157,28.81225853
3/8/1994,0,0,37.41270962,19.89115862,28.65193412
3/9/1994,0,0,37.40632456,20.58515429,28.99573943
3/10/1994,0,0,37.33613115,21.29237967,29.31425541
3/11/1994,0,0,37.25335717,20.53038274,28.89186996
3/12/1994,0,0,38.27258236,20.67412326,29.47335281
3/13/1994,0,0,38.41342286,20.7083205,29.56087168
3/14/1994,0,0,38.65606847,21.33748219,29.99677533
3/15/1994,0,0,39.01432482,21.60838422,30.31135452
3/16/1994,0,0,39.0932953,22.29206155,30.69267843
3/17/1994,0,0,39.04329606,21.53187125,30.28758366
3/18/1994,0,0,39.00432616,22.14109468,30.57271042
3/19/1994,0,0,39.30270935,21.88374029,30.59322482
3/20/1994,0,0,40.19174323,21.52909737,30.8604203
3/21/1994,0,0,40.15542107,21.98625864,31.07083986
3/22/1994,0,0,40.08367712,23.67302814,31.87835263
3/23/1994,0,0,39.9274184,22.09825769,31.01283805
3/24/1994,0,0,40.23812921,22.01025441,31.12419181
3/25/1994,0,0,39.89529141,20.8429019,30.36909666
3/26/1994,0,0,39.76426245,22.50754446,31.13590346
3/27/1994,0,0,39.35677901,23.18031842,31.26854871
3/28/1994,0,0,39.93703658,22.65832126,31.29767892
3/29/1994,0,0,39.75877706,23.20754523,31.48316114
3/30/1994,0,0,38.83045552,23.93954321,31.38499936
3/31/1994,0,0,38.92400656,24.66218853,31.79309754
4/1/1994,0,0,39.84703643,24.87864043,32.36283843
4/2/1994,0,0,38.45949072,23.90353934,31.18151503
4/3/1994,0,0,37.99800313,23.46889476,30.73344894
4/4/1994,0,0,37.80052224,23.55857679,30.67954952
4/5/1994,0,4.302886156,37.77781201,23.06883103,30.42332152
4/6/1994,0,0,38.0398072,24.48502604,31.26241662
4/7/1994,0,0.3682080712,38.10993477,23.13696033,30.62344755
4/8/1994,0,0.4273213695,34.7127092,22.26250876,28.48760898
4/9/1994,0,1.397198231,32.55936167,21.65580156,27.10758162
4/10/1994,0,0.628819803,32.43432646,20.02748099,26.23090372
4/11/1994,0,0,34.85800374,21.42044606,28.1392249
4/12/1994,0,1.06777969,31.94915965,19.91515422,25.93215693
4/13/1994,0,0,32.24800313,20.44489899,26.34645106
4/14/1994,0,0,36.12290242,23.37838451,29.75064346
4/15/1994,0,0.06001524531,37.79638598,23.48832118,30.64235358
4/16/1994,0,0,38.16999817,23.05645031,30.61322424
4/17/1994,0,0.4580601466,39.11529228,25.44676955,32.28103092
4/18/1994,0,0,39.38625826,24.09309215,31.7396752
4/19/1994,0,0,39.65096704,22.77057449,31.21077077
4/20/1994,0,0,39.68825784,23.35315631,31.52070708
4/21/1994,0,0,39.86457939,24.31760977,32.09109458
4/22/1994,0,0,39.79548283,24.51212497,32.1538039
4/23/1994,0,0,40.03103014,23.54947988,31.79025501
4/24/1994,0,0,40.20174155,23.69599428,31.94886792
4/25/1994,0,0,40.51006416,24.66238051,32.58622234
4/26/1994,0,0,40.65999985,25.71960609,33.18980297
4/27/1994,0,0,40.93812997,25.62567474,33.28190235
4/28/1994,0,0.04332655173,39.1722623,21.93251827,30.55239029
4/29/1994,0,0.564497066,39.08787541,23.56367666,31.32577603
4/30/1994,0,0,39.95625795,25.01502673,32.48564234
5/1/1994,0,0.02779732172,39.69348402,22.93044629,31.31196515
5/2/1994,0,0,39.18438884,24.16760825,31.67599854
5/3/1994,0,0,39.53193328,25.62057296,32.57625312
5/4/1994,0,0,40.22645213,25.55515378,32.89080295
5/5/1994,0,0.3380069555,40.68645121,26.08044591,33.38344856
5/6/1994,0,0,40.8401904,25.6268338,33.2335121
5/7/1994,0,0.560809164,41.4672256,26.06928836,33.76825698
5/8/1994,0,0.6662743535,41.5637425,26.06425069,33.8139966
5/9/1994,0,0.08500370534,41.44664325,25.52076456,33.4837039
5/10/1994,0,0,41.27561025,26.30444244,33.79002635
5/11/1994,0,0,41.24019158,26.80999003,34.02509081
5/12/1994,0,0.03564517885,41.32212444,27.27095654,34.29654049
5/13/1994,0,0,42.39109278,28.18954321,35.29031799
5/14/1994,0,0,43.27928935,28.54838459,35.91383697
5/15/1994,0,0,42.65548344,28.34689722,35.50119033
5/16/1994,0,0,42.24426199,27.47057334,34.85741767
5/17/1994,0,0.1643561799,42.86999893,26.83599367,34.8529963
5/18/1994,0,0,42.74083898,27.16070175,34.95077036
5/19/1994,0,0,42.64470604,26.67624801,34.66047702
5/20/1994,0,0,43.01102968,27.81599321,35.41351145
5/21/1994,0,0,43.02529213,26.75302806,34.8891601
5/22/1994,0,0,41.87077455,28.33225254,35.10151354
5/23/1994,0,0,43.19909728,27.11973376,35.15941552
5/24/1994,0,0,42.45838617,26.86908636,34.66373626
5/25/1994,0,0,43.33102938,27.43895801,35.38499369
5/26/1994,0,0,43.27012833,25.73580322,34.50296577
5/27/1994,0,0,40.22865007,26.45147794,33.340064
5/28/1994,0,0.3146785679,40.301678,26.45818319,33.37993059
5/29/1994,0,0.1017268058,39.87903208,26.20063699,33.03983454
5/30/1994,0,0,41.01710044,25.91160506,33.46435275
5/31/1994,0,0,40.7172256,27.18341215,33.95031888
6/1/1994,0,0.6540876466,41.77561025,26.29734397,34.03647711
6/2/1994,0,0.6446554069,42.00225262,25.42444138,33.713347
6/3/1994,0,2.083325369,40.85805494,26.53547317,33.69676406
6/4/1994,0,0.5261170868,40.12528325,25.69154182,32.90841253
6/5/1994,0,0.02428509166,39.19515508,27.07095578,33.13305543
6/6/1994,0,0,38.52057432,25.08811842,31.80434637
6/7/1994,0,0,37.75257073,25.67547256,31.71402165
6/8/1994,0,2.191350446,38.74967072,25.53218937,32.14093004
6/9/1994,0,7.666910764,38.83115725,23.8440594,31.33760832
6/10/1994,0,25.45861,37.0783851,23.43412349,30.25625429
6/11/1994,0,4.892021494,32.47670457,22.92483459,27.70076958
6/12/1994,0,4.816240133,33.12729095,22.9083852,28.01783807
6/13/1994,0,1.443316941,32.79754521,23.37128621,28.08441571
6/14/1994,0,12.76367856,32.65657683,23.28367771,27.97012727
6/15/1994,0,0.2197125469,30.83316702,23.48090286,27.15703494
6/16/1994,0,4.123008047,30.25871486,23.02825799,26.64348643
6/17/1994,0,1.144785975,31.6774806,22.62218952,27.14983506
6/18/1994,0,0.1139028727,31.41735424,23.03477127,27.22606275
6/19/1994,0,0,30.73510132,23.28283677,27.00896904
6/20/1994,0,0,32.02503639,23.42025426,27.72264532
6/21/1994,0,0.1422004169,33.11806443,23.50832164,28.31319304
6/22/1994,0,0.6489397394,31.60942641,22.9362594,27.2728429
6/23/1994,0,0.007454030406,29.77697089,22.72367651,26.2503237
6/24/1994,0,0.5797935156,31.53748104,23.01502673,27.27625388
6/25/1994,0,0,33.02825799,23.1811578,28.1047079
6/26/1994,0,0.0896159706,33.73445392,23.27760886,28.50603139
6/27/1994,0,0,33.33445239,23.58832157,28.46138698
6/28/1994,0,6.922097307,32.72890616,22.77548411,27.75219513
6/29/1994,0,11.37131897,30.42374121,22.19832027,26.31103074
6/30/1994,0,2.956359103,31.48458005,22.50283782,26.99370893
7/1/1994,0,0.1643561799,32.98025563,22.91115908,27.94570735
7/2/1994,0,2.468323549,32.81115679,22.74296563,27.77706121
7/3/1994,0,23.58194275,31.34167874,21.83548375,26.58858124
7/4/1994,0,9.269523712,26.39961757,21.70903357,24.05432557
7/5/1994,0,5.33669883,25.83825746,20.74302957,23.29064351
7/6/1994,0,6.051669367,31.60645129,22.13296502,26.86970815
7/7/1994,0,0.03571722903,33.2127092,23.29218942,28.25244931
7/8/1994,0,11.95737147,32.35987274,21.9810309,27.17045182
7/9/1994,0,1.951817038,30.02619562,22.48302934,26.25461248
7/10/1994,0,1.757897406,29.17503774,22.11832035,25.64667904
7/11/1994,0,5.870972059,25.82052096,21.71367628,23.76709862
7/12/1994,0,16.15228937,25.97432564,21.54386818,23.75909691
7/13/1994,0,0.2090920173,27.05277312,21.77857611,24.41567461
7/14/1994,0,7.889778142,27.64109468,21.09554791,24.3683213
7/15/1994,0,3.929174533,29.2581936,22.36103006,25.80961183
7/16/1994,0,2.289397267,30.86006455,22.51657744,26.68832099
7/17/1994,0,0.05226104674,31.77716287,22.63296502,27.20506395
7/18/1994,0,2.566814887,31.59006409,22.17187064,26.88096737
7/19/1994,0,1.365605746,30.88090248,22.9083852,26.89464384
7/20/1994,0,2.620132898,30.5036772,22.30922419,26.4064507
7/21/1994,0,2.756170974,28.75632303,22.18470695,25.47051499
7/22/1994,0,0.9747885866,29.50290175,22.33851164,25.9207067
7/23/1994,0,1.992233865,30.84103134,22.27657767,26.5588045
7/24/1994,0,8.295211902,30.86729089,22.09103134,26.47916112
7/25/1994,0,1.845509913,30.01529208,22.25374113,26.1345166
7/26/1994,0,0.1444077897,30.17161473,22.57838527,26.375
7/27/1994,0,0.3406548232,31.33993622,22.88489952,27.11241787
7/28/1994,0,1.168532379,30.33464437,22.4273543,26.38099933
7/29/1994,0,1.129443336,30.02071179,22.37000084,26.19535632
7/30/1994,0,0.03959953653,30.05058444,22.53464323,26.29261383
7/31/1994,0,2.23790859,29.72638645,22.35825792,26.04232219
8/1/1994,0,2.629479287,27.97083869,22.31561116,25.14322493
8/2/1994,0,11.07353124,28.04090406,21.82374083,24.93232244
8/3/1994,0,0,30.66709832,22.16393122,26.41551477
8/4/1994,0,0.07547124143,30.38619606,22.58218861,26.48419233
8/5/1994,0,0.0418088374,30.36000061,21.97580299,26.1679018
8/6/1994,0,0.02864628246,32.11542016,21.78412387,26.94977201
8/7/1994,0,0.01987741442,32.61354803,22.57025561,27.59190182
8/8/1994,0,0,31.27316739,22.76212497,27.01764618
8/9/1994,0,0,31.55877804,22.87302873,27.21590338
8/10/1994,0,0.5063503469,31.65522909,22.06090278,26.85806594
8/11/1994,0,2.69510772,27.54839575,21.96819286,24.75829431
8/12/1994,0,7.43956206,25.99232766,21.31832111,23.65532439
8/13/1994,0,8.996818157,25.67458059,21.92838392,23.80148225
8/14/1994,0,1.241887674,30.13355022,21.84477074,25.98916048
8/15/1994,0,0.003571722903,31.00793768,22.0827738,26.54535574
8/16/1994,0,0,30.84155087,21.780904,26.31122743
8/17/1994,0,0,30.1425832,22.42664123,26.28461221
8/18/1994,0,5.603065876,29.86264645,22.11393181,25.98828913
8/19/1994,0,25.50033834,28.68020172,21.45064816,25.06542494
8/20/1994,0,0.000005706843607,29.54709922,21.29728946,25.42219434
8/21/1994,0,0.07817179139,32.44516624,22.01928721,27.23222673
8/22/1994,0,25.58234968,32.23716369,21.23161593,26.73438981
8/23/1994,0,2.716406876,26.5902655,21.84890509,24.21958529
8/24/1994,0,8.470898111,31.2650379,21.7063238,26.48568085
8/25/1994,0,26.59660609,29.2607755,21.96206163,25.61141856
8/26/1994,0,1.877047095,28.27877752,21.67380514,24.97629133
8/27/1994,0,6.013923666,26.36787436,21.16348506,23.76567971
8/28/1994,0,1.313664986,27.86006455,20.88258297,24.37132376
8/29/1994,0,2.689130506,29.60793807,21.76103142,25.68448474
8/30/1994,0,20.53206954,29.21574999,21.72464376,25.47019688
8/31/1994,47.58,28.12393306,25.57354885,21.32180632,23.44767759
9/1/1994,12.29,0,29.10187095,21.34090347,25.22138721
9/2/1994,7.11,0.2508133436,29.66510145,21.92445254,25.794777
9/3/1994,4.69,0.1453152697,29.66613107,21.37174336,25.51893722
9/4/1994,7.38,0.7752948533,29.27329369,21.35180701,25.31255035
9/5/1994,3.24,11.91884446,28.89400587,21.28083989,25.08742288
9/6/1994,4.69,10.77944599,28.40342263,21.81348642,25.10845453
9/7/1994,10.29,0.02593381412,29.73019152,20.68535609,25.2077738
9/8/1994,4.91,0,31.97277319,21.18180694,26.57729006
9/9/1994,3.66,1.290566987,32.28187125,21.35832012,26.82009568
9/10/1994,2.78,0.1404726073,31.7601281,21.83199836,26.79606323
9/11/1994,2.44,0.8809161997,32.15367681,21.11199731,26.63283706
9/12/1994,1.62,2.834386302,32.83277363,22.29193368,27.56235366
9/13/1994,1.54,0.02120943945,31.72819291,22.00832164,26.86825728
9/14/1994,1.26,0.6435692281,31.55619613,21.42393128,26.49006371
9/15/1994,1.09,0,31.42787382,21.13664222,26.28225802
9/16/1994,0.58,0,31.70993688,22.86483513,27.28738601
9/17/1994,0.37,0.4842233783,31.16800164,22.17025426,26.66912795
9/18/1994,0.34,0.08013550564,29.57006363,21.78141392,25.67573878
9/19/1994,0.26,0,29.7961959,21.31599321,25.55609456
9/20/1994,0.23,0.2611882893,31.72516502,20.47218973,26.09867738
9/21/1994,0.2,0,31.6028382,18.56754566,25.08519193
9/22/1994,0.12,0,31.71903206,19.10180701,25.41041954
9/23/1994,0.09,0,32.65000153,20.37457944,26.51229048
9/24/1994,0,0,33.36064801,21.13819293,27.24942047
9/25/1994,0,0,33.39890432,22.90283744,28.15087088
9/26/1994,0,0.009628122607,33.79161383,22.86838428,28.32999906
9/27/1994,0,0.008385784206,33.85632151,22.26735445,28.06183798
9/28/1994,0,0,33.15083883,20.33071126,26.74077504
9/29/1994,0,0,33.98258144,19.89548322,26.93903233
9/30/1994,0,0,33.91709815,19.87567474,26.89638644
10/1/1994,0,0,33.54697135,21.91025576,27.72861356
10/2/1994,0,0.3574655597,33.521551,21.87567474,27.69861287
10/3/1994,0,0.1743079698,32.99529335,21.39464384,27.19496859
10/4/1994,0,6.668004404,32.44264637,22.04754538,27.24509588
10/5/1994,0,9.458147138,31.27974477,22.20676978,26.74325728
10/6/1994,2.44,53.48470216,30.57400617,21.46199769,26.01800193
10/7/1994,42.67,19.6444278,27.17710972,20.92103126,24.04907049
10/8/1994,3.21,2.033044403,29.14297642,21.34044614,25.24171128
10/9/1994,1.47,0.01646098381,32.05219926,21.3883208,26.72026003
10/10/1994,0.97,0,31.91316712,20.14206193,26.02761453
10/11/1994,0.95,0,32.62581395,19.67664123,26.15122759
10/12/1994,0.89,0,32.78400717,19.73767205,26.26083961
10/13/1994,0.58,0,33.23310444,20.60464483,26.91887464
10/14/1994,0.5,0,33.29974349,22.04748127,27.67361238
10/15/1994,0.37,7.553328201,31.99012608,21.69844831,26.8442872
10/16/1994,8.51,1.954463589,30.76890516,21.848384,26.30864458
10/17/1994,1.72,0,31.54896979,20.66283766,26.10590372
10/18/1994,1.36,0.02211165611,31.6698081,21.0036772,26.33674265
10/19/1994,1.32,0,31.62516481,20.32302949,25.97409715
10/20/1994,1.28,0.2035271408,30.24625887,21.03464323,25.64045105
10/21/1994,0.97,0.6789108875,30.54006312,21.37844845,25.95925578
10/22/1994,0.83,5.042221415,32.07741629,20.8900635,26.48373989
10/23/1994,0.83,1.826985626,30.82361295,20.79464345,25.8091282
10/24/1994,0.83,0,31.08180655,19.82683282,25.45431969
10/25/1994,0.83,0,30.56167996,20.55050933,25.55609465
10/26/1994,0.83,1.219653747,30.78890562,20.25489863,25.52190212
10/27/1994,0.83,0,30.94548419,18.81664235,24.88106327
10/28/1994,0.74,0,31.38342218,19.30425046,25.34383632
10/29/1994,0,1.174042164,29.96703536,19.69780091,24.83241814
10/30/1994,0,0,29.90438815,20.17180671,25.03809743
10/31/1994,0,0,30.47019129,19.75296569,25.11157849
11/1/1994,0,0,29.52722681,19.50645108,24.51683894
11/2/1994,0,0,26.51110478,17.14367659,21.82739068
11/3/1994,0,2.986295382,23.85000981,17.83722627,20.84361804
11/4/1994,0,0.1712914765,24.09167874,19.10470703,21.59819288
11/5/1994,0,0,28.58522783,19.68031842,24.13277313
11/6/1994,0,0.7300865569,28.13845984,19.92386734,24.03116359
11/7/1994,0,0.336561141,29.26697066,18.86638758,24.06667912
11/8/1994,0,0.2111346288,30.81974551,19.22819291,25.02396921
11/9/1994,0,0.2943974378,29.78329392,18.73735393,24.26032393
11/10/1994,0,3.63009854,29.50167859,17.86561057,23.68364458
11/11/1994,0,0,30.25793768,18.28199739,24.26996754
11/12/1994,0,0,30.52619562,18.72374044,24.62496803
11/13/1994,0,0,30.25890493,19.253869,24.75638697
11/14/1994,0,0,29.75329514,19.22993561,24.49161538
11/15/1994,0,0.3643642141,30.37155155,19.27025464,24.8209031
11/16/1994,0,0,28.37290086,19.03838436,23.70564261
11/17/1994,0,0,29.15999985,19.22025523,24.19012754
11/18/1994,0,0,30.50844778,17.94012667,24.22428722
11/19/1994,0,0,29.60709869,15.99974495,22.80342182
11/20/1994,0,0,29.138906,13.79064823,21.46477712
11/21/1994,0,0,28.78709899,16.39496195,22.59103047
11/22/1994,0,0,28.46606811,16.43844808,22.4522581
11/23/1994,0,0,28.89354871,14.94838429,21.9209665
11/24/1994,0,0,28.61903342,14.08296483,21.35099912
11/25/1994,0,0,28.13619606,13.38838474,20.7622904
11/26/1994,0,0,27.88793875,12.85561113,20.37177494
11/27/1994,0,0,28.45516457,12.94832114,20.70174285
11/28/1994,0,0,29.27510032,13.32283751,21.29896892
11/29/1994,0,0,30.32516541,13.93199787,22.12858164
11/30/1994,0,0,30.75239183,14.72554708,22.73896945
12/1/1994,0,0,30.77968084,15.04477141,22.91222612
12/2/1994,0,0,30.70884176,15.1565777,22.93270973
12/3/1994,0,0,30.47709953,14.6154834,22.54629146
12/4/1994,0,0,29.50071134,14.89561109,22.19816121
12/5/1994,0,0,29.26716264,14.25012796,21.7586453
12/6/1994,0,0,28.88806662,13.69909649,21.29358156
12/7/1994,0,0,28.57722604,11.93277323,20.25499964
12/8/1994,0,0,28.38064847,11.89019137,20.13541992
12/9/1994,0,0,29.12432526,12.61302859,20.86867692
12/10/1994,0,0,30.48161593,12.71573883,21.59867738
12/11/1994,0,0,30.70613182,12.95283763,21.82948472
12/12/1994,0,0,30.56167996,12.27374064,21.4177103
12/13/1994,0,0,30.36529246,12.88103043,21.62316145
12/14/1994,0,0,29.72890616,13.14838497,21.43864556
12/15/1994,0,0,29.66890478,13.03374086,21.35132282
12/16/1994,0,0,29.43716272,12.96703536,21.20209904
12/17/1994,0,0,28.7815514,12.56690778,20.67422959
12/18/1994,0,0,28.64342241,13.53890562,21.09116401
12/19/1994,0,0,28.85426087,13.0972265,20.97574368
12/20/1994,0,0,28.44335771,11.69728995,20.07032383
12/21/1994,0,0,28.19800215,11.6938678,19.94593498
12/22/1994,0,0,27.53161534,9.847353591,18.68948446
12/23/1994,0,0,26.94167912,9.464771489,18.2032253
12/24/1994,0,0,27.00896904,9.674835549,18.3419023
12/25/1994,0,0,27.40884235,10.27754492,18.84319364
12/26/1994,0,0,26.96155153,10.49031875,18.72593514
12/27/1994,0,0,26.79058421,10.99464422,18.89261421
12/28/1994,0,0,27.54625984,12.44025463,19.99325723
12/29/1994,0,0,28.05071248,13.18187,20.61629124
12/30/1994,0,0,28.24890488,12.49128601,20.37009544
12/31/1994,0,0,28.12619583,10.84838478,19.4872903
1/1/1995,0,0,28.88535685,11.14941537,20.01738611
1/2/1995,0,0,29.1843249,12.77374064,20.97903277
1/3/1995,0,0,29.86516441,12.70096706,21.28306574
1/4/1995,0,0,29.88335824,13.88767254,21.88551539
1/5/1995,0,0,29.4614876,15.29657804,22.37903282
1/6/1995,0,0,28.65800141,16.75863976,22.70832058
1/7/1995,0,0,25.42574908,16.1028382,20.76429364
1/8/1995,0,8.839218379,25.66909676,16.68947927,21.17928802
1/9/1995,0,0.3348101991,26.27709876,15.00179624,20.6394475
1/10/1995,0,0,25.45470741,12.40618535,18.93044638
1/11/1995,0,0,27.0062591,14.59082914,20.79854412
1/12/1995,0,0,27.73916039,13.55302903,20.64609471
1/13/1995,0,0,24.97819291,10.87128612,17.92473952
1/14/1995,0,0,23.97806504,10.04296487,17.01051495
1/15/1995,0,0,25.71793868,12.9587035,19.33832109
1/16/1995,0,12.64895883,27.6496815,16.00051001,21.82509576
1/17/1995,30.87,14.52828543,24.02942666,14.6445799,19.33700328
1/18/1995,12.46,0.05001518872,20.57503736,11.76838485,16.17171111
1/19/1995,4.01,0,24.16697202,10.75134939,17.4591607
1/20/1995,2.4,0.01606489546,25.79890585,11.81051043,18.80470814
1/21/1995,1.96,0,28.23161593,12.76038228,20.4959991
1/22/1995,1.35,0,29.17606719,13.93767273,21.55686996
1/23/1995,0.93,0,30.07632273,13.5360575,21.80619012
1/24/1995,0.88,0,27.92535586,11.8179278,19.87164183
1/25/1995,0.74,0,27.68974462,11.96857577,19.8291602
1/26/1995,0.83,0,28.17877714,11.95844846,20.0686128
1/27/1995,0.66,0,28.16787533,12.74567454,20.45677493
1/28/1995,0.64,0,28.01058369,12.3547079,20.18264579
1/29/1995,0.74,0,27.4696812,12.82115806,20.14541963
1/30/1995,0.65,0,27.26342151,12.08031891,19.67187021
1/31/1995,0.5,0,27.86064801,13.35405954,20.60735378
2/1/1995,0,0,28.11245464,15.03044667,21.57145066
2/2/1995,0,0,29.01709871,16.36315646,22.69012758
2/3/1995,0,0,30.11961688,17.63296502,23.87629095
2/4/1995,0,0,30.94239046,18.5503832,24.74638683
2/5/1995,0,0,31.11136108,18.89863915,25.00500011
2/6/1995,0,0,30.64890623,18.87031895,24.75961259
2/7/1995,0,0,29.5941345,17.49470815,23.54442133
2/8/1995,0,0,30.43606742,18.12031895,24.27819319
2/9/1995,0,0,31.21064839,18.48405879,24.84735359
2/10/1995,0,0,32.96239109,18.21412417,25.58825763
2/11/1995,0,0,33.34606744,17.59141339,25.46874042
2/12/1995,0,0,34.28787617,18.47580299,26.38183958
2/13/1995,0,0,34.04974349,19.11470726,26.58222538
2/14/1995,0,0,33.45613008,18.41670493,25.93641751
2/15/1995,0,0,32.81367666,17.36599436,25.08983551
2/16/1995,0,0,31.44373993,15.22605708,23.33489851
2/17/1995,0,0,30.73716195,16.02263513,23.37989854
2/18/1995,0,0,33.24451808,16.61979769,24.93215789
2/19/1995,0,0,32.19264637,14.36515411,23.27890024
2/20/1995,0,0,32.4563238,15.38051012,23.91841696
2/21/1995,0,0,32.41535736,15.22592999,23.82064368
2/22/1995,0,0,33.22077649,16.65870331,24.9397399
2/23/1995,0,0,34.63903387,17.55708828,26.09806108
2/24/1995,0,0,32.69619379,16.31883112,24.50751245
2/25/1995,0,0,32.94451537,16.36695987,24.65573762
2/26/1995,0,0,33.25426066,18.93593012,26.09509539
2/27/1995,0,0,35.36523026,17.08502642,26.22512834
2/28/1995,0,0,33.25638541,17.44328434,25.34983487
3/1/1995,0,0,33.34999847,17.78496308,25.56748078
3/2/1995,0,0,35.42535603,19.65244422,27.53890012
3/3/1995,0,0,36.10535599,19.43605799,27.77070699
3/4/1995,0,0,36.17710029,20.21779946,28.19744988
3/5/1995,0,0,36.30438777,21.54702412,28.92570594
3/6/1995,0,0,36.17819368,20.11154016,28.14486692
3/7/1995,0,0,35.74180796,20.29689607,28.01935202
3/8/1995,0,0,34.34735454,19.56760977,26.95748216
3/9/1995,0,0,34.32600461,20.51489868,27.42045165
3/10/1995,0,0,34.51148684,20.33889542,27.42519113
3/11/1995,0,0.0930807595,34.40793747,20.01889399,27.21341573
3/12/1995,0,1.259256552,33.71226287,21.27580223,27.49403255
3/13/1995,0,0.2644669645,33.01503772,20.99586565,27.00545169
3/14/1995,0,0.6437034763,33.04890585,20.9931557,27.02103078
3/15/1995,0,0,34.60884138,21.03477127,27.82180632
3/16/1995,0,0,34.86445117,21.93928729,28.40186923
3/17/1995,0,0.08603909368,35.41632288,19.73212602,27.57422445
3/18/1995,0,0,34.17439017,21.67670516,27.92554767
3/19/1995,0,0,36.01270844,21.91683298,28.96477071
3/20/1995,0,1.282565546,34.81716205,21.88470754,28.3509348
3/21/1995,0,0,36.34355104,22.67657729,29.51006416
3/22/1995,0,0,36.91541974,22.82645077,29.87093525
3/23/1995,0,0,37.21354997,22.19277441,29.70316219
3/24/1995,0,0,38.01806596,22.7474181,30.38274203
3/25/1995,0,0,38.1963875,23.36832035,30.78235392
3/26/1995,0,1.032521611,35.21329423,19.03109407,27.12219415
3/27/1995,0,0.2632051746,32.45116769,18.05199785,25.25158277
3/28/1995,0,0,33.70226455,19.24038182,26.47132319
3/29/1995,0,0,36.3660679,21.00941503,28.68774147
3/30/1995,0,0,36.56800282,21.74870347,29.15835314
3/31/1995,0,0,36.21348447,22.01238072,29.1129326
4/1/1995,0,0,36.3863241,21.11431387,28.75031898
4/2/1995,0,0,37.06903418,22.05225376,29.56064397
4/3/1995,0,0,37.76800358,22.9123164,30.34015999
4/4/1995,0,0.5399993739,37.37865159,22.86857626,30.12361393
4/5/1995,0,1.732062967,37.46425974,21.73050964,29.59738469
4/6/1995,0,0.01606489546,37.79142359,22.39315532,30.09228945
4/7/1995,0,0,38.30871427,22.58051002,30.44461215
4/8/1995,0,0,38.98071279,22.56425069,30.77248174
4/9/1995,0,0,39.5209036,23.30044713,31.41067537
4/10/1995,0,0,38.99077695,24.78115801,31.88596748
4/11/1995,0,0,38.04896822,22.305547,30.17725761
4/12/1995,0,0,37.45703357,21.72573905,29.59138631
4/13/1995,0,0,38.81800282,22.63838474,30.72819378
4/14/1995,0,0,39.81445193,23.18025449,31.49735321
4/15/1995,0,0,39.48812921,22.558639,31.0233841
4/16/1995,0,0,38.67716232,20.61748114,29.64732173
4/17/1995,0,0,37.51787571,23.03844847,30.27816209
4/18/1995,0,0,37.79980899,23.23367674,30.51674287
4/19/1995,0,0,39.00980842,24.05586685,31.53283764
4/20/1995,0,0,38.77432662,21.93496287,30.35464474
4/21/1995,0,2.10938932,37.82432585,23.1067694,30.46554763
4/22/1995,0,0,39.01077741,24.02857611,31.51967676
4/23/1995,0,0,39.8798732,24.02767279,31.95377299
4/24/1995,0,0,39.83419665,24.21406007,32.02412836
4/25/1995,0,0,40.42064938,25.10767272,32.76416105
4/26/1995,0,0,40.80897001,25.93290032,33.37093517
4/27/1995,0,0,40.88161398,25.52819406,33.20490402
4/28/1995,0,0,41.24890661,25.04916003,33.14903332
4/29/1995,0,0.4117381834,40.81077664,24.6919333,32.75135497
4/30/1995,0,0.1860493264,39.15832109,23.57935252,31.36883681
5/1/1995,0,0,38.7336128,24.98147689,31.85754485
5/2/1995,0,2.313734825,39.37354982,24.13406014,31.75380498
5/3/1995,0,0,36.5745161,24.17954298,30.37702954
5/4/1995,0,4.274780766,38.78438731,23.16050994,30.97244863
5/5/1995,0,0,37.50445437,24.35767272,30.93106355
5/6/1995,0,0,39.6507768,24.1629016,31.9068392
5/7/1995,0,0,37.67400656,23.35580215,30.51490435
5/8/1995,0,0,33.48562085,22.65941465,28.07251775
5/9/1995,0,0,34.46690749,23.14922435,28.80806592
5/10/1995,0,0,35.93955264,24.71115831,30.32535548
5/11/1995,0,0,38.51606908,25.8548349,32.18545199
5/12/1995,0,0,39.14987331,25.00031812,32.07509571
5/13/1995,0,0.5522276224,38.59180678,24.28773696,31.43977187
5/14/1995,0,2.686646548,39.04999924,23.99031962,31.52015943
5/15/1995,0,0.2624903878,37.16812951,23.79128628,30.4797079
5/16/1995,0,0,36.53896956,23.96044698,30.24970827
5/17/1995,0,0,38.63987152,23.92250861,31.28119006
5/18/1995,0,0,38.438192,23.41437895,30.92628547
5/19/1995,0,0,37.79380408,23.39070146,30.59225277
5/20/1995,0,0,38.48560968,23.87779931,31.18170449
5/21/1995,0,0,39.56464565,24.63437826,32.09951195
5/22/1995,0,0.1962377428,39.45019101,25.94986155,32.70002628
5/23/1995,0,0,39.59657893,26.0417962,32.81918757
5/24/1995,0,0,39.83296388,26.90250815,33.36773601
5/25/1995,0,1.091289493,40.21025517,24.09735437,32.15380477
5/26/1995,0,0,37.99625887,24.756961,31.37660993
5/27/1995,0,0,38.87625994,24.8048996,31.84057977
5/28/1995,0,0,40.49264561,25.46677001,32.97970781
5/29/1995,0,0,41.30077451,26.79851263,34.04964357
5/30/1995,0,0.2030352291,42.20561055,27.68063827,34.94312441
5/31/1995,0,0,42.85741871,27.04141415,34.94941643
6/1/1995,0,0,43.77012833,27.52773673,35.64893253
6/2/1995,0,0,44.26567395,27.03651379,35.65109387
6/3/1995,0,0,44.80386824,27.82870339,36.31628581
6/4/1995,0,0,44.6547702,28.10250718,36.37863869
6/5/1995,0,0,44.33851164,27.93967125,36.13909144
6/6/1995,0,0,42.57935062,27.52450569,35.05192815
6/7/1995,0,0,42.45302865,27.31979828,34.88641347
6/8/1995,0,0,42.87309266,26.27412364,34.57360815
6/9/1995,0,0,41.72664237,26.38876679,34.05770458
6/10/1995,0,0,40.8401904,25.62973398,33.23496219
6/11/1995,0,0,39.22103223,26.10309238,32.66206231
6/12/1995,0,0,39.44012684,26.47592913,32.95802798
6/13/1995,0,0,39.93193481,27.06941623,33.50067552
6/14/1995,0,3.790181279,40.63380423,25.48309327,33.05844875
6/15/1995,0,0,39.08155237,25.73393265,32.40774251
6/16/1995,0,3.887022419,38.99825574,26.12561063,32.56193319
6/17/1995,0,6.517909869,39.66374098,23.78619568,31.72496833
6/18/1995,0,1.880914569,34.71432559,23.65541934,29.18487246
6/19/1995,0,1.624905182,35.25897078,24.30999947,29.78448512
6/20/1995,0,0.0000005809361756,37.16167861,24.93193481,31.04680671
6/21/1995,0,7.753870338,36.65548344,23.62386811,30.13967578
6/22/1995,0,32.85780789,34.77613325,22.0045164,28.39032482
6/23/1995,0,22.3655459,32.86568394,22.00844778,27.43706586
6/24/1995,0,2.727648501,33.5777454,22.33193443,27.95483991
6/25/1995,0,2.462187426,34.68890524,23.02483498,28.85687011
6/26/1995,0,2.893101319,34.28716293,23.89477188,29.0909674
6/27/1995,0,1.116362139,32.08832157,21.95580253,27.02206205
6/28/1995,0,25.10907452,28.79993704,21.23096679,25.01545191
6/29/1995,33.32,40.62268685,29.83793761,22.21470747,26.02632254
6/30/1995,55.8,27.86723688,30.26787398,21.97380438,26.12083918
7/1/1995,4.58,0.259311267,30.49458028,23.51573806,27.00515917
7/2/1995,1.88,0,32.51464294,23.2930288,27.90383587
7/3/1995,0.86,0,33.90896849,23.26851194,28.58874022
7/4/1995,0.63,0,34.69464325,23.29496331,28.99480328
7/5/1995,0.44,0,35.36542016,23.938704,29.65206208
7/6/1995,0,0.03344706992,36.13625826,24.68031842,30.40828834
7/7/1995,0,1.380939368,35.52174124,23.56290139,29.54232132
7/8/1995,0,7.931755985,34.94825651,22.69031865,28.81928758
7/9/1995,0,7.412326955,32.13258297,23.29573875,27.71416086
7/10/1995,1.72,8.168568158,34.44567426,22.67006401,28.55786914
7/11/1995,4.68,16.09018996,31.51522814,22.84748068,27.18135441
7/12/1995,3.66,4.044615354,30.14896843,22.55670623,26.35283733
7/13/1995,1.25,0.4299109385,31.5453567,22.87489929,27.210128
7/14/1995,17.32,20.48340368,32.58619665,22.77561042,27.68090353
7/15/1995,6.52,6.707806587,31.06709968,22.46561078,26.76635523
7/16/1995,9.91,17.30011984,30.60413473,22.25651501,26.43032487
7/17/1995,4.4,2.76331077,30.95813043,22.55664229,26.75738636
7/18/1995,3.34,9.659173951,29.72916034,22.23573928,25.98244981
7/19/1995,2.46,1.526302195,28.36535639,22.21290101,25.2891287
7/20/1995,5,17.02432615,28.35187095,21.59567405,24.9737725
7/21/1995,7.94,9.511046616,25.8416148,21.57290145,23.70725813
7/22/1995,7.21,3.724589537,28.29703528,22.06025538,25.17864533
7/23/1995,49.98,29.55045502,29.23858653,21.35199708,25.29529181
7/24/1995,305.04,26.32052212,28.41800164,21.65477194,25.03638679
7/25/1995,22.98,0.5626010376,26.57052096,21.41838543,23.99445319
7/26/1995,13.36,3.696427677,30.75522791,21.62025485,26.18774138
7/27/1995,9.07,0.9137448657,31.73993584,22.05928813,26.89961198
7/28/1995,8.93,19.08379637,31.83529177,22.20483528,27.02006353
7/29/1995,24.06,3.626212477,31.67522781,22.68573814,27.18048298
7/30/1995,10.27,0.3694573342,30.39026647,22.02109384,26.20568016
7/31/1995,8.81,0.9942419456,31.54606786,22.74122294,27.1436454
8/1/1995,6.77,2.392516418,32.03806641,23.01928721,27.52867681
8/2/1995,5.47,0.3108570715,31.71355014,22.89115862,27.30235438
8/3/1995,4.34,0.9984179465,30.95709907,22.2992879,26.62819348
8/4/1995,3.46,4.529189892,30.23909646,22.18651358,26.21280502
8/5/1995,3.92,0.05346400228,31.07896874,22.51863981,26.79880428
8/6/1995,3.24,0,33.27716114,22.11844839,27.69780476
8/7/1995,2.81,0.8832973671,33.08000183,22.6938678,27.88693482
8/8/1995,2.61,2.304689587,31.75167859,22.2829007,27.01728965
8/9/1995,2.61,0,30.71522873,22.42651509,26.57087191
8/10/1995,2.23,0.4020633745,31.93071181,22.7454836,27.33809771
8/11/1995,2.23,0,33.07432585,23.21386826,28.14409706
8/12/1995,2.05,1.664131428,33.64335691,22.6774806,28.16041876
8/13/1995,2.05,0.34164732,31.48819314,22.47567495,26.98193404
8/14/1995,2.42,0,32.28800057,21.77296441,27.03048249
8/15/1995,1.71,0,32.38800252,21.7448362,27.06641936
8/16/1995,1.4,0,32.64897017,22.6566425,27.65280633
8/17/1995,1.25,0,32.24974426,22.68573814,27.4677412
8/18/1995,1.11,5.92111711,33.13432376,23.41212459,28.27322417
8/19/1995,1.04,2.952922332,32.86058564,23.87393204,28.36725884
8/20/1995,0.98,4.82174945,33.43690837,22.39548322,27.91619579
8/21/1995,1.2,0.02407030652,32.79974349,22.70657798,27.75316074
8/22/1995,0.98,0.694635029,32.86884317,23.14109468,28.00496893
8/23/1995,0.7,0,33.27877752,23.27941549,28.2790965
8/24/1995,0.74,0.03230079842,33.58800328,23.02031857,28.30416093
8/25/1995,0.63,0.2688360197,33.67064938,23.88309289,28.77687114
8/26/1995,0.63,3.629812477,34.246131,23.49012781,28.86812941
8/27/1995,1.71,0,33.135037,23.22748158,28.18125929
8/28/1995,1.55,9.718095727,32.08600328,21.99470815,27.04035572
8/29/1995,1.55,4.463543187,30.71703536,21.63386834,26.17545185
8/30/1995,44.97,46.69450031,28.78774639,21.58296561,25.185356
8/31/1995,53.1,19.28002828,29.07239152,21.85025456,25.46132304
9/1/1995,26.25,2.219555223,29.789745,22.12664199,25.95819349
9/2/1995,91.28,15.45985302,28.23136019,22.25025592,25.24080805
9/3/1995,29.4,3.18511053,29.15896866,22.1402553,25.64961198
9/4/1995,20.94,0,29.17361316,20.61309261,24.89335289
9/5/1995,15.14,0.2568850429,31.25167859,20.85832012,26.05499935
9/6/1995,11.01,0.07023996014,30.60697081,20.97580299,25.7913869
9/7/1995,11.23,0.2482276032,31.70271054,21.3548349,26.52877272
9/8/1995,8.63,0,31.89348651,20.75657895,26.32503273
9/9/1995,7.14,0,32.38987152,21.56393258,26.97690205
9/10/1995,5.18,0,33.14174365,22.75935109,27.95054737
9/11/1995,5.61,2.304949127,33.14916041,22.48935237,27.81925639
9/12/1995,6.1,11.10962513,31.85361347,21.56754566,26.71057957
9/13/1995,7.3,5.229920896,30.63529274,22.33754439,26.48641856
9/14/1995,7.31,20.64435436,29.68793799,21.8775453,25.78274165
9/15/1995,54.54,4.4090415,30.5870984,22.24851149,26.41780494
9/16/1995,20.89,3.06032329,30.85613144,22.43180694,26.64396919
9/17/1995,19.7,15.1022429,29.83774754,22.17477066,26.0062591
9/18/1995,32.38,0.8997402545,29.33871479,22.55206178,25.94538828
9/19/1995,14.43,1.667339738,30.62064824,21.85477096,26.2377096
9/20/1995,16.18,0,30.76064763,22.50670508,26.63367636
9/21/1995,10.9,0,32.84348554,22.10947935,27.47648244
9/22/1995,9.44,0,33.12993523,22.39947853,27.76470688
9/23/1995,8.63,0,32.44541852,21.34941518,26.89741685
9/24/1995,6.02,0,32.37806657,21.64302919,27.01054788
9/25/1995,5.99,0.9706242752,32.04380425,22.00296569,27.02338497
9/26/1995,5.16,0.04068658263,32.422902,22.197545,27.3102235
9/27/1995,4.68,0,33.22542077,21.65483604,27.44012841
9/28/1995,3.68,0,34.10903162,21.85928737,27.9841595
9/29/1995,3.85,0,34.16716399,22.4993526,28.3332583
9/30/1995,2.81,0.3299953558,33.75,21.99199821,27.8709991
10/1/1995,2.61,0.04559240895,32.9380021,21.80844875,27.37322542
10/2/1995,2.42,0,33.24251774,22.08031804,27.66141789
10/3/1995,2.23,0,33.75535752,21.34561185,27.55048468
10/4/1995,1.94,0,34.51354955,21.27657767,27.89506361
10/5/1995,1.85,0,34.4652911,21.07019167,27.76774139
10/6/1995,1.58,0,34.36619577,20.88651417,27.62635497
10/7/1995,1.51,0,34.07613248,21.10006432,27.5880984
10/8/1995,1.4,0,34.25426066,20.42554784,27.33990425
10/9/1995,1.25,0.2527922781,33.04974349,20.64676858,26.84825604
10/10/1995,2.13,33.31851762,30.88226312,21.71999931,26.30113122
10/11/1995,11.49,17.14744176,29.84800177,22.65464407,26.25132292
10/12/1995,10.76,5.873284519,29.39877819,21.89283721,25.6458077
10/13/1995,9.86,3.699023039,29.68781012,22.15916047,25.92348529
10/14/1995,22.85,4.286785354,30.72613227,22.19554639,26.46083933
10/15/1995,59.37,7.433993399,31.08703429,21.09025433,26.08864431
10/16/1995,116.8,2.159556395,29.71251896,21.25832164,25.4854203
10/17/1995,71.01,27.28005747,29.88323037,21.48825725,25.68574381
10/18/1995,193.1,48.87990469,28.0139426,21.45909594,24.73651927
10/19/1995,1990.39,110.8412366,25.95491039,20.99012781,23.4725191
10/20/1995,199.5,73.47810395,26.48626981,19.31199808,22.89913394
10/21/1995,92.39,0.5214891734,26.83032921,19.92128544,23.37580733
10/22/1995,81,10.16692261,27.78948909,20.30483566,24.04716237
10/23/1995,61.8,0.2439642035,29.6432306,21.26019204,25.45171132
10/24/1995,50.81,0.08960365717,30.65342263,20.39386856,25.5236456
10/25/1995,44.26,0.5877120177,30.18426079,19.45567466,24.81996773
10/26/1995,37.47,0,29.97426171,18.06651448,24.02038809
10/27/1995,32.4,0,29.97155176,16.87838451,23.42496814
10/28/1995,28.81,0,29.87148745,16.50031812,23.18590278
10/29/1995,28.24,0,30.28793837,17.21483551,23.75138694
10/30/1995,21.05,0,30.77251842,17.03767302,23.90509572
10/31/1995,19.94,0,31.35342166,17.18754477,24.27048322
11/1/1995,18.47,0,30.79516472,17.34386742,24.06951607
11/2/1995,16.71,0,30.36058407,16.39760961,23.37909684
11/3/1995,15.37,0,30.55516495,15.6721256,23.11364528
11/4/1995,10.9,0,30.30516495,15.33760928,22.82138711
11/5/1995,10.64,0,30.25245403,14.586578,22.41951602
11/6/1995,13.16,0,29.57058489,14.06657841,21.81858165
11/7/1995,8.85,0,29.62516464,13.29844861,21.46180663
11/8/1995,12.42,0,29.28245454,13.48109475,21.38177465
11/9/1995,9.93,0,30.03800231,17.19477112,23.61638671
11/10/1995,9.43,0,31.17432467,16.91180648,24.04306557
11/11/1995,9,0,31.9071622,17.80309297,24.85512759
11/12/1995,9.63,0,31.65155207,18.23580322,24.94367764
11/13/1995,8.27,0,31.7378752,16.97561101,24.3567431
11/14/1995,6.65,0,31.79058421,15.59277403,23.69167912
11/15/1995,6.25,0,30.93148708,13.13935199,22.03541954
11/16/1995,5.99,0,30.42961825,12.78573852,21.60767839
11/17/1995,4.95,0,30.08058512,13.97683331,22.02870922
11/18/1995,4.57,0,30.71432542,17.53496308,24.12464425
11/19/1995,3.95,0,30.33426232,16.71038304,23.52232268
11/20/1995,4.06,0,30.53703506,16.59767257,23.56735381
11/21/1995,3.77,0,30.48787503,16.65006355,23.56896929
11/22/1995,3.4,0,30.60703475,17.97012736,24.28858105
11/23/1995,3.33,1.456636656,30.41496241,19.60767272,25.01131756
11/24/1995,4.5,0.6505761543,28.3554201,18.44218922,23.39880466
11/25/1995,4.07,0,29.63916018,16.32916054,22.98416036
11/26/1995,3.73,0,29.22426171,14.85187008,22.03806589
11/27/1995,3.29,0,29.95793845,15.48825716,22.7230978
11/28/1995,2.95,0,30.62968105,17.78903349,24.20935727
11/29/1995,2.8,0,30.16342113,18.99206232,24.57774172
11/30/1995,2.42,0,30.91323088,17.83464437,24.37393763
12/1/1995,2.35,0,31.11781042,17.81825717,24.4680338
12/2/1995,2.26,0,30.71594007,17.89993568,24.30793787
12/3/1995,2.05,0,30.68871343,17.30206178,23.99538761
12/4/1995,1.81,0,30.71877788,16.94664168,23.83270978
12/5/1995,1.34,0,31.2007121,16.93593012,24.06832111
12/6/1995,1.24,0,31.13052042,16.68019038,23.9053554
12/7/1995,1.11,0,30.2134221,14.02619553,22.11980882
12/8/1995,1.01,0,29.17413443,12.0909674,20.63255092
12/9/1995,0.86,0,28.45510063,11.52187007,19.98848535
12/10/1995,1.15,0,29.23703582,12.0012223,20.61912906
12/11/1995,1.12,0,29.703294,13.10477183,21.40403292
12/12/1995,0.78,0,29.38690739,12.50735431,20.94713085
12/13/1995,0.7,0,29.92974439,12.60844807,21.26909623
12/14/1995,0.81,0,30.10890532,13.51767265,21.81328898
12/15/1995,0.92,0,30.07697186,13.84832084,21.96264635
12/16/1995,0.56,0,30.30058444,14.03264652,22.16661548
12/17/1995,0.28,0,30.76052149,14.21458046,22.48755098
12/18/1995,0.24,0,31.34419844,14.23006356,22.787131
12/19/1995,0.24,0,30.3996815,14.34664217,22.37316184
12/20/1995,0,0,30.55155169,13.87657797,22.21406483
12/21/1995,0,0,30.25148851,14.03019163,22.14084007
12/22/1995,0,0,30.69239046,14.75477145,22.72358095
12/23/1995,0,0,30.99335885,14.40464407,22.69900146
12/24/1995,0,0,30.96793868,14.55863986,22.76328927
12/25/1995,0,0,31.17058528,14.91876748,23.04467638
12/26/1995,0,0,28.73896858,15.46238061,22.1006746
12/27/1995,0,0,29.03968106,14.80012728,21.91990417
12/28/1995,0,0,29.30606826,15.0148357,22.16045198
12/29/1995,0,0,29.29787466,15.52206205,22.40996836
12/30/1995,0,0,29.0998084,15.69651459,22.3981615
12/31/1995,0,0,30.02155117,16.0104463,23.01599874
1/1/1996,0,0,29.82697186,15.94270953,22.88484069
1/2/1996,0,0,29.59716256,15.81187003,22.7045163
1/3/1996,0,0,29.35594136,15.69451607,22.52522872
1/4/1996,0,0,29.79787466,15.34806579,22.57297023
1/5/1996,0,0,29.73510132,15.69987272,22.71748702
1/6/1996,0,0,30.51232795,16.43000031,23.47116413
1/7/1996,0,0,30.44491016,16.22258312,23.33374664
1/8/1996,0,0,30.74503744,16.03664184,23.39083964
1/9/1996,0,0,30.80865016,15.53103101,23.16984058
1/10/1996,0,0,30.26949036,16.4109671,23.34022873
1/11/1996,0,0,30.35697081,16.21838466,23.28767774
1/12/1996,0,0,30.58884092,16.85187095,23.72035593
1/13/1996,0,0,30.80413376,16.38819293,23.59616335
1/14/1996,0,0,31.42510168,15.96554685,23.69532426
1/15/1996,0,0,31.34768383,16.83418713,24.09093548
1/16/1996,0,0,30.87064824,16.93070221,23.90067522
1/17/1996,0,0,30.15703589,16.81050956,23.48377273
1/18/1996,0,0,31.1862594,16.44141377,23.81383659
1/19/1996,0,0,32.18071355,16.52179583,24.35125469
1/20/1996,0,0,32.27800225,15.89902293,24.08851259
1/21/1996,0,0,32.13077634,16.1745054,24.15264087
1/22/1996,0,0,31.63896994,16.49773621,24.06835308
1/23/1996,0,0,31.69884153,16.4072899,24.05306572
1/24/1996,0,0,31.52064786,15.12625898,23.32345342
1/25/1996,0,0,30.36606773,14.38367722,22.37487248
1/26/1996,0,0,31.61968082,14.54729033,23.08348557
1/27/1996,0,0,32.29503685,15.61006368,23.95255026
1/28/1996,0,0,32.3320719,16.47283713,24.40245452
1/29/1996,0,0,31.88755653,16.24083915,24.06419784
1/30/1996,0,0,32.21955489,16.3863863,24.3029706
1/31/1996,0,0,32.9033587,16.88916018,24.89625944
2/1/1996,0,0,33.13155161,17.45586647,25.29370904
2/2/1996,0,0,33.64445376,17.71689615,25.68067496
2/3/1996,0,0,32.4489694,17.34231671,24.89564305
2/4/1996,0,0,32.43884321,17.69489899,25.0668711
2/5/1996,0,0,32.35251835,17.85025456,25.10138645
2/6/1996,0,0,32.74264561,18.35670547,25.54967554
2/7/1996,0,0,32.49445224,16.68651358,24.59048291
2/8/1996,0,0,32.13619623,17.69206117,24.9141287
2/9/1996,0,0,31.97806504,17.39876702,24.68841603
2/10/1996,0,0,30.57232759,16.91992489,23.74612624
2/11/1996,0,0,30.52961673,15.04063793,22.78512733
2/12/1996,0,0,30.51335757,15.95857641,23.23596699
2/13/1996,0,0,30.57968181,16.65857544,23.61912862
2/14/1996,0,0,32.04606786,17.8029651,24.92451648
2/15/1996,0,0,32.41703612,19.66954275,26.04328944
2/16/1996,0,0,32.75806729,19.74154105,26.24980417
2/17/1996,0,0,32.72354864,18.99496233,25.85925549
2/18/1996,0,0,33.2172256,19.24031962,26.22877261
2/19/1996,0,0,33.86709891,18.16302791,26.01506341
2/20/1996,0,0,34.93980873,18.88418645,26.91199759
2/21/1996,0,0,35.31903418,17.77238095,26.54570756
2/22/1996,0,0,35.54271069,17.48147689,26.51209379
2/23/1996,0,0,36.08903464,18.74780015,27.41841739
2/24/1996,0,0,37.23722606,19.07792795,28.157577
2/25/1996,0,0,36.35729084,19.96508969,28.16119026
2/26/1996,0,0,36.15993747,19.28309251,27.72151499
2/27/1996,0,0,34.42361143,18.22141272,26.32251208
2/28/1996,0,0,34.51071156,19.13683229,26.82377193
2/29/1996,0,0,35.61523026,18.78128605,27.19825815
3/1/1996,0,0,35.97684378,17.65451619,26.81567999
3/2/1996,0,0,35.85768215,18.89993568,27.37880892
3/3/1996,0,1.029793615,35.66051938,18.97973419,27.32012678
3/4/1996,0,0,34.27722663,17.61225323,25.94473993
3/5/1996,0,0,33.79619608,17.15115885,25.47367746
3/6/1996,0,0,34.50245403,16.54573875,25.52409639
3/7/1996,0,0,35.0561944,17.02109384,26.03864412
3/8/1996,0,0,35.77968066,17.42657729,26.60312898
3/9/1996,0,0,36.34961833,18.97586693,27.66274263
3/10/1996,0,0,36.87039406,19.15006355,28.01022881
3/11/1996,0,0,36.84774586,19.45529244,28.15151915
3/12/1996,0,0,37.6369715,19.75922479,28.69809814
3/13/1996,0,0,38.33594091,20.6578751,29.496908
3/14/1996,0,0,38.76052132,21.47999954,30.12026043
3/15/1996,0,0,38.6741968,21.82896874,30.25158277
3/16/1996,0,0,39.09871484,21.87148745,30.48510114
3/17/1996,0,0,38.09058518,21.75697043,29.92377781
3/18/1996,0,0,37.99638674,21.13613212,29.56625943
3/19/1996,0,0,36.05781078,20.86774631,28.46277855
3/20/1996,0,0,35.52606775,20.35793807,27.94200291
3/21/1996,0,0,38.34251968,21.76361332,30.0530665
3/22/1996,0,0,38.93709861,22.71516479,30.8261317
3/23/1996,0,0,39.28709743,22.37155155,30.82932449
3/24/1996,0,0,39.23613233,22.0827738,30.65945307
3/25/1996,0,0,39.57781124,22.46470747,31.02125935
3/26/1996,0,0,40.07587674,23.28096794,31.67842234
3/27/1996,0,0,40.90509949,22.57496226,31.74003087
3/28/1996,0,0,40.91529152,22.8554201,31.88535581
3/29/1996,0,0,41.23529156,23.71167958,32.47348557
3/30/1996,0,0,41.27354787,24.21154037,32.74254412
3/31/1996,0,0,40.50961818,24.47135052,32.49048435
4/1/1996,0,0,39.63800252,21.63805545,30.63802899
4/2/1996,0,0,39.27896777,20.69612042,29.98754409
4/3/1996,0,0,39.33793778,22.0441863,30.69106204
4/4/1996,0,0,38.74013725,23.35960722,31.04987223
4/5/1996,0,0.1381870367,38.49820454,23.99960678,31.24890566
4/6/1996,0,0,38.10562325,23.52857611,30.81709968
4/7/1996,0,0.09905101786,37.72562218,23.19006447,30.45784332
4/8/1996,0,0,38.3047829,23.3636137,30.8341983
4/9/1996,0,0,39.79542046,24.77193496,32.28367771
4/10/1996,0,0.04993454314,39.26987259,23.45773703,31.36380481
4/11/1996,0,0,38.75890493,23.43960714,31.09925604
4/12/1996,0,0,38.17852296,21.69458087,29.93655192
4/13/1996,0,0,37.4451004,22.47515386,29.96012713
4/14/1996,0,2.781700005,35.78865144,18.50290175,27.1457766
4/15/1996,0,0,32.7860037,21.00302806,26.89451588
4/16/1996,0,10.60404102,35.22148626,19.65413397,27.43781012
4/17/1996,0,0,35.52684302,22.29380425,28.91032363
4/18/1996,0,0,38.1494897,24.56773591,31.3586128
4/19/1996,0,0,38.48652399,24.49399508,31.49025954
4/20/1996,0,0,38.98819505,24.3642611,31.67622807
4/21/1996,0,0,39.26258404,23.7638053,31.51319467
4/22/1996,0,0,38.48064694,23.63283698,31.05674196
4/23/1996,0,0,39.27955279,24.48728983,31.88342131
4/24/1996,0,0,38.75543106,23.80090255,31.27816681
4/25/1996,0,0,39.34665247,23.32161608,31.33413428
4/26/1996,0,0,39.59749358,24.66489847,32.13119603
4/27/1996,0,0,41.07949,25.05922419,33.0693571
4/28/1996,0,0,41.91864904,25.87386811,33.89625857
4/29/1996,0,0,41.94148714,26.49947874,34.22048294
4/30/1996,0,0,42.80342225,26.97044721,34.88693473
5/1/1996,0,0,43.29251697,26.98050964,35.13651331
5/2/1996,0,0,42.2834218,24.85838422,33.57090301
5/3/1996,0,0,41.74096719,25.00780038,33.37438379
5/4/1996,0,0,42.16186885,24.67334799,33.41760842
5/5/1996,0,0,42.02186912,24.56025538,33.29106225
5/6/1996,0,0,42.22103223,25.02160394,33.62131809
5/7/1996,0,0,42.53361204,25.79057304,34.16209254
5/8/1996,0,0,42.20510219,26.40225224,34.30367721
5/9/1996,0,0,42.94722515,25.31412265,34.1306739
5/10/1996,0,0,42.20645167,25.82095578,34.01370372
5/11/1996,0,0,41.3093505,24.62740783,32.96837916
5/12/1996,0,0,41.60657759,24.21237975,32.90947867
5/13/1996,0,0,42.40935245,24.53876658,33.47405951
5/14/1996,0,0,41.59122141,25.59366618,33.5924438
5/15/1996,0,0,40.93761044,26.33289051,33.63525047
5/16/1996,0,0,41.07490006,26.4734751,33.77418758
5/17/1996,0,0,41.7904469,27.13521764,34.46283227
5/18/1996,0,0,42.46302732,27.1994795,34.83125341
5/19/1996,0,0,42.20728931,24.52477104,33.36603018
5/20/1996,0,0,39.57606699,24.44676955,32.01141827
5/21/1996,0,0.04844135889,40.66380335,25.02412364,32.8439635
5/22/1996,0,0,41.68573831,26.70451717,34.19512774
5/23/1996,0,0,42.30270935,27.08760832,34.69515884
5/24/1996,0,0.1961875821,42.13406032,27.01599398,34.57502715
5/25/1996,0,0,41.40611968,27.37773711,34.39192839
5/26/1996,0,0,41.74115709,27.92044606,34.83080158
5/27/1996,0,0,41.68510208,25.22031916,33.45271062
5/28/1996,0,0.07992820458,41.14470604,25.33089207,33.23779905
5/29/1996,0,0,40.83315759,25.97528173,33.40421966
5/30/1996,0,0,41.50935092,27.63347494,34.57141293
5/31/1996,0,0,42.49296372,28.69593035,35.59444704
6/1/1996,0,0.1114920407,43.24199821,28.08857557,35.66528689
6/2/1996,0,0.5788145774,41.52096597,26.03341063,33.7771883
6/3/1996,0,0.05328544694,41.00567563,26.83908567,33.92238065
6/4/1996,0,0,40.67296403,27.29070108,33.98183256
6/5/1996,0,0.3314161804,41.85586435,23.58115915,32.71851175
6/6/1996,0,0,38.95877783,26.05095705,32.50486744
6/7/1996,0,1.287345165,40.69489899,25.31489983,33.00489941
6/8/1996,0,0.05093587444,39.91741627,26.1161205,33.01676838
6/9/1996,0,0.1797095293,40.66302774,23.17154136,31.91728455
6/10/1996,0,4.790734418,36.88638613,24.67412326,30.78025469
6/11/1996,0,3.147424023,36.90167994,22.8074815,29.85458072
6/12/1996,0,0.7016639261,32.83135866,22.65754582,27.74445224
6/13/1996,0,1.103507839,35.66999817,24.48405879,30.07702848
6/14/1996,0,3.07292118,35.74813134,23.81025538,29.77919336
6/15/1996,0,2.084248408,35.35110684,23.97464376,29.6628753
6/16/1996,0,2.262806175,34.38193557,22.4546433,28.41828944
6/17/1996,0,0.2688109715,33.85677901,22.81619636,28.33648768
6/18/1996,0,0.1630569151,34.17329331,23.23458005,28.70393668
6/19/1996,0,0,32.65354894,23.07741802,27.86548348
6/20/1996,0,0,32.70529244,22.07741802,27.39135523
6/21/1996,0,0,35.6358011,23.24328375,29.43954242
6/22/1996,0,0,36.39193389,23.463347,29.92764044
6/23/1996,0,0,35.63348611,24.27154174,29.95251393
6/24/1996,0,0.00001838492132,35.49909686,24.43405955,29.9665782
6/25/1996,0,0,35.20457954,23.82883126,29.5167054
6/26/1996,0,1.272321944,36.39187186,24.40967056,30.40077121
6/27/1996,0,1.958106304,36.97199775,23.53767302,30.25483539
6/28/1996,0,0.05226104674,35.52161684,24.01935132,29.77048408
6/29/1996,0,0.000008577351769,35.54852189,24.16502635,29.85677412
6/30/1996,0,0.6728147376,35.92812783,24.32515424,30.12664103
7/1/1996,0,0,35.78096777,23.83250846,29.80673811
7/2/1996,0,0,36.11838602,24.02534507,30.07186554
7/3/1996,0,3.310220165,36.66645075,23.88477165,30.2756112
7/4/1996,0,6.151599948,33.8705843,23.08038198,28.47548314
7/5/1996,0,8.773692981,34.47367651,23.43844808,28.9560623
7/6/1996,0,4.728430152,31.87413346,21.99909668,26.93661507
7/7/1996,0,5.736168009,33.26123109,22.21186965,27.73655037
7/8/1996,0,9.635437114,30.33284717,21.6130285,25.97293784
7/9/1996,0,6.630193987,30.73187011,22.63948003,26.68567507
7/10/1996,0,19.95655927,33.51729068,23.05044713,28.28386891
7/11/1996,0,10.39108504,35.02638586,23.08928882,29.05783734
7/12/1996,0,0,33.77825799,23.40922458,28.59374128
7/13/1996,0,12.59208944,34.36619577,22.5390976,28.45264669
7/14/1996,0,18.21961361,32.70264504,22.49445224,27.59854864
7/15/1996,2.04,32.87370146,31.8163225,21.81999969,26.8181611
7/16/1996,8.91,8.448677797,30.75548365,22.45928775,26.6073857
7/17/1996,5.25,0.9626660291,31.81806519,22.31844898,27.06825709
7/18/1996,4.02,2.892713011,31.66535563,23.00670508,27.33603036
7/19/1996,1.14,4.568021417,33.13709937,23.12928783,28.1331936
7/20/1996,0.86,1.989986601,31.21619598,22.60361347,26.90990473
7/21/1996,1.42,10.17938994,30.44593978,22.18006424,26.31300201
7/22/1996,1.79,19.59195296,27.44104115,21.41187041,24.42645578
7/23/1996,6.12,1.19919134,27.02678065,21.97218973,24.49948519
7/24/1996,3.71,1.904516491,29.90851133,22.53206132,26.22028633
7/25/1996,3.15,0.8866442842,30.10748091,22.18825784,26.14786937
7/26/1996,2.67,0.0446901923,29.5581289,22.29741734,25.92777312
7/27/1996,1.53,0.5445908639,29.85767272,22.31664235,26.08715753
7/28/1996,1.09,0.5356232082,31.11528112,21.79470756,26.45499434
7/29/1996,0.9,1.267822061,31.87399598,21.34277403,26.60838501
7/30/1996,0.73,1.738343541,32.12134841,21.72374044,26.92254443
7/31/1996,0.65,1.953512189,31.21374022,21.76748076,26.49061049
8/1/1996,0.57,4.381355543,31.54993704,21.36838428,26.45916066
8/2/1996,0.58,1.37676564,29.45413338,21.38374029,25.41893684
8/3/1996,0.58,2.065869581,28.33516563,21.96567489,25.15042026
8/4/1996,0.5,0.3964366157,30.63206171,22.59296411,26.61251291
8/5/1996,0.43,1.501887069,30.96193376,22.3156751,26.63880443
8/6/1996,0,0.09199048006,30.85567428,22.15651463,26.50609446
8/7/1996,0,1.66251912,31.87044683,22.19935163,27.03489923
8/8/1996,0,6.011883044,30.68109369,21.85928737,26.27019053
8/9/1996,0,3.781594505,29.09922494,21.75825753,25.42874124
8/10/1996,0,6.281160736,28.45277274,21.32270964,24.88774119
8/11/1996,0,24.02574584,29.42058528,21.65477194,25.53767861
8/12/1996,12.34,1.125616206,30.5789048,22.32851141,26.45370811
8/13/1996,6.86,2.273150438,31.39451596,22.39386856,26.89419226
8/14/1996,3.11,8.216702362,29.19329377,21.95386803,25.5735809
8/15/1996,2.94,24.47724371,30.31606849,22.40122278,26.35864564
8/16/1996,29.66,16.1241997,30.52781027,22.19019061,26.35900044
8/17/1996,17.64,0.9377742704,29.78625978,22.09819375,25.94222677
8/18/1996,13.26,15.10438288,31.10535616,21.54819278,26.32677447
8/19/1996,60,11.92910259,28.80845818,21.98458005,25.39651912
8/20/1996,58.92,10.8963521,29.82219954,21.56916032,25.69567993
8/21/1996,110,13.68393843,29.3787779,21.77567436,25.57722613
8/22/1996,118,16.22110734,30.71980924,21.75567563,26.23774244
8/23/1996,22.97,1.010651978,29.80833205,22.29844852,26.05339029
8/24/1996,32.72,12.62142257,30.10613144,21.60000038,25.85306591
8/25/1996,18.45,3.255499223,30.52760886,20.86554646,25.69657766
8/26/1996,46.04,32.86617765,29.51206087,21.2803188,25.39618983
8/27/1996,190.34,26.22334421,28.16193435,21.31109476,24.73651455
8/28/1996,77.11,17.95303419,25.40884235,21.24296563,23.32590399
8/29/1996,55.27,12.4263688,28.50071134,21.76754469,25.13412801
8/30/1996,65.29,2.802929422,29.37464338,21.52122189,25.44793263
8/31/1996,43.53,7.350630562,29.71109438,21.28386795,25.49748117
9/1/1996,33.24,0.000005057561999,29.90458013,21.7822533,25.84341672
9/2/1996,19.34,0.000009226633377,29.86877767,22.31225208,26.09051488
9/3/1996,54.22,13.2383058,28.39529297,21.68548396,25.04038847
9/4/1996,19.68,1.366311742,30.85161503,22.09922494,26.47541998
9/5/1996,21.34,2.093185575,28.64438966,21.25270995,24.9485498
9/6/1996,20.5,22.71394374,28.72625841,21.97832096,25.35228968
9/7/1996,522.3,50.91998941,30.19277441,21.19909745,25.69593593
9/8/1996,651.5,23.069189,28.66374098,21.0574815,24.86061124
9/9/1996,116.9,19.72543842,29.24561147,21.71322086,25.47941616
9/10/1996,66.28,1.360310155,30.84935125,22.27857611,26.56396368
9/11/1996,70.11,3.543361032,32.00490036,21.85722673,26.93106355
9/12/1996,399,35.34746673,30.54348613,21.26096748,25.90222681
9/13/1996,66.73,0.1317504631,30.93844808,22.4066425,26.67254529
9/14/1996,45.03,3.323212263,31.75096725,22.93670539,27.34383632
9/15/1996,57.89,17.84458565,31.53844847,21.34006409,26.43925628
9/16/1996,256.5,39.18911634,30.40741795,21.03748104,25.72244949
9/17/1996,96.27,3.321305115,28.46903206,21.36309261,24.91606233
9/18/1996,62.59,0.05398167862,29.90554738,22.00412318,25.95483528
9/19/1996,45.51,0.51553845,31.1048349,22.17134938,26.63809214
9/20/1996,52.45,0,31.28012682,21.23128664,26.25570673
9/21/1996,32,0,31.25199844,20.84012802,26.04606323
9/22/1996,30.16,0.02299486057,32.17115757,21.57664258,26.87390008
9/23/1996,25.74,0.01606489546,32.53019249,21.92844786,27.22932017
9/24/1996,22.68,0.1929901273,32.76044812,21.23916039,26.99980426
9/25/1996,21.07,3.629396816,32.98302743,22.25393138,27.6184794
9/26/1996,21.38,7.428200105,33.49283585,22.98399659,28.23841622
9/27/1996,20.26,1.991815897,32.65754582,21.98935237,27.32344909
9/28/1996,17.04,5.098352078,32.926771,21.87554669,27.40115885
9/29/1996,17.27,4.644428397,33.16509045,22.32399501,27.74454273
9/30/1996,14.29,11.32966777,33.2677987,21.79638615,27.53209242
10/1/1996,162,48.58073108,30.40245538,21.13800269,25.77022904
10/2/1996,476.92,31.92661418,28.87760924,21.29457952,25.08609438
10/3/1996,104,10.1441088,28.36354976,21.46819286,24.91587131
10/4/1996,65.28,0.9104106827,28.79019099,21.42922486,25.10970792
10/5/1996,62.82,6.324444762,28.11632364,21.04857657,24.5824501
10/6/1996,39.23,0,30.60277426,21.27580223,25.93928824
10/7/1996,32.36,0,31.40328359,21.16651486,26.28489923
10/8/1996,28.54,0,31.80825694,20.72548314,26.26687004
10/9/1996,24.33,0,32.02728901,20.23290129,26.13009515
10/10/1996,23.88,0,31.91277373,19.52515483,25.71896428
10/11/1996,21.37,0,31.49367697,18.39302919,24.94335308
10/12/1996,16.4,0,31.64180602,17.88651417,24.7641601
10/13/1996,16.51,0,32.07077497,17.37199754,24.72138625
10/14/1996,15.29,0,31.26722658,16.92573791,24.09648224
10/15/1996,13.62,0,31.39077657,17.62586654,24.50832156
10/16/1996,12.46,0,31.94000053,17.55760954,24.74880504
10/17/1996,11.41,0,31.98922276,16.71941585,24.35431931
10/18/1996,10.89,0,31.72090263,19.60979746,25.66535005
10/19/1996,10.6,0.1823382457,30.25697043,20.97876694,25.61786869
10/20/1996,9.74,3.815003196,27.55232713,21.20406001,24.37819357
10/21/1996,11.28,0.1232945535,28.12993696,19.93529215,24.03261456
10/22/1996,13.79,6.782498829,30.00812966,20.86187118,25.43500042
10/23/1996,14.37,8.70435694,30.40922458,20.66380491,25.53651475
10/24/1996,30.13,15.86330767,29.7386393,20.69548419,25.21706174
10/25/1996,28.96,7.467214809,30.21748135,20.77000046,25.4937409
10/26/1996,34.05,8.449681169,30.46193376,20.63019114,25.54606245
10/27/1996,20.5,2.800629192,29.11909752,20.71315692,24.91612722
10/28/1996,25.92,10.28826781,30.52290047,20.56928836,25.54609442
10/29/1996,29.98,16.78736199,30.54290093,20.50496256,25.52393175
10/30/1996,19.04,0,30.6212221,17.28844847,23.95483528
10/31/1996,15.74,0,30.93483482,18.16876748,24.55180115
11/1/1996,14.27,0,31.0966413,17.20954366,24.15309248
11/2/1996,12.22,0,31.24554753,15.88115839,23.56335296
11/3/1996,11.28,0,31.59193465,14.74348586,23.16771025
11/4/1996,11.31,0,31.12006304,14.19993587,22.65999946
11/5/1996,10.66,0,30.46645016,13.91909676,22.19277346
11/6/1996,9.41,0,30.24464422,15.3187671,22.78170566
11/7/1996,8.72,0,30.94915965,18.37553726,24.66234845
11/8/1996,8.44,1.166253514,30.04955325,19.77670554,24.9131294
11/9/1996,7.5,0.1667330729,28.82361295,18.9481302,23.88587158
11/10/1996,6.98,0,30.43180694,18.63968127,24.5357441
11/11/1996,7.77,0,31.67354923,19.11187118,25.3927102
11/12/1996,7.47,0,32.36277276,20.05844875,26.21061075
11/13/1996,7.01,0,31.5927101,19.31760977,25.45515994
11/14/1996,6.11,0,31.36922366,18.51586611,24.94254488
11/15/1996,5.76,0,30.97361257,16.28374008,23.62867633
11/16/1996,5.34,0,30.21922404,14.62187045,22.42054725
11/17/1996,4.44,0,29.60012825,14.79206155,22.1960949
11/18/1996,4.98,0,29.61290063,13.36451615,21.48870839
11/19/1996,2.96,0,29.31096672,13.46754537,21.38925604
11/20/1996,2.78,0,29.51264607,13.62109423,21.56687015
11/21/1996,3.26,0,29.14980955,13.3484488,21.24912917
11/22/1996,3.31,0,29.23903252,16.30683237,22.77293244
11/23/1996,3.03,0,29.401616,17.46122225,23.43141913
11/24/1996,2.29,0,30.20096628,15.29445243,22.74770935
11/25/1996,2.29,0,30.47825702,13.6644524,22.07135471
11/26/1996,1.73,0,30.35342166,14.19096692,22.27219429
11/27/1996,1.46,0,30.39819299,14.47180681,22.4349999
11/28/1996,1.01,0,30.12896971,14.73470792,22.43183882
11/29/1996,0.63,0,29.87000084,13.72735371,21.79867727
11/30/1996,0.32,0,29.88993545,12.65896953,21.27445249
12/1/1996,0.04,0,29.13987325,11.91064811,20.52526068
12/2/1996,0.04,0,28.43445277,11.37342203,19.9039374
12/3/1996,1.06,0,27.73722589,10.95064808,19.34393698
12/4/1996,0.55,0,28.36277449,13.5144424,20.93860844
12/5/1996,0.17,0,29.10000038,15.06908608,22.08454323
12/6/1996,0.16,0,29.7827744,16.20992572,22.99635006
12/7/1996,0.12,0,29.77806601,16.98412273,23.38109437
12/8/1996,0.09,0,29.09709863,16.21374022,22.65541942
12/9/1996,0.04,0,29.2752282,12.95083919,21.11303369
12/10/1996,0.04,0,28.49432437,11.17928802,19.83680619
12/11/1996,0.06,0,28.52271023,10.95380401,19.73825712
12/12/1996,0.09,0,28.91451625,10.55470771,19.73461198
12/13/1996,0.2,0,29.3509037,16.16398564,22.75744467
12/14/1996,0.17,0,26.9223278,17.10212513,22.01222646
12/15/1996,0.17,0,29.99277365,16.95535655,23.4740651
12/16/1996,0.17,0,30.55470762,18.16342113,24.35906437
12/17/1996,0.17,0,29.14890623,18.92174277,24.0353245
12/18/1996,0.13,0,28.33167851,17.15761936,22.74464893
12/19/1996,0.06,0,28.36367763,15.39645047,21.88006405
12/20/1996,0.04,0,28.97516502,12.38426156,20.67971329
12/21/1996,0.04,0,28.90251932,12.1407757,20.52164751
12/22/1996,0.06,0,29.01174275,12.45909672,20.73541974
12/23/1996,0.03,0,29.49083915,12.68122165,21.0860304
12/24/1996,0.06,0,29.46535677,12.44741791,20.95638734
12/25/1996,0.04,0,29.11083982,12.09909707,20.60496844
12/26/1996,0.02,0,29.38961734,12.55464368,20.97213051
12/27/1996,0.02,0,29.59613121,12.81819315,21.20716218
12/28/1996,0.02,0,29.55535675,13.2756112,21.41548398
12/29/1996,0.02,0,29.23535532,13.50754533,21.37145033
12/30/1996,0.02,0,28.31728992,13.52935147,20.92332069
12/31/1996,0.02,0,27.92361316,12.31754488,20.12057902
1/1/1997,0,0,27.64890623,11.90664172,19.77777398
1/2/1997,0,0,27.82529154,11.33844857,19.58187006
1/3/1997,0,0,28.3061322,11.57554746,19.94083983
1/4/1997,0,0,29.44426102,12.56271028,21.00348565
1/5/1997,0,0,28.89871425,14.26264615,21.5806802
1/6/1997,0.02,0,28.19239046,13.83161544,21.01200295
1/7/1997,0.02,0,27.67606719,13.00161552,20.33884136
1/8/1997,0.02,0,27.5998084,12.71103044,20.15541942
1/9/1997,0.02,0,28.69548419,12.78483521,20.7401597
1/10/1997,0,0,27.98335862,14.83418713,21.40877288
1/11/1997,0,0,26.83174262,16.13218966,21.48196614
1/12/1997,0.02,4.234745668,28.45993688,15.78470812,22.1223225
1/13/1997,0.02,0.1067178276,28.28077596,16.13916018,22.20996807
1/14/1997,0.02,5.641361675,28.25922479,17.15599337,22.70760908
1/15/1997,0.02,0.8713067811,27.1843249,15.94618444,21.56525467
1/16/1997,0.02,0,27.36884161,15.49276335,21.43080248
1/17/1997,0.02,0,28.04161557,14.44773689,21.24467623
1/18/1997,0.02,0,27.91258175,14.91729022,21.41493598
1/19/1997,0.02,0,28.23426194,16.23748181,22.23587187
1/20/1997,0.02,0,28.35148716,16.17676918,22.26412817
1/21/1997,0.02,0,27.91928874,13.65618535,20.78773704
1/22/1997,0.02,0,26.91832149,10.74889449,18.83360799
1/23/1997,0.02,0,26.53083989,10.11521813,18.32302901
1/24/1997,0.02,0,27.71697142,11.09580201,19.40638672
1/25/1997,0.02,0,29.59606727,12.3958022,20.99593473
1/26/1997,0.02,0,30.52510032,14.76502673,22.64506353
1/27/1997,0.02,0,30.5567796,15.72870387,23.14274174
1/28/1997,0.02,0,30.8813598,16.2474181,23.56438895
1/29/1997,0.02,0,30.80510101,16.26838399,23.5367425
1/30/1997,0.02,0,30.23781109,16.54199762,23.38990435
1/31/1997,0.02,0,31.40432595,15.9630929,23.68370943
2/1/1997,0.02,0,31.16071118,14.67483555,22.91777337
2/2/1997,0.02,0,31.02348567,14.65941552,22.84145059
2/3/1997,0.02,0,31.34987234,14.83225254,23.09106244
2/4/1997,0.02,0,30.28077596,14.30199785,22.2913869
2/5/1997,0,0,31.26909714,14.41477138,22.84193426
2/6/1997,0,0,31.95006296,15.02322033,23.48664164
2/7/1997,0,0,31.79529259,14.52760886,23.16145072
2/8/1997,0,0,31.18800192,14.24321973,22.71561082
2/9/1997,0,0,32.74884077,15.37586568,24.06235322
2/10/1997,0,0,31.81909638,14.9769604,23.39802839
2/11/1997,0,0,31.88355022,14.04444213,22.96399617
2/12/1997,0,0,31.52993658,12.51573893,22.02283775
2/13/1997,0,0,31.1198728,11.74857638,21.43422459
2/14/1997,0,0,31.138906,11.72870387,21.43380494
2/15/1997,0,0,32.07077497,12.68025527,22.37551512
2/16/1997,0,0,33.40993747,13.57922457,23.49458102
2/17/1997,0,0,33.63999939,14.70857641,24.1742879
2/18/1997,0,0,33.15380469,14.76748154,23.96064311
2/19/1997,0,0,34.08361475,16.35883021,25.22122248
2/20/1997,0,0,32.10277409,16.3879275,24.24535079
2/21/1997,0,0,32.71445346,15.90767291,24.31106318
2/22/1997,0,0,33.78090227,17.02477104,25.40283665
2/23/1997,0,0,32.93999863,16.38115839,24.66057851
2/24/1997,0,0,33.03890406,15.01754556,24.02822481
2/25/1997,0,0,33.58529351,14.91844849,24.251871
2/26/1997,0,0,34.88884016,16.3137406,25.60129038
2/27/1997,0,0.2761735808,35.64161578,17.44477112,26.54319345
2/28/1997,0,0,36.13083871,17.35109377,26.74096624
3/1/1997,0,0,36.01819383,16.82676889,26.42248136
3/2/1997,0,0,35.49632471,17.08290168,26.28961319
3/3/1997,0,0,35.27703673,17.26309223,26.27006448
3/4/1997,0,0,35.49709998,16.95103021,26.2240651
3/5/1997,0,0,35.72987167,17.67909699,26.70448433
3/6/1997,0,0,35.86445117,17.40451619,26.63448368
3/7/1997,0,0,35.34897093,17.1073546,26.22816277
3/8/1997,0,0,35.25077527,17.83909684,26.54493605
3/9/1997,0,0,36.45806458,19.20561055,27.83183757
3/10/1997,0,0,37.21806672,19.90573919,28.56190295
3/11/1997,0,0,37.53800057,20.32212618,28.93006337
3/12/1997,0,0,38.33613115,20.61096786,29.47354951
3/13/1997,0,0,38.87800072,21.64838497,30.26319285
3/14/1997,0,0,38.82187217,20.79851263,29.8101924
3/15/1997,0,0,38.25296586,20.86386788,29.55841687
3/16/1997,0,0,37.94006447,21.04638615,29.49322531
3/17/1997,0,0,38.79735496,22.06342248,30.43038872
3/18/1997,0,0,38.12541882,22.20109415,30.16325649
3/19/1997,0,0,38.8428378,21.26960707,30.05622243
3/20/1997,0,0,38.94554639,21.77134976,30.35844807
3/21/1997,0,0,38.54825845,21.34218883,29.94522364
3/22/1997,0,0,36.97109461,21.58483444,29.27796453
3/23/1997,0,0,35.93748257,19.67947904,27.8084808
3/24/1997,0,0,36.65542107,20.08328373,28.3693524
3/25/1997,0,1.330854316,36.51270844,21.34399546,28.92835195
3/26/1997,0,5.722754417,35.62697283,20.71941585,28.17319434
3/27/1997,0,22.18966687,34.63232688,20.34199859,27.48716274
3/28/1997,0,0.004503476703,34.54142359,21.50399531,28.02270945
3/29/1997,0,0.2325071363,35.5170346,22.18141354,28.84922407
3/30/1997,0,0.1215322291,36.35258419,20.7720611,28.56232264
3/31/1997,0,0,36.86632364,20.35954328,28.61293346
4/1/1997,0,0,37.22529289,21.33134923,29.27832106
4/2/1997,0,0.119829998,37.09800194,21.62515347,29.36157771
4/3/1997,0,0,35.89729141,21.13237982,28.51483562
4/4/1997,0,0.5696761663,34.64987331,20.26477081,27.45732206
4/5/1997,0,0.2048337034,33.1761313,19.69729082,26.43671106
4/6/1997,0,2.049174143,32.16407026,19.19025471,25.67716249
4/7/1997,0,0,33.70413321,20.33296561,27.01854941
4/8/1997,0,0,35.88148958,21.75031812,28.81590385
4/9/1997,0,0,37.25974605,22.37935176,29.8195489
4/10/1997,0,0,37.61252014,22.25489863,29.93370938
4/11/1997,0,0,37.88174186,22.60380371,30.24277278
4/12/1997,0,0,38.09077542,22.55916026,30.32496784
4/13/1997,0,0,37.95264504,22.13561086,30.04412795
4/14/1997,0,0,38.13000107,22.5163872,30.32319413
4/15/1997,0,0,38.86277276,23.61315654,31.23796465
4/16/1997,0,0,38.42283616,23.71147643,31.06715629
4/17/1997,0,0,38.06445193,22.72212579,30.39328886
4/18/1997,0,0.3671316032,36.59064755,22.5436762,29.56716188
4/19/1997,0,2.355539421,37.15407194,19.59058535,28.37232865
4/20/1997,0,0.3899566741,35.20600568,21.64083877,28.42342222
4/21/1997,0,1.955301201,36.21154997,22.32754589,29.26954793
4/22/1997,0,8.628030933,36.2670346,20.61012675,28.43858067
4/23/1997,0,0,36.68251983,22.45922381,29.57087182
4/24/1997,0,0,37.73051907,22.67819368,30.20435637
4/25/1997,0,0,38.96871412,23.51277411,31.24074411
4/26/1997,0,0.2979172243,39.39052239,24.13625999,31.76339119
4/27/1997,0,0.3245601869,39.09058518,24.364963,31.72777409
4/28/1997,0,0.356056875,38.93890524,24.98374067,31.96132296
4/29/1997,0,1.275854372,38.0163872,22.0529651,30.03467615
4/30/1997,0,1.315596932,36.3081289,21.81883103,29.06347997
5/1/1997,0,3.296569431,34.11077588,21.25238066,27.68157827
5/2/1997,0,0,36.01115755,22.52057449,29.26586602
5/3/1997,0,1.232121547,37.61638602,22.49354892,30.05496747
5/4/1997,0,1.29014164,35.71425974,23.26664138,29.49045056
5/5/1997,0,0.8624024629,37.14967994,21.52535624,29.33751809
5/6/1997,0,8.947443364,35.58329316,20.21186965,27.89758141
5/7/1997,0,0,35.24516548,22.66947881,28.95732215
5/8/1997,0,0,37.62974498,24.52322033,31.07648265
5/9/1997,0,0,38.4980655,25.35573822,31.92690186
5/10/1997,0,0,39.80432574,26.60206102,33.20319338
5/11/1997,0,0,40.81542092,26.25960701,33.53751396
5/12/1997,0,0,41.57632273,26.6048349,34.09057881
5/13/1997,0,0,42.02638586,26.73405879,34.38022233
5/14/1997,0,0,41.91999817,26.45689783,34.188448
5/15/1997,0,0,41.35348733,26.8466413,34.10006432
5/16/1997,0,0.07360855026,41.01619695,25.75374113,33.38496904
5/17/1997,0,0,40.9072277,26.03038274,33.46880522
5/18/1997,0,0,41.99825574,25.34315608,33.67070591
5/19/1997,0,0,42.15741795,25.35393159,33.75567477
5/20/1997,0,0,41.93019055,26.29166833,34.11092944
5/21/1997,0,0,41.22290124,25.78341063,33.50315593
5/22/1997,0,0,40.72748001,25.89347517,33.31047759
5/23/1997,0,0,41.18212505,25.79883075,33.4904779
5/24/1997,0,0,41.91496224,26.16528226,34.04012225
5/25/1997,0,0,41.92302987,26.07315563,33.99809275
5/26/1997,0,0,41.97025349,26.32979851,34.150026
5/27/1997,0,0,42.4792863,26.59973503,34.53951067
5/28/1997,0,0,42.83748028,26.40173288,34.61960658
5/29/1997,0,0,42.29038106,26.1256012,34.20799113
5/30/1997,0,0,41.05115847,25.99805607,33.52460727
5/31/1997,0,0,40.79218769,25.79966995,33.29592882
6/1/1997,0,0,40.28303048,25.47141272,32.8772216
6/2/1997,0,0,38.93515294,23.95979784,31.44747539
6/3/1997,0,0,37.41051168,24.59605784,31.00328476
6/4/1997,0,0,38.74135081,25.1508935,31.94612215
6/5/1997,0,0,39.17779855,25.51057426,32.3441864
6/6/1997,0,0,40.09935107,25.27870398,32.68902753
6/7/1997,0,0.8732732773,39.176771,24.94147771,32.05912436
6/8/1997,0,10.85565256,39.01857779,26.10212513,32.56035146
6/9/1997,0.03,5.933286568,38.05851286,23.79947988,30.92899637
6/10/1997,0.12,2.727772292,34.3427723,23.9741225,29.1584474
6/11/1997,0.05,6.926649707,37.58664298,24.31670646,30.95167472
6/12/1997,0.03,0.6861709866,37.49115709,24.31031932,30.90073821
6/13/1997,0.03,6.644311143,38.45212551,23.44199724,30.94706137
6/14/1997,0.08,21.89533041,35.84838556,23.01748076,29.43293316
6/15/1997,2.78,0.9078039642,34.34258205,23.7165141,29.02954808
6/16/1997,0.12,0,35.75277215,24.14941615,29.95109415
6/17/1997,0.12,0,35.8447068,24.76683336,30.30577008
6/18/1997,0.12,0.1823382457,36.35657759,24.67134938,30.51396349
6/19/1997,0.16,4.449907845,34.87915995,23.280904,29.08003198
6/20/1997,0.12,5.965495917,33.84832006,22.81031932,28.32931969
6/21/1997,0.12,1.851951998,32.70651404,22.8503185,27.77841627
6/22/1997,0.08,0.6174538762,34.85729084,23.17464452,29.01596768
6/23/1997,0.05,0.4745085307,34.54800271,22.86380394,28.70590332
6/24/1997,0.03,0.1143371397,34.49915889,23.77477104,29.13696496
6/25/1997,0.01,0.008220196194,34.20367605,23.39748165,28.80057885
6/26/1997,0,0.3616511404,35.66541974,24.01399554,29.83970764
6/27/1997,0,0,36.02367575,24.1774184,30.10054708
6/28/1997,0,0,35.70367605,24.41218853,30.05793229
6/29/1997,0,1.488572101,35.31258327,24.27573829,29.79416078
6/30/1997,0,6.070850641,34.77542035,24.25754446,29.51648241
7/1/1997,0,1.719161864,33.92903132,23.18393151,28.55648141
7/2/1997,0.67,35.09072043,33.04496331,22.96573883,28.00535107
7/3/1997,1.73,32.31276895,31.35380371,21.57819329,26.4659985
7/4/1997,4.13,5.847791354,29.75865093,21.45096628,25.6048086
7/5/1997,2.57,10.01769439,28.401616,21.92386734,25.16274167
7/6/1997,9.22,7.309179726,30.52432505,22.41561154,26.4699683
7/7/1997,6.65,4.486704741,30.47380438,22.50019198,26.48699818
7/8/1997,3.21,1.408308801,29.95999908,22.92470846,26.44235377
7/9/1997,2.44,0.008220196194,31.55916026,22.85206102,27.20561064
7/10/1997,1.27,1.281368384,32.33838377,22.99748203,27.6679329
7/11/1997,0.94,0.3608704804,32.59832006,23.63296502,28.11564254
7/12/1997,0.86,0.7969312191,32.45748303,23.47851276,27.96799789
7/13/1997,0.72,0,32.92451492,23.85128575,28.38790033
7/14/1997,0.46,6.638501748,33.07270947,23.52941549,28.30106248
7/15/1997,0.42,0.002174092202,33.32367845,23.65489825,28.48928835
7/16/1997,0.36,1.222882907,33.28651553,23.614963,28.45073926
7/17/1997,0.24,1.499331903,33.45548268,23.77573829,28.61561049
7/18/1997,0.17,0.3487607045,33.9438056,24.24760817,29.09570689
7/19/1997,0.11,0.04389927927,33.09897093,23.5404469,28.31970892
7/20/1997,0.12,0,34.22000122,24.2904469,29.25522406
7/21/1997,0.12,2.744034945,33.33877889,23.52754492,28.43316191
7/22/1997,0.08,2.110671195,32.22949118,24.44857618,28.33903368
7/23/1997,0.08,0.06285786137,32.06335855,24.36025462,28.21180658
7/24/1997,0.01,0.429868876,32.6022626,24.34122158,28.47174209
7/25/1997,0.11,12.20716098,32.18419859,23.06019145,27.62219502
7/26/1997,0.08,4.127569862,31.29180737,22.81838504,27.05509621
7/27/1997,0.08,5.907487509,31.17315601,22.44290055,26.80802828
7/28/1997,0.04,0.5167458168,31.50290175,23.26657744,27.3847396
7/29/1997,0.05,2.096510014,31.70922381,22.8219342,27.265579
7/30/1997,0.03,1.187829256,30.66529169,22.68548396,26.67538783
7/31/1997,0.03,5.232705024,28.8988423,22.62019091,25.7595166
8/1/1997,0.03,3.103161742,27.93251827,22.98374067,25.45812947
8/2/1997,0.03,0,30.80741756,22.88206171,26.84473964
8/3/1997,0.03,0.9850376524,32.45561055,22.88393227,27.66977141
8/4/1997,0.03,0,31.53819429,23.37477142,27.45648285
8/5/1997,0.03,0.3670863709,31.9563238,22.31109476,27.13370928
8/6/1997,0.03,5.707274584,31.78367771,22.21470747,26.99919259
8/7/1997,0.03,7.72453951,31.719096,22.26928721,26.99419161
8/8/1997,0.03,0.4661732339,31.91470823,21.91199828,26.91335326
8/9/1997,0,0.3936209127,32.52174124,22.46935191,27.49554658
8/10/1997,0.01,4.25174107,32.08239002,22.69477112,27.38858057
8/11/1997,0.03,0.8221075859,31.93619547,23.47296517,27.70458032
8/12/1997,0,0.3842296766,31.9823912,23.02851217,27.50545169
8/13/1997,0,0.4696103405,32.61716129,22.9274806,27.77232095
8/14/1997,0,0.1838419401,32.62729095,22.58109522,27.60419308
8/15/1997,0,6.885484101,31.76361332,22.67928723,27.22145028
8/16/1997,0,16.02992187,32.05626024,22.31573921,27.18599972
8/17/1997,0,1.029004939,32.63174186,23.16760825,27.89967505
8/18/1997,0,0.06271325609,32.34812982,22.60025456,27.47419219
8/19/1997,0,6.673244332,32.93071355,22.84309215,27.88690285
8/20/1997,0.03,8.450206799,32.41213576,22.80651425,27.60932501
8/21/1997,0.03,26.33296077,28.69497426,21.92012795,25.30755111
8/22/1997,0.08,6.257394192,28.03226274,22.48567518,25.25896896
8/23/1997,0.08,2.13078283,28.06258327,22.38128643,25.22193485
8/24/1997,0.03,0,29.15935245,22.51567413,25.83751329
8/25/1997,0.01,0,30.3219983,22.19296449,26.2574814
8/26/1997,0.01,3.027986227,31.00916085,22.51657744,26.76286915
8/27/1997,0.01,1.822617892,31.17000008,22.78561065,26.97780536
8/28/1997,0.01,17.13744446,30.19148714,22.28283677,26.23716195
8/29/1997,0.03,6.21182415,26.82091418,21.83296561,24.32693989
8/30/1997,0.03,0,30.27936272,21.47838489,25.87887381
8/31/1997,0.01,0,31.15896866,22.13754536,26.64825701
9/1/1997,0,0,31.0315514,22.15044578,26.59099859
9/2/1997,0,0,31.99148811,22.21947996,27.10548404
9/3/1997,0,0,32.69071187,22.68947927,27.69009557
9/4/1997,0,0.4986718799,32.84987407,23.00851171,27.92919289
9/5/1997,0,0.03509605983,32.1369715,23.26857588,27.70277369
9/6/1997,0,7.193205739,33.48071279,22.947545,28.21412889
9/7/1997,0,8.107764648,33.02961864,22.6836775,27.85664807
9/8/1997,0,11.20496034,31.5623913,23.13909607,27.35074368
9/9/1997,0,8.053948843,28.67845902,22.11374001,25.39609952
9/10/1997,0.01,14.674685,30.99884077,22.15748188,26.57816133
9/11/1997,2.98,0,30.48052081,22.69748106,26.58900093
9/12/1997,0.94,0.1206374404,30.31665196,22.07290145,26.1947767
9/13/1997,1.36,1.166855456,32.58787541,22.54857657,27.56822599
9/14/1997,1.27,0,32.66600476,22.77302835,27.71951656
9/15/1997,1.09,0,32.79167933,22.76464468,27.778162
9/16/1997,0.7,0,32.46594197,23.391998,27.92896999
9/17/1997,0.48,1.45234579,30.71768276,22.1609671,26.43932493
9/18/1997,0.43,0.07608014078,31.74722612,22.64193389,27.19458001
9/19/1997,1,18.17770416,30.96077626,22.40916047,26.68496837
9/20/1997,0.57,7.631391068,29.48503721,22.11832035,25.80167878
9/21/1997,0.46,4.92193361,31.17968045,22.07380476,26.62674261
9/22/1997,1.59,10.72569578,31.61071195,22.20006296,26.90538745
9/23/1997,1.13,6.411314849,31.61174313,21.46735348,26.5395483
9/24/1997,1.35,9.984616031,30.1218073,22.003869,26.06283815
9/25/1997,0.96,0,32.02645136,22.33748219,27.18196677
9/26/1997,0.67,0.9055662008,32.16909503,22.36851232,27.26880368
9/27/1997,0.82,4.166545849,32.29832082,22.60670547,27.45251314
9/28/1997,0.46,0,31.20657798,22.26844801,26.73751299
9/29/1997,0.59,0.2299486057,31.83651494,21.96748135,26.90199814
9/30/1997,0.56,3.015560952,31.27993658,21.84115765,26.56054711
10/1/1997,0.35,0,32.01987259,21.55928813,26.78958036
10/2/1997,0.27,0,31.91264586,20.56470785,26.23867685
10/3/1997,0.28,0,32.81342092,20.60819398,26.71080745
10/4/1997,0.15,0,33.19270874,21.2418064,27.21725757
10/5/1997,0.16,2.151299318,33.27258236,21.58851164,27.430547
10/6/1997,0.11,7.357424084,32.56606832,20.74296563,26.65451698
10/7/1997,0.16,0,32.81342092,20.58567556,26.69954824
10/8/1997,0.06,0,33.33987228,19.9172262,26.62854924
10/9/1997,0.04,0,33.71522873,20.25374113,26.98448493
10/10/1997,0.02,0,33.71606637,20.29741734,27.00674186
10/11/1997,0.02,0,33.6623915,19.95567466,26.80903308
10/12/1997,0.02,0,33.79155146,20.82025561,27.30590353
10/13/1997,0.02,0,33.96245311,20.96916011,27.46580661
10/14/1997,0,0,34.04980899,20.79632395,27.42306647
10/15/1997,0,0.2062499587,33.20993706,21.52870398,27.36932052
10/16/1997,0,0,31.81703557,20.36748114,26.09225835
10/17/1997,0,0,33.11548253,21.36393181,27.23970717
10/18/1997,0,0,33.14342241,21.43554807,27.28948524
10/19/1997,0,0,32.87071217,21.39103075,27.13087146
10/20/1997,0,7.743310696,33.52335763,21.33206247,27.42771005
10/21/1997,0,4.184759096,32.8124554,20.92922486,26.87084013
10/22/1997,0,5.337390128,32.40884062,20.13645024,26.27264543
10/23/1997,0.04,28.76953057,32.07071294,19.43296426,25.7518386
10/24/1997,0.04,0.9619889473,30.17064748,20.07825723,25.12445235
10/25/1997,0.04,7.611772807,31.24594075,20.67554784,25.9607443
10/26/1997,20.54,9.299811883,31.09432475,21.42271002,26.25851738
10/27/1997,1.16,2.965606979,30.57877849,20.69012667,25.63445258
10/28/1997,9.84,0.01606489546,29.86697104,20.59380522,25.23038813
10/29/1997,318.1,45.07059056,30.53064809,19.23812921,24.88438865
10/30/1997,24.9,0,27.41974416,19.67374121,23.54674268
10/31/1997,9.13,0,28.6616145,19.98728983,24.32445216
11/1/1997,5.18,0,29.69987272,20.18374144,24.94180708
11/2/1997,2.18,0,30.77606758,20.23199815,25.50403286
11/3/1997,2.72,0,31.20432519,20.41019183,25.80725851
11/4/1997,2.79,0,30.73684384,20.3301278,25.53348582
11/5/1997,2.46,0,30.25329514,19.61470726,24.9340012
11/6/1997,1.59,0,29.8540708,18.17993637,24.01700358
11/7/1997,1.49,0,30.58419821,17.24638674,23.91529248
11/8/1997,1.38,0,30.93245434,17.64999962,24.29122698
11/9/1997,1.38,0,31.09058535,18.51090354,24.80074445
11/10/1997,1.38,0,31.44142338,20.58980817,26.01561578
11/11/1997,0.93,26.92756349,31.02697089,20.21296494,25.61996792
11/12/1997,12.15,1.850910869,29.42541979,20.88457967,25.15499973
11/13/1997,14.41,5.97180449,30.51155094,20.96993538,25.74074316
11/14/1997,20.21,3.813918154,29.29413353,20.14354871,24.71884112
11/15/1997,9.21,11.27799327,29.89045672,20.06722581,24.97884127
11/16/1997,9.77,0,30.02974477,19.75187057,24.89080767
11/17/1997,5.77,0,30.00703437,19.68193481,24.84448459
11/18/1997,4.57,0,30.18787405,19.37186967,24.77987186
11/19/1997,12.37,44.43120718,30.53329392,19.34760855,24.94045124
11/20/1997,18.34,0.4632080574,28.86239053,19.8976719,24.38003121
11/21/1997,13.6,0.6380413051,29.16239168,19.62645001,24.39442084
11/22/1997,6.53,0,30.29709922,20.16928874,25.23319398
11/23/1997,5.77,0,30.59245418,19.8573546,25.22490439
11/24/1997,5.11,0,30.16239168,20.24296563,25.20267865
11/25/1997,4.52,0,30.26071156,20.48025546,25.37048351
11/26/1997,4.16,0,30.55877804,20.92928723,25.74403263
11/27/1997,3.77,5.810475524,30.88270911,21.01651524,25.94961217
11/28/1997,4.1,0,29.8225816,20.86922366,25.34590263
11/29/1997,3.75,0.2535498276,28.83716234,20.74019175,24.78867704
11/30/1997,3.66,15.27099583,29.90884235,20.29180737,25.10032486
12/1/1997,5.33,0.4577383631,29.3188422,20.32109499,24.81996859
12/2/1997,5.35,0,30.50632303,19.95193353,25.22912828
12/3/1997,4.89,0.03762795366,29.5726457,18.59941518,24.08603044
12/4/1997,2.95,0,29.81522911,18.9741225,24.3946758
12/5/1997,2.36,0,30.2834859,19.28218937,24.78283764
12/6/1997,1.92,0,29.76709871,19.91561154,24.84135513
12/7/1997,1.49,0,28.95800238,19.60199708,24.27999973
12/8/1997,1.5,0.1758338283,27.33426232,19.5436762,23.43896926
12/9/1997,2.57,14.95428258,24.87760924,17.99541949,21.43651436
12/10/1997,3.79,0,27.07432603,16.2680547,21.67119036
12/11/1997,2.31,0,26.34426081,14.01580208,20.18003145
12/12/1997,2.31,0,27.09703452,14.10025534,20.59864493
12/13/1997,2.44,0,28.14974544,18.6377356,23.39374052
12/14/1997,2.44,0.9101966814,28.36348583,18.92870377,23.6460948
12/15/1997,2.47,0,27.68071164,16.08006386,21.88038775
12/16/1997,2.29,0,27.71619598,17.40754582,22.5618709
12/17/1997,2.41,2.975082277,28.48522919,18.82554746,23.65538832
12/18/1997,2.51,0,27.2752282,18.77361355,23.02442087
12/19/1997,2.72,0.06055233081,27.40342263,19.29922397,23.3513233
12/20/1997,2.42,0,28.35310355,18.7992879,23.57619572
12/21/1997,2.44,0,28.88432549,18.6482571,23.76629129
12/22/1997,2.07,0,29.15342263,18.73109484,23.94225874
12/23/1997,1.68,0.03132654616,29.57058489,18.5441863,24.0573856
12/24/1997,1.36,0,29.97709953,18.50521848,24.241159
12/25/1997,1.7,0,30.05974529,18.41328382,24.23651455
12/26/1997,1.44,0,30.10787413,19.08412311,24.59599862
12/27/1997,1.31,0,29.81142404,18.5486405,24.18003227
12/28/1997,1.38,0,30.16064898,18.81218988,24.48641943
12/29/1997,1.29,0,30.67619524,17.86296456,24.2695799
12/30/1997,1.02,0,30.60619554,17.34573799,23.97596676
12/31/1997,0.7,0,30.64161578,17.48218996,24.06190287
1/1/1998,0.43,0,29.25619516,17.6402553,23.44822523
1/2/1998,0.65,0,28.79548283,17.29386818,23.04467551
1/3/1998,0.5,0,29.12980909,16.86651372,22.9981614
1/4/1998,0.46,0,28.27987264,16.49019175,22.3850322
1/5/1998,0.42,0.3963804061,29.54155146,13.26477168,21.40316157
1/6/1998,0.28,0,29.12600402,14.08941582,21.60770992
1/7/1998,0.02,0,29.65342263,13.98916048,21.82129156
1/8/1998,0.02,0,29.53535647,14.4520614,21.99370893
1/9/1998,0.02,0,29.50613123,14.6003185,22.05322486
1/10/1998,0.02,0,29.92619524,14.3602547,22.14322497
1/11/1998,0,0,29.91884085,15.20386803,22.56135444
1/12/1998,0,0,29.92058528,15.28709908,22.60384218
1/13/1998,0,0,30.33974424,15.60212504,22.97093464
1/14/1998,0,0,31.89522904,16.56586534,24.23054719
1/15/1998,0,0,32.00761957,16.84374128,24.42568043
1/16/1998,0,0,32.98077481,17.57147704,25.27612593
1/17/1998,0,0,32.72193572,17.50902181,25.11547877
1/18/1998,0,0,31.73071279,16.55547363,24.14309321
1/19/1998,0,0,31.16167843,16.83624785,23.99896314
1/20/1998,0,0,29.88800269,18.10631225,23.99715747
1/21/1998,0,0,30.3489692,16.50269869,23.42583394
1/22/1998,0,0,29.6533587,14.69727965,22.17531917
1/23/1998,0,0,29.61993673,15.82089271,22.72041472
1/24/1998,0,0,30.76264607,17.48708859,24.12486733
1/25/1998,0,0,30.55865016,18.83341177,24.69603097
1/26/1998,0,0,31.14503706,18.98973442,25.06738574
1/27/1998,0,0,31.50968021,19.30154052,25.40561036
1/28/1998,0,0,31.33419821,19.22269983,25.27844902
1/29/1998,0,0,30.88793875,18.83824629,24.86309252
1/30/1998,0,0,31.61980886,19.23612133,25.4279651
1/31/1998,0,0,31.71142384,18.6357389,25.17358137
2/1/1998,0,0,32.37955508,18.82496226,25.60225867
2/2/1998,0,0,32.81600282,18.20735325,25.51167803
2/3/1998,0,0,33.06587842,19.50103119,26.2834548
2/4/1998,0,0.3652001633,32.07581263,18.68179577,25.3788042
2/5/1998,0,0.7410771845,31.94871366,18.38263574,25.1656747
2/6/1998,0,0.2810633809,31.4451004,18.3661205,24.90561045
2/7/1998,0,0,31.63432549,17.62876656,24.63154603
2/8/1998,0,0,30.94787428,17.51786454,24.23286941
2/9/1998,0,0,30.14419785,16.86876642,23.50648213
2/10/1998,0,0,30.10323142,15.83212554,22.96767848
2/11/1998,0,0,30.35310355,14.91857558,22.63583957
2/12/1998,0,0,30.58310309,15.17489862,22.87900085
2/13/1998,0,0,30.76407064,15.50057403,23.13232234
2/14/1998,0,0,31.65587649,16.51244474,24.08416062
2/15/1998,0,0,32.43051983,17.6952171,25.06286847
2/16/1998,0,0,32.51800358,18.6534754,25.58573949
2/17/1998,0,0,33.15342107,19.2317328,26.19257694
2/18/1998,0,0,31.82748196,18.42024482,25.12386339
2/19/1998,0,0,31.69290055,16.23095562,23.96192809
2/20/1998,0,0,31.74012781,16.35624822,24.04818802
2/21/1998,0,0,32.5909033,16.61450584,24.60270457
2/22/1998,0,0,32.18651358,15.83456918,24.01054138
2/23/1998,0,0,32.8081289,17.5764396,25.19228425
2/24/1998,0,0,34.68155085,20.4121791,27.54686497
2/25/1998,0,0,35.56703383,20.21347504,27.89025444
2/26/1998,0,0,34.33987228,19.53772579,26.93879904
2/27/1998,0,0,33.43277245,16.58127586,25.00702415
2/28/1998,0,0,34.75748226,17.85030898,26.30389562
3/1/1998,0,0,35.66457862,19.9003083,27.78244346
3/2/1998,0,0,34.97354864,20.18547279,27.57951071
3/3/1998,0,0.1548791015,34.27968066,21.06708851,27.67338459
3/4/1998,0,0.5374544912,35.25768368,21.78509112,28.5213874
3/5/1998,0,0,35.60606923,21.98283736,28.7944533
3/6/1998,0,1.577087302,34.71967963,21.90592943,28.31280453
3/7/1998,0,0.5469939671,35.30503864,20.84721533,28.07612699
3/8/1998,0,0,35.14541928,19.09534477,27.12038202
3/9/1998,0,0,35.09697059,20.34192349,27.71944704
3/10/1998,0,0,36.31077664,20.94843714,28.62960689
3/11/1998,0,0,37.20180739,22.08308249,29.64244494
3/12/1998,0,0,38.01083944,22.28560104,30.14822024
3/13/1998,0,0,36.16161623,21.70108472,28.93135047
3/14/1998,0,0,35.0926479,19.71837349,27.4055107
3/15/1998,0,0,35.74903448,20.57811819,28.16357634
3/16/1998,0,0,35.89058476,21.38889483,28.6397398
3/17/1998,0,0.901583812,34.70045792,20.73206209,27.71626
3/18/1998,0,0,35.73606683,19.78683364,27.76145024
3/19/1998,0,0,35.8805206,21.20883059,28.54467559
3/20/1998,0,0,36.34058518,21.6376734,28.98912929
3/21/1998,0,0,37.66690825,22.84986117,30.25838471
3/22/1998,0,0,38.08600328,23.69683349,30.89141838
3/23/1998,0,0,39.82529171,24.03754515,31.93141843
3/24/1998,0,0,40.23812921,24.02244505,32.13028713
3/25/1998,0,0,40.1318077,22.78366654,31.45773712
3/26/1998,0,0,37.89335691,20.42225269,29.1578048
3/27/1998,0,0,37.61690867,19.90883118,28.76286993
3/28/1998,0,0,37.72045838,21.54728003,29.6338692
3/29/1998,0,0,37.87406935,24.21250762,31.04328848
3/30/1998,0,0.07652226244,37.26032761,23.42057411,30.34045086
3/31/1998,0,0,38.75245403,23.44057456,31.0965143
4/1/1998,0,0,37.51323144,22.7612856,30.13725852
4/2/1998,0,0,37.46220084,22.08754439,29.77487261
4/3/1998,0,0,39.07413248,22.86025462,30.96719355
4/4/1998,0,0,39.8131028,24.82773614,32.32041947
4/5/1998,0,0,40.0213611,24.8029651,32.4121631
4/6/1998,0,0,39.47387792,24.54483543,32.00935668
4/7/1998,0,0,39.91646192,25.5801278,32.74829486
4/8/1998,0,0,40.37774845,26.55677016,33.46725931
4/9/1998,0,0,40.19871366,24.6741872,32.43645043
4/10/1998,0,0,39.5032293,23.93496287,31.71909608
4/11/1998,0,0,38.93051983,24.49534612,31.71293298
4/12/1998,0,0,39.79045807,25.57992482,32.68519145
4/13/1998,0,0,40.39684542,25.55206178,32.9744536
4/14/1998,0,0.05226104674,41.06167979,25.99134907,33.52651443
4/15/1998,0,0,41.08716216,25.19509097,33.14112657
4/16/1998,0,0.2174059545,40.57419798,24.7020614,32.63812969
4/17/1998,0,1.604547143,39.75864919,25.57399501,32.6663221
4/18/1998,0,0,40.77793988,25.14283721,32.96038854
4/19/1998,0,0,41.47697165,25.47664237,33.47680701
4/20/1998,0,0,41.88903387,24.85664153,33.3728377
4/21/1998,0,0,42.50722652,25.34076426,33.92399539
4/22/1998,0,0,42.48632258,26.33276264,34.40954261
4/23/1998,0,0,41.95361402,26.07876732,34.01619067
4/24/1998,0,0.048331114,42.19361189,26.7987027,34.49615729
4/25/1998,0,0,41.67445254,25.5441241,33.60928832
4/26/1998,0,2.67802861,39.36471843,24.94044652,32.15258247
4/27/1998,0,0.06345633709,40.47129602,26.01147757,33.2413868
4/28/1998,0,0.2727943725,40.97613054,25.61012675,33.29312864
4/29/1998,0,1.535345183,40.021551,23.53890562,31.78022831
4/30/1998,0,0,40.37974498,26.70754523,33.5436451
5/1/1998,0,0.9846216365,41.10348733,25.21999931,33.16174332
5/2/1998,0,13.0474366,40.96967963,23.93678049,32.45323006
5/3/1998,0,0,39.98703582,25.94090385,32.96396983
5/4/1998,0,0,40.72142389,26.68754477,33.70448433
5/5/1998,0,0,41.60258419,27.05857679,34.33058049
5/6/1998,0,0,42.85729084,27.07206224,34.96467654
5/7/1998,0,0,42.43490837,26.73567518,34.58529177
5/8/1998,0,0.2165201254,40.94646104,26.26645113,33.60645609
5/9/1998,0,2.254683637,40.87968295,26.05302903,33.46635599
5/10/1998,0,0.2527280489,40.18148882,26.53509112,33.35828997
5/11/1998,0,0,39.96251896,24.84863974,32.40557935
5/12/1998,0,0,39.51207221,24.23438807,31.87323014
5/13/1998,0,0.09533623927,39.11658708,24.62031895,31.86845302
5/14/1998,0,0.8091197474,37.86303967,23.84012802,30.85158385
5/15/1998,0,0,38.19451537,26.28470733,32.23961135
5/16/1998,0,0.048331114,39.64696982,26.56728992,33.10712987
5/17/1998,0,0,40.67690657,27.14947853,33.91319255
5/18/1998,0,0,42.62613207,27.50321987,35.06467597
5/19/1998,0,0,43.37729095,27.33947889,35.35838492
5/20/1998,0,0,42.50800179,28.20463387,35.35631783
5/21/1998,0,0,40.64012726,27.4576731,34.04890018
5/22/1998,0,0.5302715596,39.46967963,26.11231716,32.7909984
5/23/1998,0,0.931451525,42.04206329,26.68676933,34.36441631
5/24/1998,0,0.01630569151,40.49729023,28.1036023,34.30044626
5/25/1998,0,0,42.92012638,28.45425008,35.68718823
5/26/1998,0,0,43.97580126,28.09353814,36.0346697
5/27/1998,0,0,44.23864104,27.4975348,35.86808792
5/28/1998,0,0,43.16231831,27.73759851,35.44995841
5/29/1998,0,0,42.61128424,27.41663156,35.0139579
5/30/1998,0,0,42.67489853,27.69192387,35.1834112
5/31/1998,0,0,42.56309163,28.06244406,35.31276785
6/1/1998,0,0,42.66554761,28.74328375,35.70441568
6/2/1998,0,0,43.33193286,28.88206171,36.10699728
6/3/1998,0,0,43.84999847,27.56760977,35.70880412
6/4/1998,0,0.764348872,42.38813073,28.48244414,35.43528744
6/5/1998,0,0.03391176022,42.31115679,29.02269906,35.66692793
6/6/1998,0,9.546428685,42.05844702,24.36128598,33.2098665
6/7/1998,0,0,37.90870505,26.52515483,32.21692994
6/8/1998,0,0.03344706992,40.15851133,26.1534754,33.15599337
6/9/1998,0,0.07557850028,39.57212444,26.25895787,32.91554116
6/10/1998,0,0.008230491906,38.85290231,25.41347563,32.13318897
6/11/1998,0,0,38.09477264,25.84244475,31.9686087
6/12/1998,0,0.1999875251,38.38186973,24.48954262,31.43570617
6/13/1998,0,0.3042597915,37.40987198,25.24399508,31.32693353
6/14/1998,0,0.4019882369,37.76903147,25.08993622,31.42948384
6/15/1998,0,37.58773882,34.26310322,21.88819293,28.07564808
6/16/1998,0,43.54563985,29.81606849,22.65548344,26.23577597
6/17/1998,0,11.48241071,30.91529169,22.68928729,26.80228949
6/18/1998,0,0,33.73968009,23.79844852,28.76906431
6/19/1998,0,1.342941463,35.37535645,24.24019175,29.8077741
6/20/1998,0,22.77288603,34.4354202,22.98664243,28.71103131
6/21/1998,0,4.91118415,33.06749133,23.79689607,28.4321937
6/22/1998,0,0.9109782389,32.51451507,24.36315654,28.43883581
6/23/1998,0,0.0289965884,34.69348402,24.53864027,29.61606214
6/24/1998,0,15.06826101,34.06825891,23.80754544,28.93790217
6/25/1998,12.25,0.844008281,34.39167815,24.13044706,29.2610626
6/26/1998,3.89,0,35.15206043,24.44683349,29.79944696
6/27/1998,1.58,0.7939711854,34.43386931,23.74670486,29.09028708
6/28/1998,1.02,5.455381538,33.89483391,23.89109468,28.8929643
6/29/1998,1.98,2.779526107,33.05903239,23.53567458,28.29735349
6/30/1998,3.19,8.955622638,33.08199836,23.09006409,28.08603122
7/1/1998,3,0.2162242172,31.7581936,23.68967125,27.72393242
7/2/1998,1.9,3.724727507,30.33426232,23.38031901,26.85729067
7/3/1998,1.01,5.982066303,29.55297627,23.34844793,26.4507121
7/4/1998,0.9,0.3694349861,29.87968105,23.55580291,26.71774198
7/5/1998,0.79,5.093278383,30.48896858,23.37290086,26.93093472
7/6/1998,0.55,0,30.90548344,23.30670623,27.10609484
7/7/1998,0.42,0.2541596517,31.246908,23.76502673,27.50596737
7/8/1998,0.34,0.2370981157,32.43657908,23.75748226,28.09703067
7/9/1998,0.21,1.218752993,31.2145796,22.93851202,27.07654581
7/10/1998,0.15,1.614698191,30.33606878,23.37586654,26.85596766
7/11/1998,0.1,0.897903531,30.39510116,23.30599299,26.85054708
7/12/1998,0.06,0,33.16903265,23.59580192,28.38241729
7/13/1998,0.03,0,33.80161562,23.91425107,28.85793335
7/14/1998,0,0,34.91548177,24.19573837,29.55561007
7/15/1998,0,1.975472168,35.35451522,24.47225384,29.91338453
7/16/1998,0,0,34.16342286,24.34250868,29.25296577
7/17/1998,0,0,34.97851103,24.49612156,29.7373163
7/18/1998,0,0.6254984919,33.69760876,24.11521718,28.90641297
7/19/1998,0,3.951673486,33.64548478,23.39122256,28.51835367
7/20/1998,0,2.865430153,32.01980848,23.55231596,27.78606222
7/21/1998,0,7.566892035,33.7827089,23.57973458,28.68122174
7/22/1998,0,0.8973588561,34.33199836,24.31947843,29.3257384
7/23/1998,0.03,5.475420338,35.32722622,24.92624801,30.12673711
7/24/1998,4.9,15.05949552,35.04548283,23.2612856,29.15338421
7/25/1998,1.44,12.5172002,34.30709789,23.39599314,28.85154551
7/26/1998,12.53,17.84124759,33.67329331,23.614963,28.64412816
7/27/1998,49.35,20.20512648,32.91510162,23.244251,28.07967631
7/28/1998,42.1,25.6753706,31.01825776,22.52960729,26.77393253
7/29/1998,725.5,83.19787471,28.29071225,21.57225231,24.93148228
7/30/1998,158.7,12.99350032,26.81903244,21.81412265,24.31657755
7/31/1998,36.55,3.690057148,29.17438861,22.52509089,25.84973975
8/1/1998,22.25,0.0921536638,31.05019122,22.84973503,26.94996312
8/2/1998,20.29,1.466218615,31.78096794,23.2961208,27.53854437
8/3/1998,16.8,4.170028759,28.23316664,23.06599321,25.64957993
8/4/1998,32.48,13.17458344,30.83155237,22.52947942,26.6805159
8/5/1998,28.52,1.33506639,30.05716338,22.90238028,26.47977183
8/6/1998,19.18,7.549312751,30.78367771,22.72502581,26.75435176
8/7/1998,87.96,12.60574453,30.07812936,22.89599314,26.48706125
8/8/1998,97.15,31.92466969,29.49161442,22.34509059,25.9183525
8/9/1998,166.61,15.56254817,30.0144527,22.67773652,26.34609461
8/10/1998,731.8,58.36567804,30.3390329,22.82496226,26.58199758
8/11/1998,111.6,4.27479462,28.40806535,22.99605746,25.7020614
8/12/1998,54.26,2.184136726,30.45348598,22.8623811,26.65793354
8/13/1998,41.1,0,30.75554776,23.10515475,26.93035126
8/14/1998,39.94,4.001191048,30.72819291,22.89683252,26.81251271
8/15/1998,30.27,3.177072316,30.73354887,22.61676963,26.67515925
8/16/1998,28.1,6.117546539,29.97064845,22.50290175,26.2367751
8/17/1998,27.28,15.47312349,28.79968112,22.4931557,25.64641841
8/18/1998,23.44,0.02577947866,31.77548411,23.34244475,27.55896443
8/19/1998,23.69,3.500584381,30.87335801,23.32238036,27.09786918
8/20/1998,22.27,0.1929547246,31.23239137,22.45676978,26.84458058
8/21/1998,65.47,1.41995051,30.7562591,23.15883118,26.95754514
8/22/1998,194.3,10.92163933,31.67729036,22.43225292,27.05477164
8/23/1998,151.83,12.7523199,31.90980787,23.07244429,27.49112608
8/24/1998,41.59,0.9539718379,31.83619491,23.80986216,27.82302854
8/25/1998,44.67,19.62247628,31.52064786,23.54082895,27.53073841
8/26/1998,355.6,44.84818306,31.61277449,22.79883075,27.20580262
8/27/1998,87.96,11.23112023,30.31245523,22.3131554,26.31280531
8/28/1998,60.15,0.8313962533,26.89677975,22.41676904,24.6567744
8/29/1998,42.04,0.2663807619,30.21980924,22.21328306,26.21654615
8/30/1998,33.07,0,31.12548276,22.87979792,27.00264034
8/31/1998,28.1,0.7309018021,31.7519345,22.86631247,27.30912349
9/1/1998,24.44,0,31.56451604,23.10624831,27.33538218
9/2/1998,22.18,5.504123491,31.11606773,22.62328291,26.86967532
9/3/1998,21.28,3.078684386,28.92877714,22.48954262,25.70915988
9/4/1998,28.88,11.01363599,30.25052126,21.89754559,26.07403343
9/5/1998,25.94,3.08139644,29.16793753,22.91586572,26.04190163
9/6/1998,22.51,8.985398292,30.18258221,23.10334812,26.64296516
9/7/1998,328,26.59740626,31.19542025,22.77876809,26.98709417
9/8/1998,134.2,27.98818276,30.55632244,22.37876656,26.4675445
9/9/1998,62.55,0.4427414554,30.36716302,22.51696123,26.44206213
9/10/1998,42.68,2.702616504,30.54819278,23.02515483,26.7866738
9/11/1998,39.54,2.258222405,30.17632311,23.19973368,26.68802839
9/12/1998,85.41,7.220250379,29.97096656,22.58431509,26.27764083
9/13/1998,38.38,0.09825076788,31.00722635,22.66696085,26.8370936
9/14/1998,64.71,9.394053982,29.85890532,22.23592936,26.04741734
9/15/1998,36.94,0.2018554007,30.01302829,22.1470245,26.08002639
9/16/1998,23.85,0.2905546846,30.32212618,21.85780076,26.08996347
9/17/1998,20.88,0.01190965382,31.35916123,21.98683267,26.67299695
9/18/1998,16.91,0.07562071447,31.9456105,22.82624936,27.38592993
9/19/1998,17.9,1.23519256,31.91083923,23.3825718,27.64670551
9/20/1998,20.6,19.29746096,31.35890532,22.49586565,26.92738548
9/21/1998,77.82,36.55771829,28.67562121,21.99225239,25.3339368
9/22/1998,61.83,11.04109459,27.29077619,22.16515422,24.7279652
9/23/1998,40.1,0.4915469904,30.09535593,22.48166887,26.2885124
9/24/1998,37.35,0.08991424177,30.95348598,23.00605768,26.97977183
9/25/1998,41.15,15.48079127,31.50554776,22.37044683,26.93799729
9/26/1998,41.15,0.01024929181,29.31871433,22.39115862,25.85493647
9/27/1998,183.78,6.654942087,30.95728931,21.81696047,26.38712489
9/28/1998,63.15,5.916513211,30.78174321,22.65418691,26.71796506
9/29/1998,236.2,21.8331982,29.89541928,22.57870339,26.23706133
9/30/1998,105.5,0.9460614852,30.73161593,22.77147763,26.75154678
10/1/1998,54.15,0.21468891,31.34432475,23.05599299,27.20015887
10/2/1998,44.02,2.263067573,32.34174441,23.27418758,27.80796599
10/3/1998,264.3,31.18769783,32.62270905,21.82857535,27.2256422
10/4/1998,99.57,6.3708477,31.19373993,21.53322055,26.36348024
10/5/1998,64.5,0.07696948486,30.6161956,22.17238074,26.39428817
10/6/1998,40.17,0.1094562384,31.34342143,22.53431394,26.93886769
10/7/1998,52.83,2.924976975,32.12896971,22.8150899,27.4720298
10/8/1998,37.45,0.5020624105,32.05348463,22.71967003,27.38657733
10/9/1998,37.21,3.256089366,30.48064868,22.70238125,26.59151496
10/10/1998,24.94,1.109177956,31.19155125,22.52225308,26.85690216
10/11/1998,28.1,2.119179399,31.20800238,23.06870316,27.13835277
10/12/1998,23.47,3.607046022,31.14342241,22.67676927,26.91009584
10/13/1998,23.05,0.6445050123,30.76354938,22.48315547,26.62335243
10/14/1998,22.55,8.111889013,31.67722642,21.55754544,26.61738593
10/15/1998,384.5,64.39959264,28.76529208,21.58605761,25.17567484
10/16/1998,124.8,24.41309689,26.84245418,21.53773696,24.19009557
10/17/1998,79.03,0,29.43522822,21.26051015,25.34786918
10/18/1998,52.06,0,30.66277373,21.41883141,26.04080257
10/19/1998,42.74,0,30.14470777,19.31334738,24.72902757
10/20/1998,37.11,0.01304390656,29.3698728,19.19670562,24.28328921
10/21/1998,24.5,0,29.17812974,17.38406014,23.28109494
10/22/1998,23.46,0,30.19271031,19.08683305,24.63977168
10/23/1998,25.17,0.8401746998,29.89993568,19.55677016,24.72835292
10/24/1998,26.79,0,28.9849621,19.37670592,24.18083401
10/25/1998,23.98,0,30.95625986,20.11458095,25.5354204
10/26/1998,21.79,0,32.0643899,21.29470756,26.67954873
10/27/1998,19.91,0,32.22174201,21.6439325,26.93283725
10/28/1998,15.65,0,32.25890493,21.74076578,26.99983536
10/29/1998,14.94,0,31.58245552,19.67657729,25.6295164
10/30/1998,13.88,0,30.90884235,18.14902293,24.52893264
10/31/1998,13.86,10.58678739,29.03574969,20.31521794,24.67548382
11/1/1998,29.18,8.296642608,25.21219911,21.04593056,23.12906483
11/2/1998,18.42,0,29.63148768,21.2576084,25.44454804
11/3/1998,17.15,0.1829053721,30.64335847,21.23225216,25.93780531
11/4/1998,18.33,1.08556976,31.22690755,21.15941465,26.1931611
11/5/1998,13.05,0,30.77877752,19.74096702,25.25987227
11/6/1998,15.79,0,31.2568443,18.41128521,24.83406476
11/7/1998,14.95,0,30.97510109,21.26805479,26.12157794
11/8/1998,13.33,2.412263205,30.82155214,21.79683387,26.30919301
11/9/1998,14.41,5.129848619,29.91445231,20.58380499,25.24912865
11/10/1998,16.99,0.2529206742,30.22916034,20.91019183,25.56967608
11/11/1998,15.41,0,30.44690703,20.99767228,25.72228965
11/12/1998,11.06,1.062065721,30.17993637,18.07851141,24.12922389
11/13/1998,13.03,0,29.29497274,15.45496324,22.37496799
11/14/1998,12.29,0,29.30084035,17.102253,23.20154668
11/15/1998,10.74,0,29.66077529,17.64328337,23.65202933
11/16/1998,9.7,0,29.58600484,16.98437864,23.28519174
11/17/1998,8.82,0,29.77310362,17.00780038,23.390452
11/18/1998,8.23,0,30.20516457,17.82128506,24.01322481
11/19/1998,8.14,3.713347164,29.91793753,18.68554807,24.3017428
11/20/1998,7.72,0.538169971,29.9425185,18.84057418,24.39154634
11/21/1998,7.49,0,29.79613197,17.4324449,23.61428844
11/22/1998,7.46,0,29.88613212,15.17702423,22.53157818
11/23/1998,7.09,0,29.60251835,15.15038262,22.37645049
11/24/1998,6.51,0,29.92625917,15.4769604,22.70160979
11/25/1998,4.95,0,30.25548365,15.04799137,22.65173751
11/26/1998,4.45,0,29.82167845,13.10399561,21.46283703
11/27/1998,4.21,0,29.19155125,12.70431497,20.94793311
11/28/1998,3.98,0,28.38606819,11.46412322,19.9250957
11/29/1998,3.75,0,28.14155184,13.51269892,20.82712538
11/30/1998,3.53,0,29.87980909,14.9825721,22.43119059
12/1/1998,2.5,0,30.6888413,16.62063698,23.65473914
12/2/1998,1.96,0,30.79251888,15.7032837,23.24790129
12/3/1998,0.31,0,30.73264555,14.01502673,22.37383614
12/4/1998,0.17,0,30.02245449,13.0268335,21.52464399
12/5/1998,0,0,30.15703589,13.79624876,21.97664233
12/6/1998,0.07,0,30.00329514,11.75290088,20.87809801
12/7/1998,0,0,29.96613205,12.18141363,21.07377284
12/8/1998,0,0,30.01148701,11.97592999,20.9937085
12/9/1998,0,0,29.77148724,12.9308293,21.35115827
12/10/1998,0,0,29.65329476,14.22521779,21.93925628
12/11/1998,0,0,27.74026512,14.98708859,21.36367685
12/12/1998,0,0,28.65064875,14.13160446,21.39112661
12/13/1998,0,0,28.43529215,13.15063759,20.79296487
12/14/1998,0,0,28.13251886,11.98290138,20.05771012
12/15/1998,0,0,27.40781117,12.28619576,19.84700346
12/16/1998,0,0,28.48348476,12.93722665,20.71035571
12/17/1998,0,0,28.9898719,12.39206193,20.69096692
12/18/1998,0,0,29.14903237,12.00857574,20.57880405
12/19/1998,0,0,29.47619621,11.77876713,20.62748167
12/20/1998,0,0,29.37613189,11.53244433,20.45428811
12/21/1998,0,0,28.57606872,11.28683286,19.93145079
12/22/1998,0,0,28.70606788,12.16857558,20.43732173
12/23/1998,0,0,28.98974559,11.86302859,20.42638709
12/24/1998,0,0,29.37342195,12.34754548,20.86048372
12/25/1998,0,0,29.190584,12.88374038,21.03716219
12/26/1998,0,0,27.89600431,11.74780015,19.82190223
12/27/1998,0,0,27.51342151,10.15857622,18.83599887
12/28/1998,0,0,28.24787525,10.36218921,19.30503223
12/29/1998,0,0,28.50167859,9.792252579,19.14696558
12/30/1998,0,0,28.40968173,10.13599386,19.2728378
12/31/1998,0,0,29.02884146,10.98489904,20.00687025
1/1/1999,0,0,29.02510032,11.97115854,20.49812943
1/2/1999,0,0,28.3314245,11.57844834,19.95493642
1/3/1999,0,0,28.15045695,10.91134924,19.53090309
1/4/1999,0,0,28.04961719,10.69103085,19.37032402
1/5/1999,0,0,28.23039293,12.27380466,20.2520988
1/6/1999,0,0,28.8031024,13.2663872,21.0347448
1/7/1999,0,0,29.00354915,14.39689654,21.70022285
1/8/1999,0,0,28.12103029,12.82727976,20.47415503
1/9/1999,0,0,27.81722581,11.87631262,19.84676922
1/10/1999,0,0,27.99619493,11.91141317,19.95380405
1/11/1999,0,0,27.83426232,10.4949632,19.16461276
1/12/1999,0,0,28.01426072,10.98670558,19.50048315
1/13/1999,0,0,29.08155237,13.08786424,21.08470831
1/14/1999,0,0,29.00155071,13.86393181,21.43274126
1/15/1999,0,0,28.89781094,12.4637403,20.68077562
1/16/1999,0,0,28.73781109,12.05025515,20.39403312
1/17/1999,0,0,29.31155192,12.80122249,21.0563872
1/18/1999,0,0,29.65148813,12.48206209,21.06677511
1/19/1999,0,0,29.75871486,12.39567511,21.07719499
1/20/1999,0,0,30.01491002,12.74031875,21.37761439
1/21/1999,0,0,29.80406965,13.89567511,21.84987238
1/22/1999,0,0,30.76606735,14.00496256,22.38551495
1/23/1999,0,0,31.40516533,14.06851213,22.73683873
1/24/1999,0,0,31.45000076,13.79947893,22.62473985
1/25/1999,0,0,31.95438929,15.07496312,23.51467621
1/26/1999,0,0,31.09329512,14.16863952,22.63096732
1/27/1999,0,0,31.97884205,14.83521745,23.40702975
1/28/1999,0,0,31.61310378,14.84393231,23.22851804
1/29/1999,0,0,31.62535662,14.62708798,23.1262223
1/30/1999,0,0,30.80077642,14.15979852,22.48028747
1/31/1999,0,0,31.85258246,15.40986159,23.63122202
2/1/1999,0,0,32.32619486,16.50108404,24.41363945
2/2/1999,0,0,32.2316783,16.76837455,24.50002643
2/3/1999,0,0,31.24793745,16.59870376,23.92332061
2/4/1999,0,0,32.14361265,17.80528165,24.97444715
2/5/1999,0,0,31.80077624,16.58786424,24.19432024
2/6/1999,0,0,31.15974567,17.60334812,24.38154689
2/7/1999,0,0,32.1414879,18.29599293,25.21874042
2/8/1999,0,0,32.70800255,17.68851202,25.19825729
2/9/1999,0,6.314227001,30.55225376,15.38257171,22.96741274
2/10/1999,0,0,30.46529267,16.63631285,23.55080276
2/11/1999,0,0,30.78335786,18.23624921,24.50980353
2/12/1999,0,0,31.35793807,18.25928889,24.80861348
2/13/1999,0,0,32.28432528,18.07399501,25.17916014
2/14/1999,0,0,32.61877767,17.71735348,25.16806557
2/15/1999,0,0,32.87161532,17.64773583,25.25967558
2/16/1999,0,0,33.28716293,18.71889476,26.00302884
2/17/1999,0,0,33.32432585,18.19341065,25.75886825
2/18/1999,0,0,33.29155146,18.11960745,25.70557945
2/19/1999,0,0,33.9797438,18.0076084,25.9936761
2/20/1999,0,0,34.12522858,18.75315593,26.43919226
2/21/1999,0,0,33.90516533,17.35206102,25.62861317
2/22/1999,0,0,34.21884199,17.84502665,26.03193432
2/23/1999,0,0,34.74793763,18.56870316,26.65832039
2/24/1999,0,0,35.24161459,18.72019129,26.98090294
2/25/1999,0,0,35.72806504,18.78399583,27.25603043
2/26/1999,0,0,35.94012684,19.38147651,27.66080167
2/27/1999,0,0,35.9672256,19.64250792,27.80486676
2/28/1999,0,0,35.89928828,19.79263558,27.84596193
3/1/1999,0,0,36.00884291,19.99889527,28.00386909
3/2/1999,0,0,35.14980781,19.72160453,27.43570617
3/3/1999,0,0,35.13232688,19.44612042,27.28922365
3/4/1999,0,0,35.19877916,18.13954223,26.6691607
3/5/1999,0,0,35.72968143,18.75315593,27.24141868
3/6/1999,0,0,36.31335855,19.06050956,27.68693405
3/7/1999,0,0,36.39329453,19.30773568,27.85051511
3/8/1999,0,0,37.11335778,19.97960632,28.54648205
3/9/1999,0,0,37.49264561,21.00425123,29.24844842
3/10/1999,0,0,37.17258389,20.9734751,29.07302949
3/11/1999,0,0,37.82897047,20.99341162,29.41119105
3/12/1999,0,0,36.88606801,20.99070167,28.93838484
3/13/1999,0,0,36.94974468,20.90528203,28.92751335
3/14/1999,0,0,36.62510071,21.00509043,28.81509557
3/15/1999,0,0,36.38045822,21.96444229,29.17245026
3/16/1999,0,0,36.58575066,22.21618481,29.40096774
3/17/1999,0,0,37.43310174,22.4154084,29.92425507
3/18/1999,0,0,38.0253545,21.92502657,29.97519054
3/19/1999,0,0,37.92102953,21.71186022,29.81644487
3/20/1999,0,0,38.02716114,22.52818289,30.27767201
3/21/1999,0,0,37.93380347,22.25599375,30.09489861
3/22/1999,0,0,37.36058564,21.71160447,29.53609506
3/23/1999,0,0,37.75593907,22.96824736,30.36209322
3/24/1999,0,0,37.72736297,23.43843865,30.58290081
3/25/1999,0,0.05508032487,37.68562126,22.22772632,29.95667379
3/26/1999,0,0,38.03220054,21.07534604,29.55377329
3/27/1999,0,0,38.69529065,20.53328449,29.61428757
3/28/1999,0,0,39.23342256,20.39464384,29.8140332
3/29/1999,0,0,39.56890631,20.13502566,29.85196598
3/30/1999,0,0,40.00335717,20.24851149,30.12593433
3/31/1999,0,0,39.68039196,20.29851263,29.9894523
4/1/1999,0,0,40.44142511,21.47605717,30.95874114
4/2/1999,0,0,40.30148775,22.53444199,31.41796487
4/3/1999,0,0,39.57593911,22.41328382,30.99461147
4/4/1999,0,0,39.25961818,21.4665141,30.36306614
4/5/1999,0,0,39.46587613,21.21779946,30.3418378
4/6/1999,0,0,39.30458918,23.24456911,31.27457915
4/7/1999,0,0,39.55652368,23.71908656,31.63780512
4/8/1999,0,0,41.12432544,23.51702516,32.3206753
4/9/1999,0,0,41.58258373,24.32811819,32.95535096
4/10/1999,0,0,41.216004,24.70225338,32.95912869
4/11/1999,0,0,41.52245449,25.22328329,33.37286889
4/12/1999,0,0,42.28703506,26.15121162,34.21912334
4/13/1999,0,0,42.47703368,24.21857664,33.34780516
4/14/1999,0,0,41.97367651,24.51018087,33.24192869
4/15/1999,0,0,40.87832231,23.51444153,32.19638192
4/16/1999,0,0,41.10296433,23.02683359,32.06489896
4/17/1999,0,0,40.3661334,21.99650362,31.18131851
4/18/1999,0,0,40.77174124,21.17799226,30.97486675
4/19/1999,0,0,40.7943236,22.42160529,31.60796445
4/20/1999,0,0,40.61329575,23.99005254,32.30167415
4/21/1999,0,0,40.37865159,24.8654731,32.62206234
4/22/1999,0,0,40.89967994,25.55508984,33.22738489
4/23/1999,0,0,40.41942778,25.09154143,32.75548461
4/24/1999,0,0,41.15426184,25.66063781,33.40744983
4/25/1999,0,0,41.89787331,26.42624801,34.16206066
4/26/1999,0,0,42.25432616,26.03915037,34.14673826
4/27/1999,0,0,41.64812905,26.47934097,34.06373501
4/28/1999,0,0,41.90457996,26.35482547,34.12970271
4/29/1999,0,0,42.13941436,26.5550163,34.34721533
4/30/1999,0,0,42.81748017,27.15230674,34.98489345
5/1/1999,0,0,43.2247699,27.25791708,35.24134349
5/2/1999,0,0,43.1104466,26.34772526,34.72908593
5/3/1999,0,0,41.85052147,26.72747041,34.28899594
5/4/1999,0,0,43.17245567,27.6230815,35.39776858
5/5/1999,0,0,42.88716175,27.15166877,35.01941526
5/6/1999,0,0.05109116674,42.48335672,24.96367628,33.7235165
5/7/1999,0,0,37.36375291,27.03702389,32.2003884
5/8/1999,0,0.1962377428,40.59335733,25.86192394,33.22764063
5/9/1999,0,0,38.80019295,25.18992526,31.9950591
5/10/1999,0,0,39.81445193,27.15579213,33.48512203
5/11/1999,0,0,40.8245161,25.49173303,33.15812456
5/12/1999,0,0.9014387216,40.12426306,24.67792833,32.40109569
5/13/1999,0,0,37.41394239,25.67534469,31.54464354
5/14/1999,0,0,39.81896834,24.38341101,32.10118967
5/15/1999,0,0.1671139639,38.15058308,24.85992533,31.50525421
5/16/1999,0,0.8998274699,38.97793717,25.82740685,32.40267201
5/17/1999,0,0,38.98877661,25.64340007,32.31608834
5/18/1999,0,1.489328537,38.93006268,26.83572832,32.8828955
5/19/1999,0,0.007766255296,37.79283856,24.92217932,31.35750894
5/20/1999,0,0.04844658732,37.89521787,25.73295423,31.81408605
5/21/1999,0,12.97778694,37.70554852,23.54425023,30.62489938
5/22/1999,0,1.920134416,36.06542092,23.57282634,29.81912363
5/23/1999,0,0,36.42122324,24.56476062,30.49299193
5/24/1999,0,0.2713219277,37.54257165,23.97818348,30.76037756
5/25/1999,0,1.681462451,35.75825753,24.34979723,30.05402738
5/26/1999,100.6,40.91127218,34.80264698,22.4406385,28.62164274
5/27/1999,16.64,1.791821726,32.34812982,23.52618428,27.93715705
5/28/1999,9.5,0,33.03174338,24.00998906,28.52086622
5/29/1999,3.57,0,36.76373945,24.77030741,30.76702343
5/30/1999,2.7,0,36.97193572,24.56301809,30.76747691
5/31/1999,2.42,0,36.111617,25.21224244,30.66192972
6/1/1999,0.63,0.1139965498,36.59567579,24.77663044,30.68615311
6/2/1999,0.31,0.1401129879,36.74122294,24.18992526,30.4655741
6/3/1999,0,0.2591698167,36.17644942,24.47095713,30.32370327
6/4/1999,0,1.361502844,35.68354772,22.71508969,29.19931871
6/5/1999,0,0,37.17445254,24.0605735,30.61751302
6/6/1999,0,0,37.63096658,25.78746987,31.70921823
6/7/1999,0,15.20779674,38.69386797,24.50811849,31.60099323
6/8/1999,0.5,8.192844007,37.10277409,23.82057373,30.46167391
6/9/1999,0,1.655214228,36.56548329,25.37734389,30.97141359
6/10/1999,0,0.4799051038,36.5781952,25.13457024,30.85638272
6/11/1999,0,4.056983463,36.41535736,23.70353875,30.05944806
6/12/1999,0,13.87200933,34.59554791,23.05444244,28.82499518
6/13/1999,0,10.66948927,31.59592997,23.28605664,27.4409933
6/14/1999,0,9.208402593,32.73903269,23.27450569,28.00676919
6/15/1999,0,2.444522895,33.30832261,22.58554769,27.94693515
6/16/1999,0,0.04733390045,27.77188046,21.99231632,24.88209839
6/17/1999,0,3.370863377,28.10916123,21.87508954,24.99212538
6/18/1999,0,2.942080379,28.48162536,21.61580238,25.04871387
6/19/1999,0,7.583688362,26.87529251,22.0013493,24.43832091
6/20/1999,0,0.005590522804,30.37019091,22.53612057,26.45315574
6/21/1999,0,0.08703988065,32.46638796,22.744251,27.60531948
6/22/1999,0,0,32.73012741,23.26715147,27.99863944
6/23/1999,0,2.092568053,32.44019234,23.20263543,27.82141389
6/24/1999,0,10.73556929,29.11697104,21.87418622,25.49557863
6/25/1999,0,2.692190952,30.78800231,22.08618565,26.43709398
6/26/1999,0,0,31.8118061,22.45263543,27.13222076
6/27/1999,0,0,32.40006355,22.83263459,27.61634907
6/28/1999,0,0.02171067093,32.91748211,23.22082926,28.06915568
6/29/1999,0,0.09216887753,33.75728855,23.57456904,28.66592879
6/30/1999,0,2.325479943,34.52012833,23.59057418,29.05535126
7/1/1999,0,1.706715565,34.01915934,23.28450592,28.65183263
7/2/1999,0,0,33.95115999,23.24114783,28.59615391
7/3/1999,0,0,33.29651419,23.31121146,28.30386283
7/4/1999,0,0,34.96103044,24.43405955,29.697545
7/5/1999,0,1.328745921,35.28832216,23.58328373,29.43580294
7/6/1999,0,0.169230541,33.52625765,23.3604466,28.44335212
7/7/1999,0,4.868310391,30.83006386,22.75618573,26.79312479
7/8/1999,0,3.61708957,30.04690741,21.55567487,25.80129114
7/9/1999,0,6.512422605,31.26812989,23.09992528,27.18402758
7/10/1999,0,0,32.77012833,23.63437826,28.20225329
7/11/1999,0,3.182015291,32.92380514,22.6041875,27.76399632
7/12/1999,0,7.780313278,30.88006327,22.55166856,26.71586592
7/13/1999,0,2.144326578,30.10258228,22.42154136,26.26206182
7/14/1999,0,2.18440267,29.11083982,22.12160432,25.61622207
7/15/1999,0,4.735218228,30.41935094,22.18076441,26.30005767
7/16/1999,0,15.18285472,29.78393189,22.12147628,25.95270408
7/17/1999,0,6.351204371,30.86187118,22.27250726,26.56718922
7/18/1999,0,7.038625485,30.6981302,22.94902217,26.82357618
7/19/1999,3.76,20.64521081,31.150839,22.63973404,26.89528652
7/20/1999,2.24,8.239751967,30.91464429,22.26960707,26.59212568
7/21/1999,3.51,10.12966932,30.82071277,22.59780053,26.70925665
7/22/1999,2.48,3.575209178,30.13993545,22.16147719,26.15070632
7/23/1999,1.98,5.130503116,29.94529238,22.50141324,26.22335281
7/24/1999,1.82,4.185554811,30.12825664,22.28786327,26.20805995
7/25/1999,1.82,2.100953837,30.48438807,22.28347473,26.3839314
7/26/1999,1.82,0.3428328084,30.99335885,22.40876725,26.70106305
7/27/1999,0.69,1.532941101,30.85419693,22.4097345,26.63196572
7/28/1999,0.69,22.52964797,29.1590326,22.18154159,25.67028709
7/29/1999,0.5,0.8131201523,29.2279389,22.39883096,25.81338493
7/30/1999,0.5,0,29.91445231,22.94992549,26.4321889
7/31/1999,0.5,0,30.25812966,22.13070124,26.19441545
8/1/1999,3.02,19.22917072,30.29206155,22.00792825,26.1499949
8/2/1999,265.62,59.7327651,27.16833092,21.08489855,24.12661474
8/3/1999,76.69,13.71918127,26.21503692,21.52786477,23.87145085
8/4/1999,61.1,5.985371523,25.8813598,21.3686402,23.625
8/5/1999,77.05,10.80256091,28.85458072,21.96708813,25.41083442
8/6/1999,27,1.938840867,29.58103111,22.27431371,25.92767241
8/7/1999,15.7,6.043715055,28.89819299,21.7343147,25.31625385
8/8/1999,15.76,0.5040859385,29.09613121,22.22967026,25.66290073
8/9/1999,47.87,28.60734731,26.34884115,21.7524446,24.05064287
8/10/1999,35.14,3.356353336,26.45367605,21.85515475,24.1544154
8/11/1999,28.01,2.724384382,30.55909615,21.70605671,26.13257643
8/12/1999,17.18,0.1494581492,31.12271061,22.05986216,26.59128639
8/13/1999,12.34,0,31.31928836,22.34166757,26.83047796
8/14/1999,11.85,0.002004925901,29.63167965,22.08257239,25.85712602
8/15/1999,10.01,0.0000005809361756,30.37077611,22.36540916,26.36809264
8/16/1999,9.22,0.9136852407,31.52825799,22.39811962,26.96318881
8/17/1999,9.2,0.1462961614,32.08813115,22.6591493,27.37364022
8/18/1999,7.14,0.02717574431,32.56645228,22.85257111,27.7095117
8/19/1999,7.02,3.553551535,32.86438914,22.57425092,27.71932003
8/20/1999,7.05,11.34080923,32.94787602,22.73122271,27.83954936
8/21/1999,12.26,21.11999113,30.26052149,22.60257111,26.4315463
8/22/1999,10.33,0.2403792512,29.48690777,22.30166856,25.89428817
8/23/1999,8.05,0,32.13787464,22.57450493,27.35618979
8/24/1999,7.42,0,32.49432437,23.20166818,27.84799627
8/25/1999,5.68,0,32.5952298,23.27547294,27.93535137
8/26/1999,4.95,0,29.35904279,22.77528114,26.06716196
8/27/1999,4.04,1.736220861,30.55665173,22.61792713,26.58728943
8/28/1999,33.23,20.30296811,30.18342159,21.81515401,25.9992878
8/29/1999,11,0.048080163,30.88568613,22.1351537,26.51041992
8/30/1999,52.93,9.667778815,30.65755525,21.93605799,26.29680662
8/31/1999,13.12,6.095654409,30.56671589,22.10250718,26.33461153
9/1/1999,11.61,1.998356545,29.85020162,22.19341065,26.02180613
9/2/1999,11.75,0.08325673876,31.42845885,21.9034754,26.66596713
9/3/1999,8.99,0.02171067093,31.07658825,21.99973465,26.53816145
9/4/1999,7.97,0.06294753463,30.59194409,22.09166757,26.34180583
9/5/1999,6.46,0.2310145861,31.0587141,21.76470861,26.41171136
9/6/1999,6.92,0,32.03503645,22.26902204,27.15202924
9/7/1999,6.53,18.27975029,31.12413346,21.18883187,26.15648266
9/8/1999,145.7,48.49785029,28.15633382,20.65689668,24.40661525
9/9/1999,57,12.02265869,25.43161496,20.3851537,22.90838433
9/10/1999,48.32,14.3064091,26.90806535,21.55811947,24.23309241
9/11/1999,52.64,12.60650487,28.06161585,21.76179569,24.91170577
9/12/1999,59.95,20.72238316,29.13180579,21.51070213,25.32125396
9/13/1999,43.89,5.968562814,29.04071225,21.67160529,25.35615877
9/14/1999,64.29,2.506456133,28.92625917,21.17431524,25.05028721
9/15/1999,41.45,3.603468158,29.51090354,21.5007019,25.50580272
9/16/1999,29.59,0.5425270627,30.08690816,20.89063736,25.48877276
9/17/1999,23.01,0,30.18510017,21.74715275,25.96612646
9/18/1999,21.46,0,30.48852243,21.61908636,26.05380439
9/19/1999,17.8,1.126745787,30.74052103,21.59070205,26.16561154
9/20/1999,15.76,0,30.5423269,22.24889527,26.39561109
9/21/1999,14.6,0,31.92096733,22.68173166,27.30134949
9/22/1999,13.73,0.7503465059,29.87593048,22.1508935,26.01341199
9/23/1999,12.98,0.270850765,29.77876809,22.34185955,26.06031382
9/24/1999,14.6,0.7099173067,31.81999969,22.95979784,27.38989877
9/25/1999,13.47,3.766323401,32.05651598,22.26147757,27.15899678
9/26/1999,16.97,2.307890283,32.00554776,22.8372151,27.42138143
9/27/1999,18.38,0.6345498021,31.91180648,22.68347435,27.29764042
9/28/1999,25.21,2.092931331,30.64974544,21.37309266,26.01141905
9/29/1999,19.38,0.4672407118,30.64625849,22.09721533,26.37173691
9/30/1999,31.49,13.67837797,29.70342204,21.88425039,25.79383622
10/1/1999,24.37,0.03344706992,30.78903349,22.33528234,26.56215791
10/2/1999,18.64,0,31.76342134,22.2317328,26.99757707
10/3/1999,22.19,21.66807743,31.29825671,22.20540931,26.75183301
10/4/1999,70.07,9.529714388,30.95909594,21.62889461,26.29399527
10/5/1999,63.49,5.636823354,31.64922435,22.14540985,26.8973171
10/6/1999,42.47,1.300709917,31.69619552,22.04444221,26.87031887
10/7/1999,41.55,21.12054645,30.54161557,21.97250785,26.25706171
10/8/1999,30.5,0.08597090823,30.3016158,21.75173135,26.02667357
10/9/1999,42.25,6.590242106,30.88800269,22.38276361,26.63538315
10/10/1999,82.25,6.947959795,32.15535557,21.98696054,27.07115806
10/11/1999,38.61,0.01024929181,32.96071233,22.24708881,27.60390057
10/12/1999,30.51,1.894813971,33.33729038,21.24431493,27.29080266
10/13/1999,23.4,5.904214753,32.33258373,21.01979731,26.67619052
10/14/1999,175.92,7.979271673,30.90993591,21.20328457,26.05661024
10/15/1999,39.86,0.01102575331,30.86548426,20.99521825,25.93035126
10/16/1999,55,6.9037034,30.46987318,20.83450516,25.65218917
10/17/1999,78.98,1.363362379,31.34445262,20.97902286,26.16173774
10/18/1999,36.17,0,30.78438922,20.13934082,25.46186502
10/19/1999,28.53,0,31.289745,19.29824728,25.29399614
10/20/1999,22.97,0,31.70335794,18.91360194,25.30847994
10/21/1999,21.32,0,31.71625992,17.52341057,24.61983524
10/22/1999,19.56,0,31.31600438,18.23263612,24.77432025
10/23/1999,15.57,0,31.63793875,17.82173296,24.72983585
10/24/1999,14.6,0,31.25716241,17.99431493,24.62573867
10/25/1999,14.24,0.01606489546,30.97980947,20.74566424,25.86273685
10/26/1999,12.57,8.556175941,30.89793898,21.80070131,26.34932015
10/27/1999,13.23,0.02508530244,31.54806647,21.32431486,26.43619066
10/28/1999,13.66,0.06832861205,31.77800225,18.68437767,25.23118996
10/29/1999,12.23,0,30.86142328,16.77792697,23.81967513
10/30/1999,11.01,0,31.20052012,16.33418713,23.76735362
10/31/1999,10.66,0,31.36709891,16.81979837,24.09344864
11/1/1999,6.62,0,31.82071294,18.02940432,24.92505863
11/2/1999,6.63,0,32.27264473,19.36946841,25.82105657
11/3/1999,6.44,0,32.79722709,19.50663172,26.1519294
11/4/1999,6.26,0,32.30239124,19.35927793,25.83083459
11/5/1999,5.19,0,32.79142359,20.14759836,26.46951097
11/6/1999,4.72,0,32.58677855,20.56089335,26.57383595
11/7/1999,4.49,0,32.6514242,19.84592997,26.24867708
11/8/1999,4.26,0,32.31955371,19.10973353,25.71464362
11/9/1999,4.26,0,32.56690596,17.74321964,25.1550628
11/10/1999,3.42,0,32.52226424,16.39967033,24.46096729
11/11/1999,3.02,0,32.22594029,16.40425076,24.31509553
11/12/1999,3.02,0,31.69781017,15.63244376,23.66512697
11/13/1999,2.65,0,31.30671566,14.44309244,22.87490405
11/14/1999,2.31,0,31.62877773,14.85302836,23.24090304
11/15/1999,1.98,0,31.19232652,15.03502623,23.11367638
11/16/1999,0.16,0,30.52251842,13.53399591,22.02825717
11/17/1999,0,0,31.29432534,13.73947946,22.5169024
11/18/1999,0,0,30.74800156,13.74935173,22.24867665
11/19/1999,0,0,29.42142465,12.58019095,21.0008078
11/20/1999,0,0,29.42606719,13.20038281,21.313225
11/21/1999,0,0,29.06697181,13.28960666,21.17828923
11/22/1999,0,0,28.75239183,13.37960681,21.06599932
11/23/1999,0,0,27.54052027,15.11592947,21.32822487
11/24/1999,0,0,29.75716241,15.37670592,22.56693417
11/25/1999,0,0,30.3951651,16.3159933,23.3555792
11/26/1999,0,0,30.6514242,15.66489926,23.15816173
11/27/1999,0,0,30.43335765,14.71218959,22.57277362
11/28/1999,0,0,30.31058467,14.81334738,22.56196602
11/29/1999,0,0,30.60613144,14.8043144,22.70522292
11/30/1999,0,0,30.54593999,13.58328381,22.0646119
12/1/1999,0,0,30.88871402,13.02689657,21.9578053
12/2/1999,0,0,30.508841,12.72225288,21.61554694
12/3/1999,0,0,29.86793829,12.5368968,21.20241755
12/4/1999,0,0,28.91684414,12.67309207,20.79496811
12/5/1999,0,0,28.8623266,12.86418686,20.86325673
12/6/1999,0,0,29.13510094,13.13141344,21.13325719
12/7/1999,0,0,29.58064906,14.24231641,21.91148273
12/8/1999,0,0,30.10335773,15.65592943,22.87964358
12/9/1999,0,0,30.01909714,16.99947874,23.50928794
12/10/1999,0,0,29.10987257,16.31418667,22.71202962
12/11/1999,0,0,28.60451678,13.2524446,20.92848069
12/12/1999,0,0,26.88884207,10.67592989,18.78238598
12/13/1999,0,0,27.40239145,11.16883141,19.28561143
12/14/1999,0,0,28.84342143,11.18857596,20.01599869
12/15/1999,0,0,29.86071195,11.65050971,20.75561083
12/16/1999,0,0,30.04722726,12.0268335,21.03703038
12/17/1999,0,0,29.71787474,11.97399549,20.84593512
12/18/1999,0,0,29.23600446,11.12031887,20.17816166
12/19/1999,0,0,29.1023903,11.59025511,20.34632271
12/20/1999,0,0,28.3458772,11.43231686,19.88909703
12/21/1999,0,0,28.04774662,11.07786401,19.56280531
12/22/1999,0,0,29.11348583,13.53076479,21.32212531
12/23/1999,0,0,29.67335742,14.59670532,22.13503137
12/24/1999,0,0,29.65419808,12.8374173,21.24580769
12/25/1999,0,0,29.65419808,13.24477131,21.44948469
12/26/1999,0,0,29.43419686,14.55857584,21.99638635
12/27/1999,0,0,29.74503744,16.12605679,22.93554711
12/28/1999,0,0,28.92058528,15.41315578,22.16687053
12/29/1999,0,0,29.90148813,14.9656748,22.43358147
12/30/1999,0,0,29.38329431,14.58302877,21.98316154
12/31/1999,0,0,29.79877798,14.35025534,22.07451666
1/1/2000,0,0,29.28980894,14.40083987,21.8453244
1/2/2000,0,0,28.7241225,13.67083937,21.19748093
1/3/2000,0,0,28.36161526,12.55077555,20.4561954
1/4/2000,0,0,28.51438876,11.77781105,20.14609991
1/5/2000,0,0,28.4198722,11.61896957,20.01942089
1/6/2000,0,0,28.77535624,12.02451686,20.39993655
1/7/2000,0,0,28.24445224,10.95903279,19.60174251
1/8/2000,0,0,28.28987287,10.31361359,19.30174323
1/9/2000,0,0,29.40716203,12.23109475,20.81912839
1/10/2000,0,0,30.84342143,13.09554696,21.9694842
1/11/2000,0,0,31.37793852,14.60896934,22.99345393
1/12/2000,0,0,31.85161486,16.08290176,23.96725831
1/13/2000,0,0.05086077161,32.19071187,17.78922374,24.9899678
1/14/2000,0,0,31.17793776,17.44593035,24.31193405
1/15/2000,0,0,32.79167933,18.41960686,25.60564309
1/16/2000,0,0,32.69458087,18.22341116,25.45899602
1/17/2000,0,0,31.89071263,17.49561147,24.69316205
1/18/2000,0,0,32.13354849,16.77438899,24.45396874
1/19/2000,0,0,32.61529228,16.97909623,24.79719426
1/20/2000,0,0,32.35174308,15.50174261,23.92674284
1/21/2000,0,0,33.17367727,15.17896903,24.17632315
1/22/2000,0,0,34.24083898,16.39038326,25.31561112
1/23/2000,0,0,33.0307744,15.06193405,24.04635422
1/24/2000,0,0.1838873697,31.805547,14.33832061,23.07193381
1/25/2000,0,0,31.095292,14.60386852,22.84958026
1/26/2000,0,0,30.96871395,16.38941601,23.67906498
1/27/2000,0,0,31.09865108,16.27922351,23.68893729
1/28/2000,0,0,31.16871471,16.25006394,23.70938932
1/29/2000,0,0,30.88167965,16.19025463,23.53596714
1/30/2000,0,0,30.56529305,14.15174318,22.35851811
1/31/2000,0,0,31.86638758,13.11806625,22.49222692
2/1/2000,0,0,32.42968219,14.68521783,23.55745001
2/2/2000,0,0,32.96690749,15.77456971,24.3707386
2/3/2000,0,0,32.06787495,16.33947889,24.20367692
2/4/2000,0,0,32.72367651,17.06740662,24.89554157
2/5/2000,0,0,33.17064938,17.57463297,25.37264118
2/6/2000,0,0,32.03651553,16.98753457,24.51202505
2/7/2000,0,0,31.45193353,14.96231668,23.2071251
2/8/2000,0,0,31.51916108,16.64675915,24.08296011
2/9/2000,0,0,32.53541867,17.5668871,25.05115288
2/10/2000,0,0,32.08361475,17.58121192,24.83241333
2/11/2000,0,0,33.08993778,19.11153055,26.10073417
2/12/2000,0,0,31.66851156,18.0094678,24.83898968
2/13/2000,0,0,30.73206209,16.92566454,23.82886331
2/14/2000,0,0,31.8301278,18.68425136,25.25718958
2/15/2000,0,0,31.1698081,18.95618458,25.06299634
2/16/2000,0,0,32.23877661,19.64437849,25.94157755
2/17/2000,0,0,33.36058564,19.39559992,26.37809278
2/18/2000,0,0,33.25548192,16.01663194,24.63605693
2/19/2000,0,0,32.29535496,15.61915029,23.95725263
2/20/2000,0,0,32.85432498,17.57289036,25.21360767
2/21/2000,0,0,32.24529335,17.42314484,24.8342191
2/22/2000,0,0,31.84980857,17.41908559,24.63444708
2/23/2000,0,0,30.78194445,19.40372958,25.09283702
2/24/2000,0,2.014265515,31.59600507,19.20624852,25.40112679
2/25/2000,0,1.411394039,30.35987257,17.83657887,24.09822572
2/26/2000,0,0.2500259234,29.70864978,17.81889514,23.76377246
2/27/2000,0,0.4547074948,28.98013875,18.1123811,23.54625993
2/28/2000,0,0,30.97058451,17.15160484,24.06109467
2/29/2000,0,0,32.22684378,14.89573818,23.56129098
3/1/2000,0,0,33.44167739,15.43929863,24.44048801
3/2/2000,0,0,35.27245449,17.53922374,26.40583911
3/3/2000,0,0,35.75432616,17.71374022,26.73403319
3/4/2000,0,0,36.34626081,18.32935252,27.33780667
3/5/2000,0,0,36.35554624,18.48212602,27.41883613
3/6/2000,0,0,36.00909518,18.30664229,27.15786874
3/7/2000,0,0,36.11535466,18.67038213,27.39286839
3/8/2000,0,0,34.79025666,19.13135037,26.96080351
3/9/2000,0,0,34.50019024,18.41044583,26.45531804
3/10/2000,0,0,35.14993568,16.805547,25.97774134
3/11/2000,0,0,35.74819337,17.45993688,26.60406513
3/12/2000,0,0,36.87071217,18.51954313,27.69512765
3/13/2000,0,0,37.15206043,18.78019076,27.96612559
3/14/2000,0,0,36.03283677,19.59786447,27.81535062
3/15/2000,0,0,35.34554791,18.20212534,26.77383663
3/16/2000,0,0,35.66451625,17.97050941,26.81751283
3/17/2000,0,0,36.61271038,19.00147735,27.80709386
3/18/2000,0,0,37.26722484,19.91721503,28.59221993
3/19/2000,0,0,37.40935245,19.94489899,28.67712572
3/20/2000,0,0,37.71554685,19.78244338,28.74899511
3/21/2000,0,0,37.60716262,20.52509089,29.06612676
3/22/2000,0,0,37.84697059,22.42605776,30.13651417
3/23/2000,0,0.1170647447,37.41774555,20.81670646,29.117226
3/24/2000,0,0,36.81613069,21.28051061,29.04832065
3/25/2000,0,0,36.70806458,21.09470853,28.90138656
3/26/2000,0,0,37.44548436,21.56670646,29.50609541
3/27/2000,0,0,37.75884291,22.54773719,30.15329005
3/28/2000,0,0,36.23413233,22.87767317,29.55590275
3/29/2000,0,0,36.69406904,21.6665788,29.18032392
3/30/2000,0,0,37.583359,20.41458036,28.99896968
3/31/2000,0,0,38.53161517,20.30626007,29.41893762
4/1/2000,0,0,39.19800042,20.7039959,29.95099816
4/2/2000,0,0,38.62762023,22.27683359,30.45222691
4/3/2000,0,0,38.79316784,23.5486405,31.17090417
4/4/2000,0,0,39.99161459,23.97031916,31.98096688
4/5/2000,0,0,40.52716114,24.28231724,32.40473919
4/6/2000,0,0,40.8516807,24.82651471,32.83909771
4/7/2000,0,0,40.76432482,25.36483513,33.06457998
4/8/2000,0,0,40.34858697,24.9639322,32.65625958
4/9/2000,0,0,40.31426169,25.41212459,32.86319314
4/10/2000,0,0,41.46096807,23.27670554,32.36883681
4/11/2000,0,0,41.5163217,23.66760825,32.59196497
4/12/2000,0,0,41.90174231,25.07353941,33.48764086
4/13/2000,0,0.3116217107,41.59322945,25.84708729,33.72015837
4/14/2000,0,0,41.28606954,24.57670495,32.93138725
4/15/2000,0,0,41.27619562,25.21573883,33.24596722
4/16/2000,0,0,40.52264473,25.15819322,32.84041897
4/17/2000,0,0,40.42780972,23.95644993,32.19212982
4/18/2000,0,0,40.76529381,25.31328344,33.03928863
4/19/2000,0,0.7424443351,39.2732956,22.49573934,30.88451747
4/20/2000,0,0,37.72581242,23.4066425,30.56622746
4/21/2000,0,0,39.76168055,25.33218861,32.54693458
4/22/2000,0,0,41.38716175,26.49857542,33.94286858
4/23/2000,0,0,40.62025502,25.83715117,33.22870309
4/24/2000,0,0,40.03625978,25.59780053,32.81703016
4/25/2000,0,0,41.41012772,25.04154029,33.225834
4/26/2000,0,0,40.79819261,24.94967148,32.87393204
4/27/2000,0,0,42.52103182,25.40708866,33.96406024
4/28/2000,0,0,43.56844915,25.3585121,34.46348062
4/29/2000,0,0,43.51290215,25.58128529,34.54709372
4/30/2000,0,0,43.49838361,25.10979746,34.30409054
5/1/2000,0,0.3289312167,43.57206207,26.31418676,34.94312441
5/2/2000,0,0,43.27451686,25.93496287,34.60473986
5/3/2000,0,0,43.18999863,27.02954336,35.10977099
5/4/2000,0,0,42.87335992,26.22096656,34.54716324
5/5/2000,0,0,41.40671587,26.28935161,33.84803374
5/6/2000,0,2.530855622,41.57483421,22.29716316,31.93599868
5/7/2000,0,0,35.9533691,23.72722566,29.84029738
5/8/2000,0,8.058472864,38.1141989,22.65309162,30.38364526
5/9/2000,0,0.4457917322,35.96671724,23.31082941,29.63877333
5/10/2000,0,0.1289762329,38.01439032,24.69734359,31.35586695
5/11/2000,0,0,38.97451762,26.04579152,32.51015457
5/12/2000,0,0,39.27922351,25.68759754,32.48341052
5/13/2000,0,0,39.40838346,25.54017982,32.47428164
5/14/2000,0,0,39.96502732,25.91127578,32.93815155
5/15/2000,0,0,39.85844972,26.15379352,33.00612162
5/16/2000,0,0,39.45748303,26.6375983,33.04754066
5/17/2000,0,0,38.09193465,25.50005277,31.79599371
5/18/2000,0,0,38.50831991,25.44463364,31.97647677
5/19/2000,0,0,36.43128741,25.12018148,30.77573444
5/20/2000,0,0.02717574431,35.58393286,24.19799099,29.89096192
5/21/2000,0,0,36.71174369,25.47114738,31.09144553
5/22/2000,0,0,37.54457969,26.58295444,32.06376707
5/23/2000,0,0.009638937279,35.51671648,26.34360207,30.93015928
5/24/2000,0,0,37.90174231,26.28715176,32.09444704
5/25/2000,0,3.450437451,38.0253545,25.1262486,31.57580155
5/26/2000,0,7.284213362,37.78909743,24.13521764,30.96215753
5/27/2000,0,7.12615859,35.93342332,24.60637618,30.26989975
5/28/2000,0,0,37.89916041,25.49914945,31.69915493
5/29/2000,0,0,37.67496437,25.84205136,31.75850787
5/30/2000,0,0,37.62057314,24.84572855,31.23315084
5/31/2000,0,7.925407036,36.64031751,24.22624898,30.43328324
6/1/2000,0,11.4368221,35.74573934,22.82379359,29.28476647
6/2/2000,0,0.194381012,34.6952171,23.93553673,29.31537692
6/3/2000,0,16.58589988,36.92792676,22.95805515,29.94299096
6/4/2000,0,1.455302262,36.13844885,23.36811911,29.75328398
6/5/2000,0,9.99705196,32.22103223,24.03205016,28.1265412
6/6/2000,0,21.0060058,31.55406965,22.7050912,27.12958042
6/7/2000,0,1.483588936,29.38891544,22.59231671,25.99061607
6/8/2000,0,5.246916603,30.78109407,23.35160386,27.06634897
6/9/2000,0,9.799786275,31.35922343,23.08799211,27.22360777
6/10/2000,0,0.4619876532,31.91445249,24.29631278,28.10538263
6/11/2000,36.33,60.11369483,33.35322042,23.13889483,28.24605763
6/12/2000,5.05,0.3163304153,31.16529169,22.62767317,26.89648243
6/13/2000,0.54,2.003780721,32.53129705,23.19792705,27.86461205
6/14/2000,0.31,0.1501752608,33.61006264,23.03799114,28.32402689
6/15/2000,0.26,0.001804433311,33.7663217,23.31908521,28.54270346
6/16/2000,0,1.214597427,33.93554807,23.44353852,28.68954329
6/17/2000,0,0.3253465196,34.07199657,24.02179575,29.04689616
6/18/2000,0,3.04593869,34.06728992,22.88702427,28.4771571
6/19/2000,0,10.24964588,31.3118812,22.3219983,26.81693975
6/20/2000,0,8.591688902,28.47742881,22.61187118,25.54464999
6/21/2000,0,0.8045093583,29.87232683,23.54502741,26.70867712
6/22/2000,0,0,30.73354887,23.9452171,27.33938299
6/23/2000,0,0,32.72161414,23.47973419,28.10067417
6/24/2000,0,0.02299486057,33.16916087,23.80999003,28.48957545
6/25/2000,0,0.4940767506,33.95445132,23.73831002,28.84638067
6/26/2000,0,0.2630779192,34.50922305,23.53631255,29.0227678
6/27/2000,0,1.504376453,34.79542046,23.56160468,29.17851257
6/28/2000,0,3.700485512,34.58980991,22.47399636,28.53190313
6/29/2000,0,23.53629574,28.79685447,21.48651455,25.14168451
6/30/2000,0,14.0649599,27.88549416,21.84225277,24.86387346
7/1/2000,0.18,13.21163504,26.47709953,20.92328388,23.7001917
7/2/2000,0.22,5.026075115,29.20806632,22.63624882,25.92215757
7/3/2000,9.4,39.26336458,30.27535624,21.34489878,25.81012751
7/4/2000,125.58,7.343424852,29.897747,21.73819314,25.81797007
7/5/2000,11.07,0.03633394093,32.03613191,23.36089258,27.69851225
7/6/2000,9.29,0.1026047232,31.73419783,22.90883118,27.32151451
7/7/2000,186.1,20.94703056,32.68432646,22.23050964,27.45741805
7/8/2000,58.98,21.22796516,31.07619486,22.25870369,26.66744928
7/9/2000,118.4,18.49535405,29.51058369,22.19792705,25.85425537
7/10/2000,27.3,3.820858019,29.7001269,22.11424993,25.90718841
7/11/2000,24.51,25.58934391,29.57993599,22.29231747,25.93612673
7/12/2000,49.76,26.87477401,25.191361,21.74592958,23.46864529
7/13/2000,39.09,7.812641887,25.48161593,22.03773696,23.75967644
7/14/2000,22.73,0.04396467649,27.41187041,22.44334827,24.92760934
7/15/2000,13.24,0.02664501304,30.84825769,22.05070131,26.4494795
7/16/2000,14,0.005220863913,31.05935207,22.46341093,26.7613815
7/17/2000,10.71,0.1036592796,30.30638638,22.41154113,26.35896375
7/18/2000,10.23,0.4253699632,28.19148714,22.18057434,25.18603074
7/19/2000,9.8,2.609833438,25.93716272,21.8023799,23.86977131
7/20/2000,10.21,0.1952300506,27.69342181,21.70696003,24.70019092
7/21/2000,8.91,0.2064895011,31.68315624,21.63521764,26.65918694
7/22/2000,8.55,0.5471422572,31.39174208,21.53715176,26.46444692
7/23/2000,6.57,0,32.17632155,21.93263497,27.05447826
7/24/2000,6.35,0,32.53445315,22.17450531,27.35447923
7/25/2000,5.93,0,32.41457862,22.34534477,27.37996169
7/26/2000,4.47,2.283646507,32.31632441,22.99450501,27.65541471
7/27/2000,3.91,0,31.55703551,22.50631186,27.03167369
7/28/2000,3.4,0,32.19812829,23.41547233,27.80680031
7/29/2000,2.92,0,33.44987289,23.38805545,28.41896417
7/30/2000,2.62,0.048080163,33.55729126,23.31063743,28.43396434
7/31/2000,2.21,0.1225604252,33.20974334,23.20727988,28.20851161
8/1/2000,1.95,0,33.75457878,23.39914907,28.57686392
8/2/2000,0.83,0,33.37090242,23.05463252,28.21276747
8/3/2000,0.54,0,33.48716369,23.27831076,28.38273722
8/4/2000,0.36,0,34.15813119,24.20108472,29.17960795
8/5/2000,0.36,0,34.41819188,23.75431516,29.08625352
8/6/2000,0.36,0,34.13529274,22.49960678,28.31744976
8/7/2000,0.36,1.355173023,32.68703658,22.13973404,27.41338531
8/8/2000,0.36,0.4438821776,30.2492981,22.67509051,26.4621943
8/9/2000,2.08,18.31285225,29.44587741,22.01051015,25.72819378
8/10/2000,2.14,23.58665726,25.9893618,20.93038236,23.45987208
8/11/2000,57.66,67.60686466,23.78562182,20.46864058,22.1271312
8/12/2000,72.9,25.76910284,25.62709914,21.06050956,23.34380435
8/13/2000,35.78,4.356668012,30.46445346,22.2241225,26.34428798
8/14/2000,25.89,0.2262326342,31.22896836,22.98456888,27.10676862
8/15/2000,21.23,1.461258116,30.91961802,22.29986193,26.60973998
8/16/2000,13.75,3.094079676,31.50342128,22.24811827,26.87576977
8/17/2000,13.52,0.1671139639,31.45690709,21.85334812,26.6551276
8/18/2000,11.32,1.919815155,31.55077642,22.57708874,27.06393258
8/19/2000,34.15,26.28606728,29.58413428,22.27786477,25.93099952
8/20/2000,28.02,10.02611137,27.8895534,21.83592974,24.86274157
8/21/2000,20.19,6.326669289,27.91207183,21.4468976,24.67948471
8/22/2000,977.77,58.79576855,28.29961719,21.55231596,24.92596657
8/23/2000,59.41,11.7408727,28.78503662,22.31244406,25.54874034
8/24/2000,2732.23,103.057379,27.90890473,21.91876748,24.9138361
8/25/2000,1035.5,26.41341192,28.91136032,22.52412364,25.71774198
8/26/2000,120.43,1.829315275,30.22709953,22.99431493,26.61070723
8/27/2000,161.2,16.00533098,29.2765249,21.71677001,25.49664746
8/28/2000,229.48,29.006069,27.53671694,21.65960663,24.59816178
8/29/2000,451.27,7.664606244,27.04516472,21.5032838,24.27422426
8/30/2000,294.2,6.39411558,28.54052027,21.65341147,25.09696587
8/31/2000,66.86,0.1829053721,28.48890465,21.59889392,25.04389928
9/1/2000,54.88,0.486703401,28.98239137,21.1078647,25.04512803
9/2/2000,48.5,0.4385532364,29.55251894,21.20521733,25.37886814
9/3/2000,50.2,8.810279877,28.67155079,21.68521861,25.1783847
9/4/2000,44.24,0.8567319001,29.81999969,21.52521703,25.67260836
9/5/2000,38.74,0,30.33516563,21.88567497,26.1104203
9/6/2000,36.1,0.2200614394,30.82438823,21.7152815,26.26983486
9/7/2000,33.77,0.07035715869,30.45644993,21.868055,26.16225246
9/8/2000,30.95,0,30.63348628,22.17818251,26.4058344
9/9/2000,24.73,0,31.36445308,22.40818205,26.88631756
9/10/2000,24.73,0,30.98993584,22.20560112,26.59776848
9/11/2000,26.19,0,30.77432505,21.36076471,26.06754488
9/12/2000,23.04,0,31.14270933,21.32528211,26.23399572
9/13/2000,21.38,0,32.30632227,21.24967072,26.77799649
9/14/2000,14.38,0,33.0581289,21.97334723,27.51573806
9/15/2000,13.8,3.021828212,33.50445437,23.17057411,28.33751424
9/16/2000,13.66,0.2802549493,33.3908405,24.17082829,28.7808344
9/17/2000,15.04,0,33.64729141,23.60089253,28.62409197
9/18/2000,10.15,0.603310586,34.22000122,21.97483574,28.09741848
9/19/2000,10.11,0.2116634051,27.67917036,21.55225376,24.61571206
9/20/2000,10.18,3.106406762,32.48709785,22.28147786,27.38428785
9/21/2000,10.14,0,33.25361326,23.09612177,28.17486752
9/22/2000,10.08,3.715415852,32.93619547,22.88624882,27.91122215
9/23/2000,9.97,0,32.64890432,23.11799106,27.88344769
9/24/2000,10.51,0.004525039687,33.14716354,22.87444214,28.01080284
9/25/2000,10.11,8.655208558,33.3126453,22.51870392,27.91567461
9/26/2000,10.36,1.360026082,32.5643899,22.25799219,27.41119105
9/27/2000,14,0,32.81090452,22.11341072,27.46215762
9/28/2000,23.52,9.843215259,32.45813043,21.81076548,27.13444795
9/29/2000,53.54,9.378965687,31.2437409,21.64257186,26.44315638
9/30/2000,29.85,0.2810742575,31.53980894,21.56967041,26.55473967
10/1/2000,15.4,0,32.69865129,21.41489847,27.05677488
10/2/2000,12.04,0,33.67541806,21.00773644,27.34157725
10/3/2000,10.22,0,33.65625872,21.70250756,27.67938314
10/4/2000,9.1,0,33.67439017,21.74173303,27.7080616
10/5/2000,8.29,0,33.04593999,22.35353837,27.69973918
10/6/2000,7.78,0,33.47697165,22.97715229,28.22706197
10/7/2000,7.04,2.513338818,33.42155253,21.91818228,27.6698674
10/8/2000,6.57,0.9422137488,31.77432488,22.18786462,26.98109475
10/9/2000,6.34,8.088399396,33.44348402,22.08257239,27.7630282
10/10/2000,9.1,1.987232473,31.67174277,21.90418691,26.78796484
10/11/2000,23.19,0.8622109366,32.74271145,22.41889535,27.5808034
10/12/2000,10.04,0.0204165494,33.70180739,22.40696062,28.05438401
10/13/2000,9.36,0,33.78483711,21.84044614,27.81264163
10/14/2000,9.02,0.7010124269,33.45735515,21.40876725,27.4330612
10/15/2000,9.65,6.339348375,33.27451686,21.28773696,27.28112691
10/16/2000,8.29,0.2842183397,33.62619409,19.65296548,26.63957979
10/17/2000,7.41,0,32.47774692,17.4520614,24.96490416
10/18/2000,6.57,0,31.98413407,19.93366616,25.95890011
10/19/2000,4.16,0.08962748681,31.89490918,22.54276346,27.21883632
10/20/2000,3.88,0.145654761,32.90871275,22.83818235,27.87344755
10/21/2000,3.8,0.1622183707,33.34516396,21.44870406,27.39693401
10/22/2000,4.66,0,34.24987213,20.44315647,27.3465143
10/23/2000,3.62,0,34.54793686,19.89470777,27.22132232
10/24/2000,3.51,0,34.85890722,19.97857687,27.41874205
10/25/2000,3.48,0,34.79438945,20.21109438,27.50274191
10/26/2000,2.92,0,34.42903132,20.10489884,27.26696508
10/27/2000,2.34,0,34.0351664,18.62135014,26.32825827
10/28/2000,1.89,0,33.3660679,16.37115816,24.86861303
10/29/2000,1.71,0,32.84877722,15.81813,24.33345361
10/30/2000,1.49,0,33.34335733,16.81779984,25.08057859
10/31/2000,1.38,0,32.62522858,18.71051091,25.66786975
11/1/2000,1.38,0,33.0542599,18.20425008,25.62925499
11/2/2000,1.38,0,32.15968173,18.93360222,25.54664198
11/3/2000,0.26,0,31.86503654,19.74612156,25.80557905
11/4/2000,0.15,0,32.28896956,20.0979284,26.19344898
11/5/2000,0.11,0.03866778273,32.49735226,19.74870347,26.12302786
11/6/2000,0.06,0.008075199606,32.72426154,19.45851248,26.09138701
11/7/2000,0.04,0,32.65619634,18.56735386,25.6117751
11/8/2000,0.03,0,32.58787541,16.49535555,24.54161548
11/9/2000,0.02,0,31.5107755,17.0605735,24.2856745
11/10/2000,0.02,0,31.32522934,15.55283714,23.43903324
11/11/2000,0.01,0,31.68329371,15.41573863,23.54951617
11/12/2000,0.01,0,32.38535512,15.62115816,24.00325664
11/13/2000,0,0,32.09335733,16.32012774,24.20674253
11/14/2000,0,0,31.54071225,16.18928738,23.86499981
11/15/2000,0,0,31.62167943,16.30115847,23.96141895
11/16/2000,0,0,31.49793745,16.4083852,23.95316133
11/17/2000,0,0,30.6660687,15.67586587,23.17096728
11/18/2000,0,0,30.56625856,13.7910943,22.17867643
11/19/2000,0,0,30.74703431,14.16025489,22.4536446
11/20/2000,0,0,31.42064748,14.55128556,22.98596652
11/21/2000,0,0,32.06251743,15.33941582,23.70096663
11/22/2000,0,0,31.91342113,16.02128582,23.96735348
11/23/2000,0,0,32.26077741,17.82173296,25.04125518
11/24/2000,0,0,32.15884062,16.97296517,24.5659029
11/25/2000,0,0,32.57084081,15.35206197,23.96145139
11/26/2000,0,0,32.58439036,15.91567461,24.25003249
11/27/2000,0,0,32.73335672,16.14477179,24.43906425
11/28/2000,0,0,32.71432559,16.36115802,24.5377418
11/29/2000,0,0,31.8036125,15.88025508,23.84193379
11/30/2000,0,0,30.51348545,17.55005391,24.03176968
12/1/2000,0,0,29.82497343,18.87766201,24.35131772
12/2/2000,0,0,27.81522911,17.02379436,22.41951173
12/3/2000,0,0,28.76690673,15.54708805,22.15699739
12/4/2000,0,0,30.01064763,13.48670558,21.7486766
12/5/2000,0,0,29.894655,11.36922453,20.63193977
12/6/2000,0,0,30.94045769,11.13922412,21.0398409
12/7/2000,0,0,30.68129684,10.81987269,20.75058477
12/8/2000,0,0,29.9967162,10.95270967,20.47471293
12/9/2000,0,0,29.91684414,11.15722597,20.53703506
12/10/2000,0,0,30.44600372,11.18645043,20.81622707
12/11/2000,0,0,30.73955378,11.97541998,21.35748688
12/12/2000,0,0,30.76239032,12.5918067,21.67709851
12/13/2000,0,0,30.88239099,12.37012784,21.62625942
12/14/2000,0,0,30.96890593,11.77290134,21.37090363
12/15/2000,0,0,30.3951651,10.69638664,20.54577587
12/16/2000,0,0,30.10058385,10.75632303,20.42845344
12/17/2000,0,0,29.89316649,10.32167923,20.10742286
12/18/2000,0,0,29.07678006,10.12735419,19.60206712
12/19/2000,0,0,29.44858735,10.88651417,20.16755076
12/20/2000,0,0,30.41239168,13.63374038,22.02306603
12/21/2000,0,0,30.9923916,12.72374053,21.85806607
12/22/2000,0,0,30.50613123,12.11071195,21.30842159
12/23/2000,0,0,30.41529169,10.87916082,20.64722626
12/24/2000,0,0,30.53419724,10.80754552,20.67087138
12/25/2000,0,0,30.73245531,10.12354912,20.42800222
12/26/2000,0,0,30.3441345,9.919096761,20.13161563
12/27/2000,0,0,29.89497312,10.66187041,20.27842177
12/28/2000,0,0,29.85949052,11.18109465,20.52029258
12/29/2000,0,0,29.09400663,11.51193386,20.30297025
12/30/2000,0,0,29.17239191,13.78709908,21.47974549
12/31/2000,0,0.07734634918,29.6843249,17.31728992,23.50080741
1/1/2001,0,4.476455557,28.91082979,17.87257157,23.39170068
1/2/2001,0,0,26.63270911,16.20353875,21.41812393
1/3/2001,0,0,24.8484591,15.75341098,20.30093504
1/4/2001,0,0,27.19329377,14.85657846,21.02493612
1/5/2001,0,0,28.54703528,13.88477156,21.21590342
1/6/2001,0,0,28.73239137,12.69548332,20.71393735
1/7/2001,0,0,29.50419829,12.88581314,21.19500571
1/8/2001,0,0,29.83858674,14.1228377,21.98071222
1/9/2001,0,0,30.24922473,13.99592958,22.12257716
1/10/2001,0,0,30.18258221,15.80044626,22.99151424
1/11/2001,0,0,30.64426178,16.75096725,23.69761452
1/12/2001,0,0,31.4425185,17.99916062,24.72083956
1/13/2001,0,0,31.27342174,18.27405971,24.77374072
1/14/2001,0,0,31.46335816,18.22586693,24.84461255
1/15/2001,0,0,31.75155054,18.19393174,24.97274114
1/16/2001,0,0,32.07413248,18.65676881,25.36545065
1/17/2001,0,0,31.16142443,18.37025485,24.76583964
1/18/2001,0,0,30.89510116,17.39374052,24.14442084
1/19/2001,0,0,30.75129653,17.48470792,24.11800223
1/20/2001,0,0,31.09052142,16.88464361,23.98758251
1/21/2001,0,0,30.60161503,14.8235498,22.71258242
1/22/2001,0,0,30.96245485,15.12103116,23.041743
1/23/2001,0,0,31.13800269,14.8891601,23.01358139
1/24/2001,0,0,31.20619575,14.61876729,22.91248152
1/25/2001,0,0,29.96323029,12.84941518,21.40632274
1/26/2001,0,0,30.38310233,11.84218883,21.11264558
1/27/2001,0,0,30.61136108,11.26302907,20.93719508
1/28/2001,0,0,30.87220069,11.62709914,21.24964992
1/29/2001,0,0,31.39406981,13.61426118,22.50416549
1/30/2001,0,0,31.38652551,13.53638679,22.46145615
1/31/2001,0,0,32.23322884,14.24838448,23.24080666
2/1/2001,0,0,32.66407026,14.96103044,23.81255035
2/2/2001,0,0,33.40516533,15.45245471,24.42881002
2/3/2001,0,0,33.60697272,17.04916003,25.32806638
2/4/2001,0,0,33.50723769,17.59683328,25.55203548
2/5/2001,0,0,34.36123304,18.2031567,26.28219487
2/6/2001,0,0,33.77516426,17.48837395,25.63176911
2/7/2001,0,0,34.72335839,15.7070879,25.21522315
2/8/2001,0,0,34.46503849,14.25238057,24.35870953
2/9/2001,0,0,33.35948878,13.0978636,23.22867619
2/10/2001,0,0,34.86413305,13.81741779,24.34077542
2/11/2001,0,0,34.90323083,13.64296525,24.27309804
2/12/2001,0,0,34.94155298,13.84464365,24.39309831
2/13/2001,0,0,35.27703673,15.96231754,25.61967714
2/14/2001,0,0,34.77755592,17.72948019,26.25351805
2/15/2001,0,0,34.78865144,18.33263459,26.56064302
2/16/2001,0,0,32.99071111,16.86979769,24.9302544
2/17/2001,0,0,32.93316723,16.83979874,24.88648299
2/18/2001,0,0,34.28135942,18.24960678,26.2654831
2/19/2001,0,0,34.35942641,19.34683328,26.85312984
2/20/2001,0,0,35.34322945,19.39063736,27.36693341
2/21/2001,0,0,35.9268442,20.28238118,28.10461269
2/22/2001,0,0,35.65439006,18.16431501,26.90935253
2/23/2001,0,0,35.34419844,16.43599405,25.89009625
2/24/2001,0,0,36.45419905,16.66632288,26.56026097
2/25/2001,0,0,37.42948847,18.18657752,27.808033
2/26/2001,0,0,37.75342302,16.96857664,27.36099983
2/27/2001,0,0,35.98077481,17.81109476,26.89593479
2/28/2001,0,0,37.09180678,19.23883111,28.16531895
3/1/2001,0,0,36.44052163,20.256961,28.34874131
3/2/2001,0,0,35.75684256,21.03799114,28.39741685
3/3/2001,0,0,34.5611683,19.58296561,27.07206696
3/4/2001,0,0,34.78045628,19.88218958,27.33132293
3/5/2001,0,0.002484676802,35.2713611,19.94670562,27.60903336
3/6/2001,0,0,34.73335672,20.38612095,27.55973883
3/7/2001,0,0,35.33787541,20.65456896,27.99622218
3/8/2001,0,0.007518472128,34.99780976,19.33696092,27.16738534
3/9/2001,0,0,34.4640695,19.68612193,27.07509571
3/10/2001,0,0,33.64303879,19.1218073,26.38242304
3/11/2001,0,0.01606489546,34.58890677,19.83437902,27.21164289
3/12/2001,0,0.08436075578,33.72304028,20.21779946,26.97041987
3/13/2001,0,0.20372398,34.3087763,18.96283707,26.63580669
3/14/2001,0,1.825456863,34.01226245,19.37418622,26.69322434
3/15/2001,0,0,35.42335916,20.54496331,27.98416123
3/16/2001,0,0,36.48510132,21.92134938,29.20322535
3/17/2001,0,0,37.42884108,21.97277319,29.70080713
3/18/2001,0,0,37.78167754,22.12864043,29.95515898
3/19/2001,0,0,37.96510086,23.13941593,30.55225839
3/20/2001,0,0,37.66768352,23.710255,30.68896926
3/21/2001,0,0,37.87774845,23.9994148,30.93858163
3/22/2001,0,0,37.88142374,23.17063804,30.52603089
3/23/2001,0,0,37.93445121,22.5322533,30.23335226
3/24/2001,0,0,38.26083944,22.96779946,30.61431945
3/25/2001,0,0,38.38529274,22.53431394,30.45980334
3/26/2001,0,0,38.40264546,22.5404469,30.47154618
3/27/2001,0,0,38.18987076,22.57405894,30.38196485
3/28/2001,0,0,38.66999817,22.38186973,30.52593395
3/29/2001,0,0,39.12709758,23.08624785,31.10667272
3/30/2001,0,0.003105846002,38.96548447,23.02637626,30.99593037
3/31/2001,0,0,37.67632155,22.06708851,29.87170503
4/1/2001,0,0,37.22083886,22.3079916,29.76441523
4/2/2001,0,0,37.25871469,22.75534461,30.00702965
4/3/2001,0,0.3515670405,37.79768459,23.62508954,30.71138706
4/4/2001,0,1.433130149,37.01207221,23.43103149,30.22155185
4/5/2001,0,0.3309092038,35.8732317,22.15851133,29.01587152
4/6/2001,0,1.487899001,37.94716277,22.81212595,30.37964436
4/7/2001,0,0,38.59142282,23.03947965,30.81545124
4/8/2001,0,0.008921920259,39.55961741,23.83819352,31.69890547
4/9/2001,0,0,40.12806657,25.1472163,32.63764144
4/10/2001,0,0,38.99304074,24.42309207,31.7080664
4/11/2001,0,0,39.27245449,25.48754574,32.38000011
4/12/2001,0,1.305330161,37.5814245,23.805547,30.69348575
4/13/2001,0,0.04739144162,32.7166514,20.06819306,26.39242223
4/14/2001,0,0,33.17000968,21.67709855,27.42355412
4/15/2001,0,0.1797780008,34.86219855,22.90651463,28.88435659
4/16/2001,0,0,34.77749042,23.82206224,29.29977633
4/17/2001,0,3.621614305,36.99846063,21.52697089,29.26271576
4/18/2001,0,0.8401754516,34.94658892,22.69477112,28.82068002
4/19/2001,0,0,37.00026691,24.66670493,30.83348592
4/20/2001,0,0,37.59949046,23.849161,30.72432573
4/21/2001,0,0.048080163,38.12774845,24.63825687,31.38300266
4/22/2001,0,0,38.35303788,25.04199762,31.69751775
4/23/2001,0,0,39.16942778,25.14632242,32.1578751
4/24/2001,0,0,39.74929793,26.16451625,32.95690709
4/25/2001,0,0,40.50123243,26.04941595,33.27532419
4/26/2001,0,0,41.08129663,26.41199828,33.74664746
4/27/2001,0,0.7696588806,41.19581364,26.91193435,34.053874
4/28/2001,0,0,41.61774631,27.27890539,34.44832585
4/29/2001,0,0,41.70581197,26.85638735,34.28109966
4/30/2001,0,0,42.10148699,27.66206239,34.88177469
5/1/2001,0,0,42.08581303,27.22277319,34.65429311
5/2/2001,0,0,42.88858789,27.94283662,35.41571225
5/3/2001,0,0,42.7297438,26.74354892,34.73664636
5/4/2001,0,0,42.29136121,27.09515452,34.69325787
5/5/2001,0,0,42.45968097,27.0024446,34.73106278
5/6/2001,0,0,43.30980766,27.54651402,35.42816084
5/7/2001,0,0,42.95232692,27.90960663,35.43096677
5/8/2001,0,0,43.01342134,27.27296441,35.14319287
5/9/2001,0,0,42.55832261,27.07160491,34.81496376
5/10/2001,0,0,42.92838392,26.61051053,34.76944723
5/11/2001,0,0,42.23638842,26.83715117,34.53676979
5/12/2001,0,0,42.4974181,27.26708736,34.88225273
5/13/2001,0,0,43.14844717,27.74101979,35.44473348
5/14/2001,0,0,42.38696033,27.48450668,34.93573351
5/15/2001,0,0,40.49993763,26.49231632,33.49612698
5/16/2001,0,0.000002323744702,40.20503669,26.85767272,33.53135471
5/17/2001,0,0,40.38109446,26.14134886,33.26122166
5/18/2001,0,0,39.58632486,26.54334692,33.06483589
5/19/2001,0,0,39.63380423,26.29947988,32.96664205
5/20/2001,0,0.4722801997,39.66748211,26.56218988,33.114836
5/21/2001,0,0.009824136914,39.64445376,25.27115778,32.45780577
5/22/2001,0,0.5327378033,38.83806565,25.506961,32.17251333
5/23/2001,0,0.4672776154,38.68999863,26.69328434,32.69164148
5/24/2001,0,0,39.6300631,26.65883118,33.14444714
5/25/2001,0,0,39.56728992,25.75418712,32.66073852
5/26/2001,0,0,38.73090303,25.86721579,32.29905941
5/27/2001,0,0,39.33006386,26.28759792,32.80883089
5/28/2001,0,0,39.03361204,26.49089192,32.76225198
5/29/2001,0,0,39.06193587,25.99631164,32.52912376
5/30/2001,0,0,38.85199882,25.64179659,32.2468977
5/31/2001,0,0,38.74199821,25.70263543,32.22231682
6/1/2001,0,0,38.20548268,26.84986117,32.52767193
6/2/2001,0,0,38.99199821,27.15160484,33.07180152
6/3/2001,0,0.1024929181,38.23890448,24.93393151,31.58641799
6/4/2001,0,8.779393414,36.38858789,24.16522776,30.27690782
6/5/2001,0,2.117519924,33.95123319,23.53458103,28.74290711
6/6/2001,0,0.9143501958,33.51045582,24.86374001,29.18709791
6/7/2001,0,0.8556439578,36.40058308,23.55096649,29.97577479
6/8/2001,0,10.95163134,35.0307744,23.61760901,29.3241917
6/9/2001,0,0.4340088366,33.95174155,23.62477142,28.78825649
6/10/2001,0,0.03668247037,33.32522934,23.81386864,28.56954899
6/11/2001,0,37.97543588,34.14258129,23.09302821,28.61780475
6/12/2001,0,30.79656453,32.89709769,21.84019213,27.36864491
6/13/2001,90.37,14.01352592,29.86200848,22.71283707,26.28742278
6/14/2001,108.22,20.46242101,26.72200909,21.4526466,24.08732785
6/15/2001,61.4,12.01919984,25.39219924,21.72722566,23.55971245
6/16/2001,3.71,0,29.92928723,22.33096717,26.1301272
6/17/2001,2,0,32.5366434,23.04676994,27.79170667
6/18/2001,1.13,0,33.30567487,23.6186402,28.46215753
6/19/2001,62.99,36.87148382,32.61573827,22.78638766,27.70106296
6/20/2001,113.3,30.66024424,32.97697165,22.38909607,27.68303386
6/21/2001,27.69,0.2200799077,31.53161534,22.81302926,27.1723223
6/22/2001,10.49,0,33.44613176,23.15754582,28.30183879
6/23/2001,7.24,0,34.49884077,23.63044706,29.06464391
6/24/2001,6.94,0,34.46632212,24.265802,29.36606206
6/25/2001,3.28,0,34.27703673,24.46496338,29.37100006
6/26/2001,0.57,0,34.88903387,23.90832126,29.39867757
6/27/2001,0.48,0,34.05884214,23.84115765,28.9499999
6/28/2001,0.49,0.1671139639,34.45709907,23.95489922,29.20599914
6/29/2001,0.46,2.793296559,33.88174186,23.43748083,28.65961134
6/30/2001,0.45,2.005148502,33.8908405,23.54561071,28.7182256
7/1/2001,0.95,0.08476795269,33.29329606,23.51019204,28.40174405
7/2/2001,0.49,0.05025084976,33.75006237,23.63670615,28.69338426
7/3/2001,0.43,0.1140341389,34.2290964,23.61857626,28.92383633
7/4/2001,0.42,0,34.66651312,23.9494795,29.30799631
7/5/2001,0.43,0.01351043011,33.44748089,23.59586603,28.52167346
7/6/2001,0.44,0.2228272984,32.34774586,23.62483536,27.98629061
7/7/2001,0.39,0,31.03587583,23.62483536,27.33035559
7/8/2001,0.71,8.169261943,32.19762027,23.88844867,28.04303447
7/9/2001,1.33,0.3381285262,31.45671719,22.35548404,26.90610061
7/10/2001,1.26,0.600174498,28.43806603,22.34025433,25.38916018
7/11/2001,1.06,0.002907142556,31.51735445,22.48031939,26.99883692
7/12/2001,0.68,0,30.82884243,23.2139322,27.02138731
7/13/2001,0.56,0,31.79258282,23.20031888,27.49645085
7/14/2001,0.28,0.3204351668,32.61399401,23.70760916,28.16080159
7/15/2001,0.32,0.0871898942,32.59819219,23.58038198,28.08928708
7/16/2001,0.34,0,32.26722484,23.28128605,27.77425545
7/17/2001,0.31,0,29.67684437,22.96935191,26.32309814
7/18/2001,0.3,0.5972981386,29.47735371,22.79567481,26.13651426
7/19/2001,0.27,2.245221717,29.89342241,22.52103164,26.20722702
7/20/2001,0.27,1.302608425,30.02632349,22.50922479,26.26777414
7/21/2001,0.21,0.8805236556,31.56109476,22.65483604,27.1079654
7/22/2001,0.12,0.9324438346,32.17968219,22.86386788,27.52177503
7/23/2001,0.12,1.589338154,31.51522814,22.90567525,27.2104517
7/24/2001,0,1.162092587,32.60716262,23.46832073,28.03774167
7/25/2001,0,0.3548916538,31.01858705,23.21296494,27.115776
7/26/2001,0,10.70353556,32.61413305,22.78561065,27.69987185
7/27/2001,0,0.04739144162,31.74329474,23.14109468,27.44219471
7/28/2001,0,1.226763648,32.82877676,23.83302798,28.33090237
7/29/2001,0,31.72379438,34.22064862,22.47380438,28.3472265
7/30/2001,0.54,0,30.9022634,22.62025485,26.76125913
7/31/2001,0.6,0.04327817779,32.44083974,23.76225285,28.10154629
8/1/2001,0.48,0.2000621028,33.25155054,23.54645008,28.39900031
8/2/2001,0.26,14.62291218,32.25077527,22.60103157,27.42590342
8/3/2001,0.26,36.67808168,30.73426194,22.25006394,26.49216294
8/4/2001,44.16,8.761166954,26.94858735,21.32445216,24.13651976
8/5/2001,358.11,47.74535547,27.02890539,21.55928813,24.29409676
8/6/2001,65.49,22.33205063,27.53651379,21.50567563,24.52109471
8/7/2001,65.49,19.33484299,26.53451709,21.44109392,23.98780551
8/8/2001,39.18,1.399087277,27.36096786,21.97664237,24.66880512
8/9/2001,44.76,19.54194864,30.72148783,22.12554669,26.42351726
8/10/2001,44.4,31.94120815,30.10980863,22.14728985,26.12854924
8/11/2001,41.16,10.22203365,29.99928866,22.32290145,26.16109506
8/12/2001,55.59,5.942297936,29.96697142,22.37380417,26.1703878
8/13/2001,24.37,17.62983513,29.7890976,21.99012781,25.88961271
8/14/2001,25.35,7.9025867,28.82232759,22.28825649,25.55529204
8/15/2001,53.48,8.116658353,27.20297588,22.05283705,24.62790647
8/16/2001,28.75,2.797806235,29.30096649,22.62031895,25.96064272
8/17/2001,25.1,0.3372936383,30.6918711,21.89470777,26.29328944
8/18/2001,20.72,1.978183194,30.18342159,21.87115816,26.02728987
8/19/2001,17.56,1.585352504,30.42342136,22.00290175,26.21316155
8/20/2001,16.7,4.695651206,28.74381427,21.50283782,25.12332604
8/21/2001,25.02,6.271553803,25.101041,21.21451566,23.15777833
8/22/2001,21.66,2.760340627,27.02671671,21.87374006,24.45022839
8/23/2001,27.84,15.24167563,29.51839524,21.84193465,25.68016495
8/24/2001,21.8,0.3030652213,28.86400692,22.52103164,25.69251928
8/25/2001,22.99,3.862497271,29.54026609,22.65199823,26.09613216
8/26/2001,15.03,0.2016752277,31.05884214,23.06941623,27.06412919
8/27/2001,13.05,0,32.02890539,22.4165788,27.22274209
8/28/2001,11.93,0,31.34000015,22.31386864,26.8269344
8/29/2001,11.08,0.01606489546,31.38884207,21.40199823,26.39542015
8/30/2001,9.79,0,31.59251812,21.72031916,26.65641864
8/31/2001,9.36,0,31.16619501,21.88754536,26.52687018
9/1/2001,9.56,0.2244063749,30.42155079,22.53399583,26.47777331
9/2/2001,6.94,0,31.14529297,23.01489868,27.08009583
9/3/2001,7.35,0.02174304072,30.79310217,23.27483498,27.03396857
9/4/2001,7.24,0.525653202,31.23510132,23.19586624,27.21548378
9/5/2001,7.57,1.80098564,28.92774769,22.81916032,25.873454
9/6/2001,7.28,0.04844545962,29.26645113,22.12031895,25.69338504
9/7/2001,6.71,0.000002733817297,31.01980848,22.43941533,26.72961191
9/8/2001,6.25,0.000002289571986,32.64619455,22.49760817,27.57190136
9/9/2001,4.27,0.2620839325,32.54819261,23.29567481,27.92193371
9/10/2001,6.24,0.08476795269,32.85187095,22.49019175,27.67103135
9/11/2001,3.91,2.463940522,32.60245597,22.81386864,27.70816231
9/12/2001,3.79,2.178536778,31.49510137,22.81296533,27.15403335
9/13/2001,2.17,2.223333097,31.64406981,22.92651509,27.28529245
9/14/2001,3.41,0.05015941294,32.74987213,22.93554807,27.8427101
9/15/2001,3.16,2.670392835,32.88142374,22.79374014,27.83758194
9/16/2001,2.17,0.5912584268,31.17832155,22.96477157,27.07154656
9/17/2001,8.75,0.03373628048,32.7480655,22.85393159,27.80099854
9/18/2001,7.01,1.01486942,31.27838413,22.1856742,26.73202917
9/19/2001,4.27,0,32.05825694,22.4810309,27.26964392
9/20/2001,3.18,1.027727534,31.76844801,22.57103088,27.16973944
9/21/2001,3.14,8.397437225,30.99987213,22.51393143,26.75690178
9/22/2001,6.52,1.399655445,31.26980848,22.24386877,26.75683863
9/23/2001,5.02,0.05097416539,33.24896864,22.56302926,27.90599895
9/24/2001,4.27,0,33.6481949,22.361094,28.00464445
9/25/2001,3.15,0,34.35329362,22.95212534,28.65270948
9/26/2001,3.03,1.599737328,34.0783851,21.7096076,27.89399635
9/27/2001,2.94,13.21583694,32.08832157,21.90399493,26.99615825
9/28/2001,6.99,0.8227472181,31.41006378,21.66458036,26.53732207
9/29/2001,3.51,0,32.12167769,22.5637406,27.34270914
9/30/2001,3.15,0.0302219567,32.77890539,22.57109499,27.67500019
10/1/2001,20.29,68.30319803,29.31574864,21.58187049,25.44880956
10/2/2001,116.6,15.90847733,28.38161572,22.58025584,25.48093578
10/3/2001,52.9,2.192722476,29.49052103,22.32012774,25.90532439
10/4/2001,37.33,0.003416430603,30.13684346,22.53393189,26.33538767
10/5/2001,21.97,0,31.74980802,22.82851141,27.28915971
10/6/2001,20.16,3.964798231,31.68754477,21.93122174,26.80938325
10/7/2001,67.13,15.20681341,27.72258312,21.60451678,24.66354995
10/8/2001,79.64,14.19525994,29.32458021,22.5473534,25.9359668
10/9/2001,47.75,1.057463442,29.16445231,22.60825792,25.88635512
10/10/2001,35.62,0.01190965382,30.98877834,22.46283707,26.72580771
10/11/2001,35.61,14.33667297,31.98413407,21.34645106,26.66529256
10/12/2001,33.59,0.06408528007,28.30858623,21.78025469,25.04442046
10/13/2001,22.57,0,31.22709953,22.3984489,26.81277421
10/14/2001,22.25,0,31.45999908,21.81477178,26.63738543
10/15/2001,19.04,0,32.4216149,22.69935163,27.56048326
10/16/2001,18.02,0,32.20529244,21.71645016,26.9608713
10/17/2001,17.34,0,31.45239068,21.65502612,26.5537084
10/18/2001,16.71,1.706035447,28.6780658,21.50418712,25.09112646
10/19/2001,12.38,0.8516354173,30.55697158,21.86057447,26.20877302
10/20/2001,11.74,0,31.69438907,21.35025456,26.52232181
10/21/2001,13.27,0,32.11781216,18.35199708,25.23490462
10/22/2001,11.6,0,31.58980817,17.15134892,24.37057855
10/23/2001,10.69,0,32.04800271,16.63199777,24.34000024
10/24/2001,7.97,0,31.79980899,17.75231655,24.77606277
10/25/2001,7.68,0,31.70083997,17.23664243,24.4687412
10/26/2001,8.16,0,31.85516436,16.85844816,24.35680626
10/27/2001,6.97,0,32.11155115,17.25670508,24.68412812
10/28/2001,6.84,0,32.28058415,16.91483437,24.59770926
10/29/2001,6.39,0,33.16877691,16.82380476,24.99629084
10/30/2001,6.72,0,33.03877931,17.62773711,25.33325821
10/31/2001,5.54,0,32.12167769,18.32780007,25.22473888
11/1/2001,4.51,0,32.27335763,19.41851156,25.8459346
11/2/2001,3.87,0,32.48690795,18.87309266,25.68000031
11/3/2001,3.68,0,32.85413473,16.91844763,24.88629118
11/4/2001,3.52,0,32.7877483,17.20038281,24.99406556
11/5/2001,3.52,0,32.69323174,17.66405909,25.17864542
11/6/2001,2.64,0,32.67774769,19.83238058,26.25506414
11/7/2001,2.09,0,31.84123258,19.52735468,25.68429363
11/8/2001,1.98,0,31.4721354,18.44393174,24.95803357
11/9/2001,0,0,32.14967994,18.83470831,25.49219412
11/10/2001,0,0,31.21258289,18.0214137,24.61699829
11/11/2001,0,0,31.15716203,17.70876666,24.43296434
11/12/2001,0,0,30.31155192,16.66696085,23.48925638
11/13/2001,0,0,30.09426081,15.93166772,23.01296427
11/14/2001,0,0,30.52239038,16.63521764,23.57880401
11/15/2001,0,0,31.99155222,19.6988943,25.84522326
11/16/2001,0,0,32.18329545,21.18496287,26.68412916
11/17/2001,0,0,31.82232759,20.26290198,26.04261478
11/18/2001,0,0,31.45413321,19.98199815,25.71806568
11/19/2001,0,0,32.28503818,19.88664222,26.0858402
11/20/2001,0,0,32.38968127,19.47838489,25.93403308
11/21/2001,0,0,31.59413468,15.97103059,23.78258263
11/22/2001,0.66,0,30.86606773,15.70760916,23.28683845
11/23/2001,0.6,0,30.81251917,15.58134931,23.19693424
11/24/2001,0.6,0,30.32232759,16.12412394,23.22322576
11/25/2001,0.55,0,30.04781056,14.78947965,22.4186451
11/26/2001,0.55,0,29.84961833,15.48315643,22.66638738
11/27/2001,0.44,0,29.75155071,16.93573814,23.34364443
11/28/2001,0.44,0,29.58071126,17.01122166,23.29596646
11/29/2001,0.44,0,29.32342271,15.28832129,22.305872
11/30/2001,0.44,0,29.40890473,13.27941549,21.34416011
12/1/2001,0.3,0,28.69239046,14.48496297,21.58867671
12/2/2001,0.3,0,30.01793791,12.69987272,21.35890532
12/3/2001,0.3,0,30.50503767,11.73445296,21.11974531
12/4/2001,0.22,0,31.33232765,12.55916017,21.94574391
12/5/2001,0.15,0,31.40781117,13.21290092,22.31035604
12/6/2001,0.12,0,31.35877744,14.04012792,22.69945268
12/7/2001,0.12,0,31.05064837,13.12561072,22.08812954
12/8/2001,0.12,0,30.4059406,13.22825693,21.81709877
12/9/2001,0.09,0,30.58426232,13.91399603,22.24912917
12/10/2001,0.09,0,31.29419747,13.63573882,22.46496814
12/11/2001,0.07,0,31.86329402,14.26477168,23.06403285
12/12/2001,0.07,0,31.62594009,14.61477119,23.12035564
12/13/2001,0.03,0,31.93974462,15.12374102,23.53174282
12/14/2001,0.03,0,31.60226434,15.4639322,23.53309827
12/15/2001,0.01,0,30.33329507,14.78638679,22.55984093
12/16/2001,0.01,0,30.06697181,14.60554719,22.3362595
12/17/2001,0.01,0,30.23052081,14.19741791,22.21396936
12/18/2001,0,0,30.16877865,14.4665141,22.31764637
12/19/2001,0,0,29.87961711,13.35741776,21.61851743
12/20/2001,0,0,29.27684302,12.30477164,20.79080733
12/21/2001,0,0,29.09697059,14.12425103,21.61061081
12/22/2001,0,0,28.00503767,12.77218905,20.38861336
12/23/2001,0,0,28.37594009,12.84876691,20.6123535
12/24/2001,0,0,28.47955356,12.31548329,20.39751842
12/25/2001,0,0,29.26671648,13.11187022,21.18929335
12/26/2001,0,0,29.96684338,15.05096744,22.50890541
12/27/2001,0,0,30.03600387,15.93561105,22.98580746
12/28/2001,0,0,29.67239191,15.27535624,22.47387407
12/29/2001,0,0,28.99413412,14.79729033,21.89571223
12/30/2001,0,0,28.58606878,14.84380435,21.71493656
12/31/2001,0,0,27.59239198,14.38405936,20.98822567
1/1/2002,0,0,28.43323134,13.22554708,20.82938921
1/2/2002,0,0,28.31071271,12.45354905,20.38213088
1/3/2002,0,0,27.36871357,10.97199784,19.1703557
1/4/2002,0,0,26.95877783,10.57458021,18.76667902
1/5/2002,0,0,27.20142343,12.96361321,20.08251832
1/6/2002,0,10.30272303,27.23335862,15.7574814,21.49542001
1/7/2002,0,2.818849663,25.73981913,15.6427102,20.69126467
1/8/2002,0,5.484182942,26.40194529,15.70115817,21.05155173
1/9/2002,0,0,27.05774685,15.58302877,21.32038781
1/10/2002,0,0,27.88239099,14.32187026,21.10213063
1/11/2002,0,0,28.40432595,12.70825743,20.55629169
1/12/2002,0,0,28.61522835,11.44470796,20.02996816
1/13/2002,0,0,29.289745,11.49393193,20.39183846
1/14/2002,0,0,30.03684308,12.71051005,21.37367656
1/15/2002,0,0,31.00136047,13.6520613,22.32671088
1/16/2002,0,0,32.12684496,14.32645069,23.22664782
1/17/2002,0,0,32.15064893,14.2127099,23.18167941
1/18/2002,0,0,30.96884199,15.86134991,23.41509595
1/19/2002,0,0,29.86703498,16.71431425,23.29067461
1/20/2002,0,0,30.46877788,16.59166757,23.53022273
1/21/2002,0,0,30.31464391,17.40114768,23.8578958
1/22/2002,0,0,31.22064845,19.50018081,25.36041463
1/23/2002,0,0,31.93722648,18.93585484,25.43654066
1/24/2002,0,0,32.55374037,18.06101948,25.30737993
1/25/2002,0,0,32.04245495,15.2778639,23.66015943
1/26/2002,0,0,31.32361295,13.22857592,22.27609444
1/27/2002,0,0,31.30077642,14.3503185,22.82554746
1/28/2002,0,0,29.52354961,13.72141359,21.6224816
1/29/2002,0,0,28.11716302,13.85269907,20.98493105
1/30/2002,0,0,29.54813041,14.50663085,22.02738063
1/31/2002,0,0,28.04064832,15.6064402,21.82354426
2/1/2002,0,0,29.46858608,16.29515355,22.88186981
2/2/2002,0,0,30.61774631,16.60012825,23.60893728
2/3/2002,0,0,29.78058415,16.71115831,23.24587123
2/4/2002,0,0,30.50581311,16.12084005,23.31332658
2/5/2002,0,0,31.15123222,17.59361324,24.37242273
2/6/2002,0,0,32.22761905,18.98374067,25.60567986
2/7/2002,0,0.5707533426,32.46232871,19.41773629,25.9400325
2/8/2002,0,3.278167729,31.44226415,19.77605814,25.60916114
2/9/2002,0,0.6370109777,30.0265249,19.07534604,24.55093547
2/10/2002,0,0,29.10026573,17.88993545,23.49510059
2/11/2002,0,0,31.35774799,18.87250764,25.11512781
2/12/2002,0,0,31.17361316,17.78960752,24.48161034
2/13/2002,0,0,31.25781155,17.52348567,24.39064861
2/14/2002,0,0,32.46974513,18.05987333,25.26480923
2/15/2002,0,0,33.18322961,18.54000092,25.86161526
2/16/2002,0,0,33.47684378,18.56083885,26.01884131
2/17/2002,0,0,34.36142328,18.88896994,26.62519661
2/18/2002,0,0,34.3824551,18.92296403,26.65270956
2/19/2002,0,0,33.5650373,18.26438876,25.91471303
2/20/2002,0,0,33.06226516,17.88438943,25.47332729
2/21/2002,0,0,33.79387762,18.27632349,26.03510055
2/22/2002,0,0,35.3687153,18.56554723,26.96713126
2/23/2002,0,0,35.64865205,19.22741764,27.43803485
2/24/2002,0,0,35.69413489,19.0479386,27.37103674
2/25/2002,0,0,35.70703357,18.80800276,27.25751817
2/26/2002,0,0,35.3471643,17.53800231,26.4425833
2/27/2002,0,0,34.9640695,17.60464483,26.28435716
2/28/2002,0,0,35.60135912,19.0138675,27.30761331
3/1/2002,0,0,36.48310444,19.54296487,28.01303466
3/2/2002,0,0,36.75587705,20.70031888,28.72809796
3/3/2002,0,0,36.67123441,19.79548283,28.23335862
3/4/2002,0,0,35.91987377,19.3548349,27.63735433
3/5/2002,0,0,35.26284748,19.34741848,27.30513298
3/6/2002,0,0,36.31858819,20.62038289,28.46948554
3/7/2002,0,0,36.62587598,21.07715267,28.85151433
3/8/2002,0,0,36.74503761,21.07225231,28.90864496
3/9/2002,0,0,35.70155131,21.12644058,28.41399594
3/10/2002,0,0,35.96671724,21.68399562,28.82535643
3/11/2002,0,0,36.75058503,21.47425054,29.11241778
3/12/2002,0,0,37.71258099,20.20271054,28.95764576
3/13/2002,0,0,37.9653566,20.79690741,29.38113201
3/14/2002,0,0,36.81090452,21.11858743,28.96474597
3/15/2002,0,0,35.73374067,19.41431501,27.57402784
3/16/2002,0,0,34.38226485,20.37489929,27.37858207
3/17/2002,0,0,36.27161684,21.55935207,28.91548445
3/18/2002,0,0,36.57949,21.02348567,28.80148784
3/19/2002,0,0,37.03323155,19.5473534,28.29029248
3/20/2002,0,0,37.52142313,19.24903275,28.38522794
3/21/2002,0,0,37.5632927,19.85638735,28.70984003
3/22/2002,0,0,37.62270905,22.31638661,29.96954783
3/23/2002,0,0,37.82167845,21.64193389,29.73180617
3/24/2002,0,0,38.43968051,22.06664235,30.25316143
3/25/2002,0,0,39.09645106,22.59399546,30.84522326
3/26/2002,0,0,39.04180755,23.06799182,31.05489968
3/27/2002,0,0,38.86083825,23.06044563,30.96064194
3/28/2002,0,0,38.717873,23.01670531,30.86728916
3/29/2002,0,0,39.07438823,23.67941511,31.37690167
3/30/2002,0,0,39.2879382,22.8794798,31.083709
3/31/2002,0,0,38.59826886,24.07489832,31.33658359
4/1/2002,0,0.08962396702,38.53555771,24.09605784,31.31580777
4/2/2002,0,0,39.34761799,24.87670592,32.11216195
4/3/2002,0,0,39.83522766,24.46599301,32.15061033
4/4/2002,0,0,40.188192,23.5430288,31.8656104
4/5/2002,0,0,40.40877859,24.59109527,32.49993693
4/6/2002,0,0.6922114556,39.15581273,23.85916123,31.50748698
4/7/2002,0,0,38.83478168,23.01437759,30.92457963
4/8/2002,0,0,36.28594167,23.42786439,29.85690303
4/9/2002,0,4.748516635,37.33987228,21.50612162,29.42299695
4/10/2002,0,0,37.46438762,23.15393273,30.30916017
4/11/2002,0,0,38.57251957,23.94483505,31.25867731
4/12/2002,0,0,39.40264546,24.11509104,31.75886825
4/13/2002,0,0,39.73768322,24.32567533,32.03167927
4/14/2002,0,0,39.93239196,24.83367712,32.38303454
4/15/2002,0,0,40.07148821,24.76115772,32.41632297
4/16/2002,0,0,40.79058594,25.63084028,33.21071311
4/17/2002,0,0,41.17884108,27.12619583,34.15251845
4/18/2002,0,0,41.2853563,26.67361316,33.97948473
4/19/2002,0,0,41.66638525,27.08968204,34.37803365
4/20/2002,0,0.008019703604,41.58890677,27.05174367,34.32032522
4/21/2002,0,3.189278574,41.12180556,26.46554685,33.7936762
4/22/2002,0,0.7410765352,40.46690749,25.64134886,33.05412818
4/23/2002,0,0,40.19348402,25.91851156,33.05599779
4/24/2002,0,0,41.30090272,26.47760962,33.88925617
4/25/2002,0,0,41.56787495,26.42773652,33.99780573
4/26/2002,0,0.009938707208,41.30335675,26.26212497,33.78274086
4/27/2002,0,0,41.3086519,25.81141288,33.56003239
4/28/2002,0,0,42.07136034,26.15405887,34.1127096
4/29/2002,0,0,42.26671648,25.88477165,34.07574407
4/30/2002,0,0,42.42780972,27.01206087,34.71993529
5/1/2002,0,0,42.75045716,27.38625999,35.06835857
5/2/2002,0,0,42.0011704,26.72561101,34.3633907
5/3/2002,0,0,42.34484584,27.04529259,34.69506921
5/4/2002,0,0,42.00671469,27.5512224,34.77896855
5/5/2002,0,0,41.31852235,27.57115892,34.44484064
5/6/2002,0,0.04739144162,42.55406965,27.63302896,35.0935493
5/7/2002,0,4.451920093,41.76251819,26.23889522,34.00070671
5/8/2002,0,0,40.52199733,26.96322086,33.7426091
5/9/2002,0,0,41.52825799,26.85580215,34.19203007
5/10/2002,0,0,41.71748135,27.93334804,34.8254147
5/11/2002,0,0,42.05657836,28.18895801,35.12276818
5/12/2002,0,0,41.32954433,27.12721602,34.22838017
5/13/2002,0,0,41.02134993,27.12876656,34.07505825
5/14/2002,0,0,41.5732213,28.13889483,34.85605807
5/15/2002,0,15.58842045,41.83393286,25.15180625,33.49286956
5/16/2002,0,3.126697217,37.82407011,26.20115809,32.0126141
5/17/2002,0,3.881382902,40.33819352,24.36451701,32.35135527
5/18/2002,0,0.4510260239,38.2145925,25.49896881,31.85678066
5/19/2002,0,0,38.69709728,26.09250868,32.39480298
5/20/2002,0,0,39.19458087,25.27431371,32.23444729
5/21/2002,0,0,39.29709922,25.50057403,32.39883663
5/22/2002,0,0,38.97819291,26.08664107,32.53241699
5/23/2002,0,0,39.96741932,27.37612072,33.67177002
5/24/2002,0,0.07266788187,41.40102907,28.95824713,35.1796381
5/25/2002,0,1.237850898,41.50903281,26.24857542,33.87880411
5/26/2002,0,1.759616902,40.25638541,26.77799091,33.51718816
5/27/2002,0,0,39.31155192,26.73321941,33.02238566
5/28/2002,0,0,39.83096735,26.74998883,33.29047809
5/29/2002,0,0,39.8327116,27.30612103,33.56941632
5/30/2002,0,0,40.72103223,26.57645077,33.6487415
5/31/2002,0,2.54450257,40.20367605,23.98929787,32.09648696
6/1/2002,0,0,38.49755714,25.48445201,31.99100457
6/2/2002,0,1.024147722,39.21980751,24.43542002,31.82761376
6/3/2002,0,2.373450306,36.59361341,24.83722627,30.71541984
6/4/2002,0,14.69797796,37.75141497,23.26309223,30.5072536
6/5/2002,0,2.266541653,35.16851347,24.43780068,29.80315708
6/6/2002,0,9.973788944,35.05387941,23.63961734,29.34674837
6/7/2002,0,0.279985991,37.18665262,24.56516518,30.8759089
6/8/2002,0,0.2523448338,37.58484752,25.85548404,31.72016578
6/9/2002,0,8.193645022,39.5064509,25.43296426,32.46970758
6/10/2002,0,0.03711485973,37.44516624,25.05548306,31.25032465
6/11/2002,0,0.4514828389,35.43535435,24.77548411,30.10541923
6/12/2002,0,2.706546813,37.49955401,24.53296464,31.01625933
6/13/2002,0,0.2337095101,37.09141166,25.84122158,31.46631662
6/14/2002,0,5.555977358,38.81251743,23.87438937,31.3434534
6/15/2002,0,0.006988153505,34.3401904,23.98380461,29.1619975
6/16/2002,0,0.1432014134,36.37180556,23.72670631,30.04925593
6/17/2002,0,0,35.43857596,25.11605656,30.27731626
6/18/2002,0,0.6696189623,35.14451579,24.19290055,29.66870817
6/19/2002,0,4.632525388,35.41741627,23.74909668,29.58325648
6/20/2002,0,36.39557401,34.0429121,23.13258297,28.58774754
6/21/2002,0,1.578127863,31.68116897,21.94955287,26.81536092
6/22/2002,0,0.3900816481,31.05116964,22.84258205,26.94687584
6/23/2002,0.12,0.005413299932,32.25284916,23.10825792,27.68055354
6/24/2002,0.02,15.50840679,33.85052147,23.18271008,28.51661578
6/25/2002,0.05,17.41135991,28.94574954,21.84374128,25.39474541
6/26/2002,0.12,21.10246824,25.86019068,20.89567502,23.37793285
6/27/2002,0.12,3.458136386,28.16458036,21.51554799,24.84006417
6/28/2002,0.07,0.2499456545,31.82567533,22.62380417,27.22473975
6/29/2002,0.07,0,33.13302896,22.7746449,27.95383693
6/30/2002,0.03,0,33.84031827,23.65844913,28.7493837
7/1/2002,0.02,1.514555269,32.9392892,23.63464361,28.2869664
7/2/2002,0.02,0,32.34457893,23.3156751,27.83012701
7/3/2002,0,0,33.46077436,23.74393288,28.60235362
7/4/2002,0,0,33.53812844,23.7240603,28.63109437
7/5/2002,0,0,33.55548463,24.09947912,28.82748187
7/6/2002,0,0,33.42903132,24.00857565,28.71880348
7/7/2002,0,0,34.75374113,23.87141408,29.3125776
7/8/2002,0,0,34.81735542,23.77941549,29.29838545
7/9/2002,0,0,34.11380377,23.32760809,28.72070593
7/10/2002,0,0.000001947844824,34.88012894,24.0631554,29.47164217
7/11/2002,0,0,34.51187079,23.81683259,29.16435169
7/12/2002,0,2.24527718,35.05832261,23.51825776,29.28829019
7/13/2002,0,0.04247804005,34.77271023,23.77380379,29.27325701
7/14/2002,0,0.03386278542,35.09374128,23.67212482,29.38293305
7/15/2002,0,0.6495997343,34.95664191,23.348384,29.15251295
7/16/2002,0,0.1056031614,34.861094,23.48393265,29.17251333
7/17/2002,0,5.010842526,33.88096658,23.043614,28.46229029
7/18/2002,0,3.601529372,30.88852222,22.63064847,26.75958534
7/19/2002,0,6.333051632,26.26555742,21.83819352,24.05187547
7/20/2002,0,0.5958137881,28.78729097,21.90464407,25.34596752
7/21/2002,0,0,30.23155199,22.16206239,26.19680719
7/22/2002,0,0,31.77058375,22.85567428,27.31312901
7/23/2002,0,6.203861885,31.64374052,22.39722574,27.02048313
7/24/2002,0,13.16412114,31.40922458,22.06645054,26.73783756
7/25/2002,0,3.740021098,30.81136011,21.74161442,26.27648727
7/26/2002,0,4.220125379,30.96697142,21.51909714,26.24303428
7/27/2002,0,12.13756892,30.68000031,21.83632296,26.25816163
7/28/2002,0,0,32.15813119,22.69393174,27.42603146
7/29/2002,0,0.3652594734,32.4098096,23.26393143,27.83687052
7/30/2002,0,0,32.53632181,23.73019152,28.13325667
7/31/2002,0,0.048331114,33.3699369,24.09935125,28.73464408
8/1/2002,0,15.40958702,31.88755653,22.92993637,27.40874645
8/2/2002,0,1.026804015,30.74832141,23.3156751,27.03199826
8/3/2002,0,35.08098667,32.67393301,22.33180655,27.50286978
8/4/2002,0.03,0.02563105507,30.62548276,22.86296456,26.74422366
8/5/2002,0.03,15.74384549,31.21993538,21.65980787,26.43987162
8/6/2002,1.44,0.5297933855,28.03903349,21.71980924,24.87942137
8/7/2002,1.48,10.47997358,29.02006439,21.70980901,25.3649367
8/8/2002,1.53,0.9964382382,28.35942658,21.17083946,24.76513302
8/9/2002,1.13,1.754105732,26.46259233,21.1780017,23.82029701
8/10/2002,2.23,16.11911157,26.01845918,21.10264622,23.5605527
8/11/2002,3.54,2.549202525,28.14703567,21.60187095,24.87445331
8/12/2002,4.05,1.159300384,29.22335839,22.0163872,25.6198728
8/13/2002,3.24,3.653012653,28.75522791,22.81077664,25.78300228
8/14/2002,2.49,0.1291788182,28.33432452,22.45644993,25.39538723
8/15/2002,2.22,0.2203597739,29.30064837,22.47741764,25.88903301
8/16/2002,1.56,0,29.81812913,21.94283662,25.88048287
8/17/2002,1.47,4.669007456,29.22961749,21.79903372,25.51432561
8/18/2002,1.22,0,29.80045656,21.6099365,25.70519653
8/19/2002,0.85,0,29.71186965,21.61174313,25.66180639
8/20/2002,0.82,1.199769047,29.95980901,22.55012728,26.25496815
8/21/2002,0.82,0,28.85845933,22.55470762,25.70658347
8/22/2002,0.82,0.01366572241,29.87155155,22.59367735,26.23261445
8/23/2002,0.62,5.746553241,28.94104115,21.54645008,25.24374562
8/24/2002,101.62,102.895374,25.2146547,20.92825761,23.07145616
8/25/2002,135.5,23.80464819,25.20542048,20.51477081,22.86009565
8/26/2002,43.33,0,28.83825746,20.70754523,24.77290134
8/27/2002,22.91,0,31.74980802,21.91309184,26.83144993
8/28/2002,17.03,0,32.19245613,22.2329654,27.21271076
8/29/2002,13.67,0,31.8660679,22.49296563,27.17951677
8/30/2002,8.89,0,30.8143258,22.28632372,26.55032476
8/31/2002,8.82,10.45260936,29.71728954,21.63283698,25.67506326
9/1/2002,8.53,9.341914475,27.72819291,21.36290063,24.54554677
9/2/2002,52.57,29.79489996,26.5933575,21.66838543,24.13087146
9/3/2002,84.16,19.24709783,27.90716203,21.96832073,24.93774138
9/4/2002,48.17,3.473581221,29.52445292,21.48909646,25.50677469
9/5/2002,31.39,6.979479526,30.01664138,21.50709848,25.76186993
9/6/2002,101.45,30.87272755,27.57155214,21.09729044,24.33442129
9/7/2002,49.59,0.01956682981,29.72974536,21.39212587,25.56093562
9/8/2002,25.41,0,30.08781147,20.93225292,25.5100322
9/9/2002,18.16,0,29.96787474,20.39851284,25.18319379
9/10/2002,18.74,0,30.48722589,20.10941541,25.29832065
9/11/2002,16.36,0.7314689285,30.43606742,20.77193496,25.60400119
9/12/2002,13.76,0.06480369796,31.23335862,21.69657775,26.46496818
9/13/2002,13.42,0,32.39535691,21.3630285,26.8791927
9/14/2002,10.03,0,32.67064938,21.79399605,27.23232272
9/15/2002,9.74,0.002004925901,33.23090303,21.6566425,27.44377277
9/16/2002,7.96,0,33.75716415,22.16115908,27.95916161
9/17/2002,49.59,24.15234429,33.21838483,21.90012766,27.55925625
9/18/2002,29.14,0,31.0258134,21.66741817,26.34661579
9/19/2002,13.36,1.380891347,32.72529289,21.4027735,27.0640332
9/20/2002,12.55,2.842430514,31.88554692,21.76451663,26.82503178
9/21/2002,10.69,0,33.17361143,22.40115885,27.78738514
9/22/2002,11.36,0,33.4373547,22.17199851,27.80467661
9/23/2002,9.43,0,34.11438914,22.86296456,28.48867685
9/24/2002,5.65,0,34.02258236,22.60187095,28.31222665
9/25/2002,4.5,0.1520022949,34.13903387,22.46122225,28.30012806
9/26/2002,4.08,0,32.80909789,22.59309215,27.70109502
9/27/2002,3.88,0.003416430603,34.00651328,22.82458021,28.41554674
9/28/2002,3.22,0,33.90102907,22.10613144,28.00358025
9/29/2002,2.79,0.009641148329,34.94277424,22.20109415,28.5719342
9/30/2002,2.02,0,34.93000031,20.30916026,27.61958028
10/1/2002,2.01,0,35.25077527,21.24573934,28.24825731
10/2/2002,2.63,0,34.5978117,21.65393273,28.12587221
10/3/2002,2.01,0,34.77335763,22.54760932,28.66048347
10/4/2002,1.94,0,36.29457969,22.97425054,29.63441512
10/5/2002,1.88,0,36.21890402,22.35489884,29.28690143
10/6/2002,1.19,0,36.10335946,22.02760886,29.06548416
10/7/2002,1.35,0,35.0586519,21.2910943,28.1748731
10/8/2002,1.34,0,34.88407148,21.27580223,28.07993686
10/9/2002,0.66,0.3673962555,34.55762054,22.1603819,28.35900122
10/10/2002,0.43,0.5967767794,34.10316575,21.80006335,27.95161455
10/11/2002,0.4,4.120036672,32.84768383,21.81909638,27.3333901
10/12/2002,0.41,6.476415169,32.24980976,22.09187072,27.17084024
10/13/2002,0.9,6.800159853,31.20251873,21.66851156,26.43551515
10/14/2002,10.02,2.078426893,29.87942704,21.14561109,25.51251906
10/15/2002,4.5,5.337321587,30.27220031,21.50044599,25.88632315
10/16/2002,13.2,5.275367729,28.63942553,21.57090301,25.10516427
10/17/2002,5.41,4.011901322,28.73218996,21.35825792,25.04522394
10/18/2002,13.12,0.652021443,29.76032951,21.666641,25.71348525
10/19/2002,10.1,0,31.42400656,19.49103096,25.45751876
10/20/2002,7.21,0,32.84787407,19.19522827,26.02155117
10/21/2002,4.61,0,33.25716415,19.36625971,26.31171193
10/22/2002,3.69,0,33.12516655,19.06619636,26.09568146
10/23/2002,3.31,0,32.15058308,18.98825725,25.56942017
10/24/2002,2.96,0,33.3661334,18.25741833,25.81177586
10/25/2002,2.13,0,32.82329484,19.23664243,26.02996863
10/26/2002,2,0,32.07051922,18.796706,25.43361261
10/27/2002,2.03,0,31.30955331,17.97496361,24.64225846
10/28/2002,1.97,0,31.3131028,16.40580147,23.85945214
10/29/2002,0.44,0,31.55600415,16.06206201,23.80903308
10/30/2002,0.43,0,32.11600553,16.84302821,24.47951687
10/31/2002,0.43,0,31.82858651,16.09928722,23.96393687
11/1/2002,0.39,0,31.70045618,15.48922441,23.5948403
11/2/2002,0.28,0,31.39942559,17.3801272,24.3897764
11/3/2002,0.21,0,30.00426066,16.18103149,23.09264608
11/4/2002,0.21,0,31.59400646,16.37025493,23.9821307
11/5/2002,0.26,0,31.7076827,15.44193417,23.57480844
11/6/2002,0.16,0,31.71948939,15.64728976,23.68338958
11/7/2002,0.08,0,31.2639426,15.77174307,23.51784283
11/8/2002,0,0,31.42400656,15.99361303,23.70880979
11/9/2002,0,0,31.16768352,17.2392245,24.20345401
11/10/2002,0,0,30.33497365,20.18038236,25.25767801
11/11/2002,0,1.116234659,30.97955356,19.20006296,25.08980826
11/12/2002,0,0.000002528781,31.38296502,18.01651524,24.69974013
11/13/2002,0,0,30.345292,17.52722681,23.9362594
11/14/2002,0,0.7847105514,31.04348613,17.40844913,24.22596763
11/15/2002,0,0.8985420413,31.31083885,17.35374151,24.33229018
11/16/2002,0,0,31.48871458,16.543614,24.01616429
11/17/2002,0,0,31.27232644,15.08038284,23.17635464
11/18/2002,0,0,30.15877842,14.6102547,22.38451656
11/19/2002,0,0,29.94884153,13.57832125,21.76358139
11/20/2002,0,0,29.96793868,12.80716252,21.3875506
11/21/2002,0,0,30.67148859,13.58716234,22.12932546
11/22/2002,0,0,30.48581265,13.60793807,22.04687536
11/23/2002,0,0,30.51858705,14.04270982,22.28064843
11/24/2002,0,0,30.72871418,14.57489919,22.65180668
11/25/2002,0,0,31.74510137,14.35012739,23.04761438
11/26/2002,0,0,32.19877916,14.66103112,23.42990514
11/27/2002,0,0,32.6161334,14.36909657,23.49261498
11/28/2002,0,0,32.82697013,14.84503695,23.83600354
11/29/2002,0,0,32.55961741,14.55020152,23.55490947
11/30/2002,0,0,31.88768266,14.52264629,23.20516448
12/1/2002,0,0,32.29852189,14.55109453,23.42480821
12/2/2002,0,0,31.89052065,14.91676895,23.4036448
12/3/2002,0,0,31.30045639,15.82767298,23.56406469
12/4/2002,0,0,30.78226274,16.1365782,23.45942047
12/5/2002,0,0,30.58239175,16.11000061,23.34619618
12/6/2002,0,0,30.55787489,15.81000042,23.18393766
12/7/2002,0,0,30.92877714,15.11716294,23.02297004
12/8/2002,0,0,30.91665216,15.24722612,23.08193914
12/9/2002,0,0,31.10426087,14.88632315,22.99529201
12/10/2002,0,0,31.2007121,14.57592951,22.8883208
12/11/2002,0,0,31.2114876,14.8629015,23.03719455
12/12/2002,0,0,30.94322984,15.84851187,23.39587085
12/13/2002,0,0,30.74787525,15.41676895,23.0823221
12/14/2002,0,0,30.79522865,14.50754533,22.65138699
12/15/2002,0,0,31.48787503,14.21903302,22.85345402
12/16/2002,0,0,31.71690749,13.72167885,22.71929317
12/17/2002,0,0,31.0151001,13.72109461,22.36809735
12/18/2002,0,0,31.94787428,13.70819341,22.82803385
12/19/2002,0,0,32.39961757,14.04877789,23.22419773
12/20/2002,0,0,32.57245372,14.06741779,23.31993576
12/21/2002,0,0,32.71703536,14.42657816,23.57180676
12/22/2002,0,0,32.29342046,14.25090332,23.27216189
12/23/2002,0,0,31.99516548,15.48651455,23.74084002
12/24/2002,0,0,31.20690726,16.25141332,23.72916029
12/25/2002,0,0,30.30522888,15.17760848,22.74141868
12/26/2002,0,0,29.81438973,14.29296487,22.0536773
12/27/2002,0,0,30.24264578,14.29012792,22.26638685
12/28/2002,0,0,30.36535639,13.57651471,21.97093555
12/29/2002,0,0,30.54606803,13.84838478,22.19722641
12/30/2002,0,0,30.06142404,17.08748219,23.57445312
12/31/2002,0,0,29.39800292,18.51250876,23.95525584
1/1/2003,0,0.04598972113,28.84909707,12.89328337,20.87119022
1/2/2003,0,0,26.92245411,12.22947923,19.57596667
1/3/2003,0,0,28.07877849,17.14315532,22.61096691
1/4/2003,0,0,28.63129587,17.73567518,23.18348552
1/5/2003,0,0,29.42606719,16.32115892,22.87361306
1/6/2003,0,0,30.55510101,16.1017429,23.32842196
1/7/2003,0,0,30.04974523,15.64329453,22.84651988
1/8/2003,0,0,30.58052119,15.5400639,23.06029254
1/9/2003,0,0,30.05877804,16.32909661,23.19393732
1/10/2003,0,0,29.62774654,16.40722597,23.01748626
1/11/2003,0,0,29.7134221,16.28271046,22.99806628
1/12/2003,0,0,30.10064778,17.06090278,23.58077528
1/13/2003,0,0,29.87613189,16.12096635,22.99854912
1/14/2003,0,0,29.25529185,16.51567413,22.88548299
1/15/2003,0,0,28.25484569,14.87947894,21.56716231
1/16/2003,0,0,28.42071141,11.98270949,20.20171045
1/17/2003,0,0,28.04323022,10.23348571,19.13835796
1/18/2003,0,0,28.09232787,10.76625933,19.4292936
1/19/2003,0,0,29.15774723,12.27522828,20.71648776
1/20/2003,0,0,30.22510109,14.29064823,22.25787466
1/21/2003,0,0,31.52864965,15.9034857,23.71606768
1/22/2003,0,0,32.74968188,16.20283684,24.47625936
1/23/2003,0,0,32.98329469,16.66283766,24.82306618
1/24/2003,0,0,33.72619638,16.77735468,25.25177553
1/25/2003,0,0,33.39696982,15.4743888,24.43567931
1/26/2003,0,0,33.51968234,17.57206224,25.54587229
1/27/2003,0,0,33.03955493,17.74600469,25.39277981
1/28/2003,0,0,32.90871275,17.58155237,25.24513256
1/29/2003,0,0,33.42058354,17.88748142,25.65403248
1/30/2003,0,0,32.42142465,16.37309275,24.3972587
1/31/2003,0,0,33.16600476,16.51561193,24.84080835
2/1/2003,0,0,33.95426142,17.21038304,25.58232223
2/2/2003,0,0,33.64600431,18.52134976,26.08367703
2/3/2003,0,0,33.25245403,18.32470808,25.78858105
2/4/2003,0,0,32.6494897,18.0985758,25.37403275
2/5/2003,0,0,31.82613248,17.56819306,24.69716277
2/6/2003,0,0,31.61593968,18.26025441,24.93809705
2/7/2003,0,0,32.86432677,18.08458043,25.4744536
2/8/2003,0,0.2131321169,33.41413264,19.58063789,26.49738526
2/9/2003,0,0,32.75490806,18.87992579,25.81741693
2/10/2003,0,0,32.60387899,18.3264396,25.4651593
2/11/2003,0,0,32.77129526,18.93986132,25.85557829
2/12/2003,0,0,33.10491,19.37941587,26.24216294
2/13/2003,0,0,34.15961589,19.32103088,26.74032338
2/14/2003,0,0,34.90052071,19.20676978,27.05364525
2/15/2003,0,0,34.23774525,19.31954254,26.77864389
2/16/2003,0,0,34.58310292,19.8471514,27.21512716
2/17/2003,0,0.5235438541,34.70568409,20.31089335,27.50828872
2/18/2003,0,0,34.80297627,19.73624921,27.26961274
2/19/2003,0,0,33.79781246,19.31612126,26.55696686
2/20/2003,0,0.08755542309,33.56083867,18.90360345,26.23222106
2/21/2003,0,0,32.95161368,17.51683336,25.23422352
2/22/2003,0,0,33.98877661,17.4747077,25.73174215
2/23/2003,0,0,34.61510204,18.71864058,26.66687131
2/24/2003,0,0,34.29013649,19.77244505,27.03129077
2/25/2003,0,0,35.39400778,19.60393159,27.49896968
2/26/2003,0,0,36.03613191,20.12135014,28.07874103
2/27/2003,0,0,35.65258343,20.64405864,28.14832103
2/28/2003,0,0,36.24245536,21.31050956,28.77648246
3/1/2003,0,0,36.85613161,21.81767197,29.33690179
3/2/2003,0,0.000001537772229,37.1162578,22.71076509,29.91351145
3/3/2003,0,0,37.93703658,22.37103029,30.15403344
3/4/2003,0,0,36.46458133,21.63954223,29.05206178
3/5/2003,0,0,34.96458133,16.78431403,25.87444768
3/6/2003,0,0,32.66736541,16.76916108,24.71826324
3/7/2003,0,0,34.80045639,17.10354953,25.95200296
3/8/2003,0,0,35.16684241,17.62697127,26.39690684
3/9/2003,0,0,35.59123258,19.6099365,27.60058454
3/10/2003,0,0,36.17575081,22.14206193,29.15890637
3/11/2003,0,0,36.24587491,20.34851187,28.29719339
3/12/2003,0,0,36.3249736,20.32928859,28.32713109
3/13/2003,0,0,36.46877615,20.47760962,28.47319288
3/14/2003,0,0,36.67594106,22.438704,29.55732253
3/15/2003,0,0.1788281397,36.18129511,21.77819406,28.97974458
3/16/2003,0,0.4639480442,36.3269081,21.65141303,28.98916056
3/17/2003,0,0,34.93678049,20.77322033,27.85500041
3/18/2003,0,0,35.79497447,20.93599405,28.36548426
3/19/2003,0,0,35.49020275,21.76773667,28.62896971
3/20/2003,0,0.5182319262,35.42291317,21.4494795,28.43619633
3/21/2003,0,0.008836444305,36.06026481,22.32044585,29.19035533
3/22/2003,0,0.5699985367,36.91671801,22.85309238,29.88490519
3/23/2003,0,0,37.29497447,23.40561132,30.35029289
3/24/2003,0,0,37.59322945,24.41031796,31.00177371
3/25/2003,0,0.00000478418027,38.63064847,23.62670592,31.1286772
3/26/2003,0,0.0000005467634594,38.79890585,23.96374022,31.38132303
3/27/2003,0,0.1927853751,38.56136167,22.78180714,30.67158441
3/28/2003,0,0,38.49413412,22.36703498,30.43058455
3/29/2003,0,0,38.76871336,22.22909623,30.49890479
3/30/2003,0,0,38.91516365,22.46470747,30.68993556
3/31/2003,0,0,39.30342225,23.32374083,31.31358154
4/1/2003,0,4.791319748,38.75264774,22.72812898,30.74038836
4/2/2003,0,0,39.72516502,22.93167889,31.32842196
4/3/2003,0,0,40.57155058,24.4477368,32.50964369
4/4/2003,0,0,39.98522919,23.74321964,31.86422441
4/5/2003,0,0,38.84626081,23.59618415,31.22122248
4/6/2003,0,0,38.72271099,24.50844778,31.61557939
4/7/2003,0,0.8662239324,39.24439021,23.92903305,31.58671163
4/8/2003,0,0.6363153765,36.89064679,22.01857588,29.45461133
4/9/2003,0,0.2671674447,37.7753545,23.26657744,30.52096597
4/10/2003,0,0,38.83239002,24.79012705,31.81125853
4/11/2003,0,0.05226104674,37.81865022,22.96767333,30.39316177
4/12/2003,0,0,38.01109552,24.549798,31.28044676
4/13/2003,0,0,38.75529167,24.40844913,31.5818704
4/14/2003,0,0,40.15258343,25.28025469,32.71641906
4/15/2003,0,0,40.51522797,25.24470815,32.87996806
4/16/2003,0,0,40.90439006,25.04548283,32.97493645
4/17/2003,0,0,40.89890432,26.39728985,33.64809708
4/18/2003,0,0,41.10541836,26.58483444,33.8451264
4/19/2003,0,0,40.61271038,26.79689607,33.70480323
4/20/2003,0,0,40.51554608,25.13863892,32.8270925
4/21/2003,0,0,40.30722576,25.41883141,32.86302859
4/22/2003,0,0.4599372024,41.05077451,24.8775453,32.96415991
4/23/2003,0,0,40.7278748,26.65367681,33.69077581
4/24/2003,0,0.00000577518904,41.69793839,26.4109671,34.05445274
4/25/2003,0,0,42.00535752,24.91451625,33.45993688
4/26/2003,0,0,41.98245357,26.2644527,34.12345313
4/27/2003,0,0,41.3152272,26.23909646,33.77716183
4/28/2003,0,0,40.0541355,25.44361362,32.74887456
4/29/2003,0,0,39.98690795,25.89374052,32.94032423
4/30/2003,0,0,39.90690612,25.79522865,32.85106738
5/1/2003,0,0,39.99413412,26.49561147,33.2448728
5/2/2003,0,0,41.54052044,26.88819293,34.21435669
5/3/2003,0,0,41.70968097,27.10754485,34.40861291
5/4/2003,0,0,41.81258327,26.02786477,33.92022402
5/5/2003,0,0,41.28161517,25.00425123,33.1429332
5/6/2003,0,0,40.90457996,24.16405909,32.53431953
5/7/2003,0,0,40.68896761,24.86857626,32.77877194
5/8/2003,0,0,41.01625933,25.04657796,33.03141864
5/9/2003,0,0,41.46735348,26.22844883,33.84790115
5/10/2003,0,0,41.59884306,25.6445799,33.62171148
5/11/2003,0,0,41.86335778,25.22122248,33.54229013
5/12/2003,0,0,41.75155054,25.02239038,33.38697046
5/13/2003,0,0,42.00432616,26.76890516,34.38661566
5/14/2003,0,0,42.51052132,27.42083946,34.96568039
5/15/2003,0,0,42.31426169,27.8427101,35.07848589
5/16/2003,0,0,43.29180755,27.70193353,35.49687054
5/17/2003,0,0,43.4197459,28.21296494,35.81635542
5/18/2003,0,0,43.58451823,27.4948362,35.53967722
5/19/2003,0,0,42.52374159,26.77689752,34.65031956
5/20/2003,0,2.252270923,41.26554608,26.70418788,33.98486698
5/21/2003,0,0,41.90187018,27.36792713,34.63489865
5/22/2003,0,0,42.41825738,27.54973406,34.98399572
5/23/2003,0,0,42.09761029,26.52444176,34.31102602
5/24/2003,0,0,41.17277378,26.87670592,34.02473985
5/25/2003,0,0,42.23096853,27.58851164,34.90974008
5/26/2003,0,0,42.30458148,27.35973353,34.8321575
5/27/2003,0,0,42.66722637,27.30412259,34.98567448
5/28/2003,0,0,41.59897093,27.22321935,34.41109514
5/29/2003,0,0,40.86728916,26.64328337,33.75528626
5/30/2003,0,0,41.57916072,28.62966988,35.1044153
5/31/2003,0,0,42.7454836,28.09431532,35.41989946
6/1/2003,0,0,42.53935352,28.43580207,35.4875778
6/2/2003,0,0,43.37819444,27.98399659,35.68109551
6/3/2003,0,0,42.92716232,28.58341177,35.75528704
6/4/2003,0,0,42.95838617,29.22973419,36.09406018
6/5/2003,0,0,42.90128516,27.59811865,35.2497019
6/6/2003,0,0,41.75728855,27.14876702,34.45302778
6/7/2003,0,0,40.71199943,27.49870347,34.10535145
6/8/2003,0,0,40.71090257,27.44935163,34.0801271
6/9/2003,0,0,40.55722576,27.96664214,34.26193395
6/10/2003,0,0.1174425095,40.87812859,28.34044614,34.60928737
6/11/2003,0,0.3046299881,40.01716247,25.18187087,32.59951667
6/12/2003,0,7.826773792,39.33006386,24.26489868,31.79748127
6/13/2003,0,4.345813953,37.59393153,24.55457975,31.07425564
6/14/2003,0,1.150203766,36.16186885,23.77329369,29.96758127
6/15/2003,0,12.64185425,34.86652506,22.70400707,28.78526606
6/16/2003,0,0.514037854,33.64174365,23.51264607,28.57719486
6/17/2003,0,0,34.85187095,24.20386803,29.52786949
6/18/2003,0,0,35.39096838,24.50354915,29.94725876
6/19/2003,0,7.504495157,36.20277291,23.24703431,29.72490361
6/20/2003,0,0.9111007815,35.79851072,23.49754597,29.64802835
6/21/2003,0,2.065301713,35.17683303,23.63838474,29.40760889
6/22/2003,0,2.320165503,34.33102938,23.98754574,29.15928756
6/23/2003,0,29.85347109,32.78006462,23.04548283,27.91277373
6/24/2003,0,8.872994473,29.93741673,22.39638653,26.16690163
6/25/2003,0,15.05130954,28.69587741,21.70419732,25.20003736
6/26/2003,0,9.663687899,31.00342128,22.83187049,26.91764589
6/27/2003,0,0.4478009957,32.07071294,22.87348606,27.4720995
6/28/2003,0,0.166405058,34.17987243,23.74451635,28.96219439
6/29/2003,0,1.863990707,33.26096731,23.17522799,28.21809765
6/30/2003,0,1.716156585,33.40161444,23.33625902,28.36893673
7/1/2003,0,22.78074713,33.11167937,23.36542033,28.23854985
7/2/2003,0,5.241972153,32.99413412,22.68077558,27.83745485
7/3/2003,0,1.764939689,32.85638735,23.31916032,28.08777383
7/4/2003,0,0,33.08806565,23.2953567,28.19171117
7/5/2003,0,6.925548471,31.63722551,22.67625917,27.15674234
7/6/2003,0,33.75846963,32.0353563,22.5189691,27.2771627
7/7/2003,1.66,20.1796165,31.41781139,22.08594091,26.75187615
7/8/2003,0.83,1.955390348,30.56768314,22.6970349,26.63235902
7/9/2003,0.53,12.444084,32.0307744,23.12806639,27.57942039
7/10/2003,13.11,57.93278146,31.78271046,21.88793875,26.83532461
7/11/2003,8.19,23.69535326,28.95226281,22.27993658,25.6160997
7/12/2003,2.82,4.221755902,31.82155232,22.93361339,27.37758286
7/13/2003,1.43,0.4784064195,32.56896834,23.49199821,28.03048327
7/14/2003,0.79,0,33.50090314,24.25470838,28.87780576
7/15/2003,0.92,31.25322768,33.93638571,23.00161465,28.46900018
7/16/2003,79.65,33.04191972,29.37510071,22.11354976,25.74432523
7/17/2003,15.98,1.054985996,28.64239122,22.5334859,25.58793856
7/18/2003,20.58,1.581364076,31.76716264,22.50716241,27.13716253
7/19/2003,12.5,9.721315957,29.89303862,22.30619613,26.09961738
7/20/2003,25.05,17.39880785,27.6647816,22.50342128,25.08410144
7/21/2003,45.26,10.49322811,28.9468431,23.16167843,26.05426076
7/22/2003,241.23,18.8575774,31.85768389,22.55529282,27.20648835
7/23/2003,19.4,1.061949786,30.48045687,22.40354894,26.44200291
7/24/2003,17.6,30.62132429,31.09155087,22.43709861,26.76432474
7/25/2003,13.75,3.103207335,29.36793829,22.48787503,25.92790666
7/26/2003,9.66,0.926159105,28.83858674,22.06987182,25.45422928
7/27/2003,5.01,0.9058155619,28.11032989,22.30600433,25.20816711
7/28/2003,5.01,0.4331248393,27.60625948,22.66619501,25.13622724
7/29/2003,3.02,0,31.76541995,22.16167843,26.96354919
7/30/2003,2.83,0.133207227,32.82793911,23.07728998,27.95261455
7/31/2003,2.15,0,32.21239109,22.88535685,27.54887397
8/1/2003,2.15,0.2080563297,31.8124554,22.5479386,27.180197
8/2/2003,2.1,0.5401186067,30.73045687,22.18245434,26.4564556
8/3/2003,2.15,1.501723336,28.09961833,22.68619547,25.3929069
8/4/2003,1.96,6.172034394,30.48806527,22.16781139,26.32793833
8/5/2003,1.94,1.275279676,30.80432557,22.33258183,26.5684537
8/6/2003,1.92,2.604582947,30.08896897,22.53980894,26.31438895
8/7/2003,2.8,20.77833301,30.75239183,22.2942614,26.52332662
8/8/2003,12.13,16.56463381,27.39761913,22.23264555,24.81513234
8/9/2003,9.88,3.483126689,28.09903313,22.44464325,25.27183819
8/10/2003,17.31,5.913713326,28.84735437,22.74716218,25.79725828
8/11/2003,16.14,14.33829009,29.8920731,22.41896889,26.155521
8/12/2003,12.47,3.627851508,31.32245546,22.62271061,26.97258304
8/13/2003,12.5,0.01526165069,31.73709785,22.69632357,27.21671071
8/14/2003,8.6,0.1768834058,30.69167912,22.27548411,26.48358162
8/15/2003,5.39,0.2993406553,31.68703485,23.22632252,27.45667868
8/16/2003,5.8,0.09334077499,30.58155237,22.3390329,26.46029264
8/17/2003,4.65,0.1783246454,31.45239068,22.27903344,26.86571206
8/18/2003,2.82,0,32.35606923,22.76722658,27.56164791
8/19/2003,2.17,0.1886246291,31.94142338,22.06890631,27.00516484
8/20/2003,1.96,1.088070879,31.67594106,22.50264584,27.08929345
8/21/2003,1812.4,18.4419549,30.11161526,22.38896994,26.2502926
8/22/2003,86.06,6.267741712,29.48787503,22.151616,25.81974551
8/23/2003,489.59,45.55562177,26.8698728,21.25348522,24.06167901
8/24/2003,142.34,42.08888652,24.93542002,21.17083946,23.05312974
8/25/2003,89.4,0.7795143319,29.42600499,20.8599365,25.14297075
8/26/2003,76.47,0.03486067111,30.82980794,21.39645047,26.11312921
8/27/2003,43.92,0,30.81697181,21.4311578,26.1240648
8/28/2003,39.59,0.7765561111,30.68503797,21.85522812,26.27013305
8/29/2003,36.58,0.1845205054,27.77678065,21.76987241,24.77332653
8/30/2003,26.58,9.999639868,27.65974567,21.58077537,24.62026052
8/31/2003,25.7,0,30.82819329,21.4538041,26.14099869
9/1/2003,25.26,0,31.14625849,21.76729051,26.4567745
9/2/2003,16.09,0,31.30316651,21.36354976,26.33335814
9/3/2003,14.84,0.2260262167,29.46104161,21.63258297,25.54681229
9/4/2003,14.38,0.0461570218,30.00774761,21.80716338,25.9074555
9/5/2003,12.99,0.3535058861,30.09774776,21.52980871,25.81377824
9/6/2003,9.44,0.008836991069,30.4489694,21.94554639,26.1972579
9/7/2003,7.79,0.2036332436,31.18058377,21.88090248,26.53074312
9/8/2003,6.24,0,31.01793791,21.22457982,26.12125887
9/9/2003,5.8,0,31.41245561,21.41993614,26.41619588
9/10/2003,5.01,0,31.49219962,21.27180709,26.38200335
9/11/2003,4.31,0.002484676802,31.80045639,21.30180587,26.55113113
9/12/2003,4.16,2.409141024,31.7536772,21.95722711,26.85545215
9/13/2003,2.79,0.4804565474,31.1590326,21.76812989,26.46358124
9/14/2003,3.18,0.01767172674,31.6034856,22.13548299,26.86948429
9/15/2003,2.95,0,31.12606796,21.78644986,26.45625891
9/16/2003,1.96,0,32.1761313,22.16735424,27.17174277
9/17/2003,1.9,0,32.10594136,23.08722627,27.59658382
9/18/2003,1.76,0.000002528781,31.93032959,22.94625963,27.43829461
9/19/2003,1.55,0.0449817073,32.44968265,22.65632265,27.55300265
9/20/2003,1.66,0.01606489546,32.10316575,22.42258198,27.26287386
9/21/2003,1.43,0.8185248772,31.5113607,22.75903298,27.13519684
9/22/2003,1.43,3.095199974,31.92264591,22.36819421,27.14542006
9/23/2003,1.77,2.776856865,32.85613161,22.3409674,27.59854951
9/24/2003,10.32,32.73026839,30.6533587,21.37806639,26.01571255
9/25/2003,17.6,0.5138641193,28.42218876,22.01309223,25.21764049
9/26/2003,89.4,22.15374842,29.58380499,22.29916003,25.94148251
9/27/2003,142.34,21.61764305,30.13903214,22.14535517,26.14219366
9/28/2003,47.11,0.1879686404,30.43903328,21.91174254,26.17538791
9/29/2003,28.57,1.866001032,30.55606826,22.09180678,26.32393752
9/30/2003,14.83,1.99168467,31.36354976,22.17438861,26.76896919
10/1/2003,12.79,0,32.32793911,22.74619493,27.53706702
10/2/2003,16.22,1.369612889,32.19258053,21.51735445,26.85496749
10/3/2003,12.13,0,32.10961665,21.39703567,26.75332616
10/4/2003,7.01,0.005132539801,31.86155115,20.81167996,26.33661556
10/5/2003,5.2,1.933899459,31.68697074,19.95374016,25.82035545
10/6/2003,3.16,0,31.86239053,21.80548306,26.8339368
10/7/2003,3.15,0.1638807211,31.09381483,22.10554797,26.5996814
10/8/2003,3.06,2.088259927,30.79755655,21.52896933,26.16326294
10/9/2003,2.85,0.4451057378,29.89007467,22.0019345,25.94600458
10/10/2003,2.83,0,31.55291216,20.91832149,26.23561682
10/11/2003,2.81,0,32.64413565,20.34825769,26.49619667
10/12/2003,2.77,0,32.98051907,19.66548367,26.32300137
10/13/2003,1.89,0.343792143,33.64348478,19.18090362,26.4121942
10/14/2003,1.77,1.226992174,33.55239124,20.16573768,26.85906446
10/15/2003,1.76,0,33.22678141,18.7973534,26.0120674
10/16/2003,1.53,0,32.29949088,16.56928836,24.43438962
10/17/2003,1.85,0.07525289115,31.81407005,17.32773614,24.5709031
10/18/2003,0.44,0,32.29142359,20.65405887,26.47274123
10/19/2003,0.75,0,33.20858758,21.46109438,27.33484098
10/20/2003,0.51,0,33.23587659,22.0354204,27.6356485
10/21/2003,0.48,0,32.71684512,20.87554669,26.7961959
10/22/2003,0.43,0.08914344101,31.67787382,20.951414,26.31464391
10/23/2003,0.43,19.54475975,30.64684369,20.77096771,25.7089057
10/24/2003,0.4,0.743414825,28.91543073,19.77296441,24.34419757
10/25/2003,0.93,0,30.45826773,16.71380432,23.58603603
10/26/2003,1.56,0,31.16581279,15.93193394,23.54887336
10/27/2003,1.58,0,31.00949013,16.08109513,23.54529263
10/28/2003,2.22,0,30.91678021,17.58573776,24.25125898
10/29/2003,1.41,0.04117408887,30.98142412,20.1186402,25.55003216
10/30/2003,0.44,8.274504682,29.07465531,21.78380402,25.42922966
10/31/2003,0.93,0,31.27426095,21.47096656,26.37261375
11/1/2003,1.44,0.2613052337,32.73032883,20.99155222,26.86094052
11/2/2003,1.06,0.01320169084,31.34581309,21.21019106,26.27800208
11/3/2003,1.43,0,32.3876189,21.03025469,26.7089368
11/4/2003,1.31,0,32.36026405,20.36348583,26.36187494
11/5/2003,1.31,0,31.69207251,21.84973503,26.77090377
11/6/2003,0.87,0,31.43219998,16.05825686,23.74522842
11/7/2003,0.87,0,31.04568598,15.67445254,23.36006926
11/8/2003,0.76,0,31.5656847,17.44271031,24.50419751
11/9/2003,0.87,0,31.37220069,17.97716173,24.67468121
11/10/2003,0.57,0,31.43852336,17.52825799,24.48339068
11/11/2003,0.75,0,31.40226358,17.07716211,24.23971284
11/12/2003,0.54,0,31.02497419,16.20374016,23.61435717
11/13/2003,0,0,30.42587712,15.94012754,23.18300233
11/14/2003,0,0,29.92045723,15.95174242,22.93609982
11/15/2003,0,0,30.74942597,16.89728985,23.82335791
11/16/2003,0,0,30.99387838,17.32516541,24.15952189
11/17/2003,0,0,30.81929779,17.32690793,24.07310286
11/18/2003,0,0,31.7840692,17.03619568,24.41013244
11/19/2003,0,0,31.17032953,17.27361355,24.22197154
11/20/2003,0,0,31.35419693,15.52361363,23.43890528
11/21/2003,0,0,31.09142456,15.05083948,23.07113202
11/22/2003,0,0,31.29968112,15.36832121,23.33400117
11/23/2003,0,0,31.10980863,16.85748091,23.98364477
11/24/2003,0,0,31.05510101,16.41477217,23.73493659
11/25/2003,0,0,30.59323119,15.93838493,23.26580806
11/26/2003,0,0,30.19949067,14.26729051,22.23339059
11/27/2003,0,0,30.98510132,16.75573783,23.87041958
11/28/2003,0,0,31.19942656,16.75374113,23.97658385
11/29/2003,0,0,30.90774723,17.55657819,24.23216271
11/30/2003,0,0,31.21671551,18.32754589,24.7721307
12/1/2003,0,0,30.85413473,17.76741856,24.31077664
12/2/2003,0,0,30.89052065,16.09632319,23.49342192
12/3/2003,0,0,30.7114876,15.50729028,23.10938894
12/4/2003,0,0,30.55690747,15.11922453,22.838066
12/5/2003,0,0,30.26793791,13.97445273,22.12119532
12/6/2003,0,0,30.58529177,14.12760924,22.3564505
12/7/2003,0,0,30.45155148,12.63722646,21.54438897
12/8/2003,0,0,31.15148813,13.34935203,22.25042008
12/9/2003,0,0,30.83045725,12.59812982,21.71429353
12/10/2003,0,0,31.09600507,13.66825747,22.38213127
12/11/2003,0,0,31.38039238,15.26464372,23.32251805
12/12/2003,0,0,30.82039291,15.91916078,23.36977685
12/13/2003,0,0,30.35529223,14.71670608,22.53599915
12/14/2003,0,0,30.54968112,14.67393223,22.61180668
12/15/2003,0,0,29.89142397,13.49193436,21.69167916
12/16/2003,0,0,29.49123237,14.34863982,21.9199361
12/17/2003,0,0,29.94129707,14.04212558,21.99171132
12/18/2003,0,0,28.32219954,12.89676945,20.6094845
12/19/2003,0,0,29.44955287,12.96916002,21.20935644
12/20/2003,0,0,29.90503729,12.96354928,21.43429328
12/21/2003,0,0,29.22264532,13.40077584,21.31171058
12/22/2003,0,0,28.46948939,11.76613137,20.11781038
12/23/2003,0,0,28.0005852,12.03199826,20.01629173
12/24/2003,0,0,28.31052073,13.46193367,20.8862272
12/25/2003,0,0,28.22329446,15.35115866,21.78722656
12/26/2003,0,0,28.61864963,16.4994148,22.55903222
12/27/2003,0,0.000001401081365,26.78013799,17.59109527,22.18561663
12/28/2003,0,0,26.00375056,17.00450532,21.50412794
12/29/2003,0,0,28.30323045,14.11077588,21.20700316
12/30/2003,0,0,27.51949036,12.50058433,20.01003735
12/31/2003,0,0,28.28684308,12.0025819,20.14471249
1/1/2004,0,0,29.34684445,12.93916029,21.14300237
1/2/2004,0,0,30.38865009,13.90838433,22.14851721
1/3/2004,0,0,28.63917135,14.36541946,21.50229541
1/4/2004,0,0,29.45394314,14.94806618,22.20100466
1/5/2004,0,0,29.14136003,14.60703475,21.87419739
1/6/2004,0,0,28.73052081,14.82833164,21.77942622
1/7/2004,0,0,27.77839547,14.51806587,21.14823067
1/8/2004,0,0,26.92871494,13.44458009,20.18664751
1/9/2004,0,0,28.55155169,12.86064801,20.70609985
1/10/2004,0,0,28.23052081,11.68638641,19.95845361
1/11/2004,0,0,28.74510137,10.9637403,19.85442084
1/12/2004,0,0,28.39406981,11.26180677,19.82793829
1/13/2004,0,0,30.13045649,11.67916006,20.90480827
1/14/2004,0,0,30.75955407,12.79851254,21.77903331
1/15/2004,0,0,31.42188181,13.7430287,22.58245526
1/16/2004,0,0,32.66600476,14.44031856,23.55316166
1/17/2004,0,0,32.60858564,14.70464426,23.65661495
1/18/2004,0,0,33.20961894,15.27993666,24.2447778
1/19/2004,0,0,32.573229,15.62935185,24.10129042
1/20/2004,0,0,32.3542626,16.10405954,24.22916107
1/21/2004,0,0,32.04516472,15.4400636,23.74261416
1/22/2004,0,0,31.10271015,17.50290175,24.30280595
1/23/2004,0,0.3087414355,30.12096635,17.94605822,24.03351229
1/24/2004,0,0,28.87426133,16.03418781,22.45422457
1/25/2004,0,0.03602781363,28.51129676,16.20754514,22.35942095
1/26/2004,0,1.97370609,28.23097796,17.07683282,22.65390539
1/27/2004,0,0,28.9575564,15.80741756,22.38248698
1/28/2004,0,0,27.79400549,16.09187072,21.9429381
1/29/2004,0,0,28.91045718,17.77180709,23.34113213
1/30/2004,0,3.742521346,28.97478297,18.07935252,23.52706775
1/31/2004,0,0,28.83032921,17.5719342,23.2011317
2/1/2004,0,0,29.21697142,15.73767283,22.47732213
2/2/2004,0,0.1545158386,29.11051997,16.31580314,22.71316155
2/3/2004,0,2.064410019,27.75394254,16.55483566,22.1543891
2/4/2004,0,0.06538844686,28.09942635,15.40006364,21.749745
2/5/2004,0,0,30.90136026,18.12735332,24.51435679
2/6/2004,0,0,31.88980915,14.69657766,23.2931934
2/7/2004,0,0,29.18064771,11.0492879,20.1149678
2/8/2004,0,0,29.20484645,11.1072898,20.15606812
2/9/2004,0,0,29.75110473,11.9930287,20.87206671
2/10/2004,0,0,31.32749139,14.52483498,22.92616318
2/11/2004,0,0,32.45852174,15.85748169,24.15800171
2/12/2004,0,0,32.35671663,16.50825753,24.43248708
2/13/2004,0,0,32.00400631,18.02180709,25.0129067
2/14/2004,0,0,31.44303976,17.1482571,24.29564843
2/15/2004,0,0,31.95491056,16.23741787,24.09616421
2/16/2004,0,0,33.05967979,16.42393137,24.74180558
2/17/2004,0,0,33.0241329,15.76302907,24.39358099
2/18/2004,0,0,32.82665201,16.05251894,24.43958547
2/19/2004,0,0,33.77516426,17.44315647,25.60916036
2/20/2004,0,0,34.23329469,17.36844839,25.80087154
2/21/2004,0,0,34.80781078,17.58218861,26.19499969
2/22/2004,0,0,35.09045731,17.79657796,26.44351763
2/23/2004,0,0,35.16407026,16.92206089,26.04306557
2/24/2004,0,0,35.59768383,17.56464391,26.58116387
2/25/2004,0,0,36.13678126,17.68109369,26.90893747
2/26/2004,0,0,36.10213439,17.99928866,27.05071153
2/27/2004,0,0,36.60400686,19.3857389,27.99487288
2/28/2004,0,0,36.70310219,20.10103157,28.40206688
2/29/2004,0,0,36.02852143,20.72309304,28.37580724
3/1/2004,0,0,37.28142527,19.14470777,28.21306652
3/2/2004,0,0,37.27871515,18.93296426,28.1058397
3/3/2004,0,0,37.80955504,19.1629016,28.48622832
3/4/2004,0,0,37.68039196,19.21812875,28.44926035
3/5/2004,0,0,37.32671786,19.23329469,28.28000627
3/6/2004,0,0,38.24594075,20.81270941,29.52932508
3/7/2004,0,0,38.3426479,19.32567533,28.83416161
3/8/2004,0,0,37.27781201,17.68206094,27.47993647
3/9/2004,0,0,36.01484435,19.31863922,27.66674179
3/10/2004,0,0,34.98742713,19.33321979,27.16032346
3/11/2004,0,0,35.55574841,19.12599285,27.34087063
3/12/2004,0,0,36.92406858,20.15657857,28.54032358
3/13/2004,0,0,37.21594197,20.18851202,28.702227
3/14/2004,0,0,38.02058548,19.73748181,28.87903365
3/15/2004,0,0,38.59871484,19.88664222,29.24267853
3/16/2004,0,0,39.04426158,20.38193383,29.71309771
3/17/2004,0,0,39.37077455,19.61064801,29.49071128
3/18/2004,0,0,40.25148851,20.47709953,30.36429402
3/19/2004,0,0,40.68974635,20.03142336,30.36058486
3/20/2004,0,0,40.90064893,20.42774769,30.66419831
3/21/2004,0,0,41.07245372,20.73251924,30.90248648
3/22/2004,0,0,40.94503803,21.97903229,31.46203516
3/23/2004,0,0,40.95039208,23.04884191,31.99961699
3/24/2004,0,0,40.72774692,23.58187049,32.15480871
3/25/2004,0,0,40.75619516,24.1332192,32.44470718
3/26/2004,0,0.006522276605,39.93535435,23.49967072,31.71751253
3/27/2004,0,0.02080916822,39.23335672,23.23502604,31.23419138
3/28/2004,0,0,37.88394361,23.22567495,30.55480928
3/29/2004,0,0,38.06033066,24.07987205,31.07010135
3/30/2004,0,0.5619787089,38.83045552,23.87645001,31.35345276
3/31/2004,0,0.05978753555,38.86490867,22.38464361,30.62477614
4/1/2004,0,0.04345443183,37.86407103,24.39309312,31.12858207
4/2/2004,0,5.226243191,37.80955504,23.41483437,30.6121947
4/3/2004,0,3.776792767,37.93322961,24.74670486,31.33996723
4/4/2004,0,1.860327934,38.50219829,24.0529651,31.27758169
4/5/2004,0,3.064935261,38.78142527,21.58554769,30.18348648
4/6/2004,0,0.6647590274,38.10239048,23.07380476,30.58809762
4/7/2004,0,0.0000006151088918,38.24503761,23.35199708,30.79851735
4/8/2004,0,0,39.0725816,22.63851278,30.85554719
4/9/2004,0,0,39.15806535,23.02380379,31.09093457
4/10/2004,0,0,39.15632456,23.47399636,31.31516046
4/11/2004,0,0,40.37522858,24.30006335,32.33764596
4/12/2004,0,0,40.91587689,25.37728939,33.14658314
4/13/2004,0,0,41.2278093,25.90632265,33.56706597
4/14/2004,0,0,42.27987091,26.24735416,34.26361254
4/15/2004,0,0,42.35800374,25.07676889,33.71738631
4/16/2004,0,0,42.23535706,24.64993568,33.44264637
4/17/2004,0,0,41.80432574,25.00012787,33.40222681
4/18/2004,0,0,41.77000046,24.07218838,32.92109442
4/19/2004,0,0,40.39361265,23.89464384,32.14412824
4/20/2004,0,0,40.72451762,24.3900635,32.55729056
4/21/2004,0,0,41.20161368,25.44354969,33.32258168
4/22/2004,0,0,41.75697043,25.88863892,33.82280468
4/23/2004,0,0,41.1042626,25.23290129,33.16858195
4/24/2004,0,0,40.36690867,25.07716211,32.72203539
4/25/2004,0,0.0000009910087701,39.90684409,22.67858689,31.29271549
4/26/2004,0,0.6048498604,37.47116815,23.94000053,30.70558434
4/27/2004,0,0.6289855336,39.56026481,25.12793852,32.34410167
4/28/2004,0,0,41.66419813,25.31999969,33.49209891
4/29/2004,0,0,40.08064923,26.00296569,33.04180746
4/30/2004,0,0.3400427548,40.3687153,25.00103119,32.68487324
5/1/2004,0,0.04264691546,39.66678004,25.48302934,32.57490469
5/2/2004,0,0,39.40968173,25.05309297,32.23138735
5/3/2004,0,0.003882307503,39.96510086,26.38464361,33.17487223
5/4/2004,0,0,38.79749088,26.27000046,32.53374567
5/5/2004,0,0,37.47678141,24.32638684,30.90158412
5/6/2004,0,0,36.93123273,25.96199769,31.44661521
5/7/2004,0,2.337152964,36.12742686,25.47438958,30.80090822
5/8/2004,0,0,36.50136064,24.80115847,30.65125956
5/9/2004,0,0,37.06052056,26.01664138,31.53858097
5/10/2004,0,0,39.30052224,26.41309184,32.85680704
5/11/2004,0,0,40.44541852,25.33360184,32.88951018
5/12/2004,0,8.141274314,40.44567426,23.28664184,31.86615805
5/13/2004,0,0.01180221481,37.41155073,23.93477089,30.67316081
5/14/2004,0,4.181869045,38.39594228,25.23302934,31.81448581
5/15/2004,0,15.16563194,37.28896956,25.81928836,31.55412896
5/16/2004,0,4.294919192,38.5952298,23.13477165,30.86500072
5/17/2004,0,3.271630798,35.34949046,23.60393159,29.47671102
5/18/2004,0,0.09317847823,34.63025334,23.88870285,29.2594781
5/19/2004,0,0.1486075618,36.59838556,25.14689645,30.87264101
5/20/2004,0,0,36.10838422,24.20057462,30.15447942
5/21/2004,0,0.3668988219,37.3471643,24.1597345,30.7534494
5/22/2004,0,0,38.26819383,24.1294798,31.19883682
5/23/2004,0,0.03414859083,38.70374189,24.4931557,31.5984488
5/24/2004,0,1.097793296,39.17644942,25.43876793,32.30760868
5/25/2004,0,0,39.59832006,25.69051046,32.64441526
5/26/2004,0,2.199455099,40.15548344,26.43418742,33.29483543
5/27/2004,0,0.03307811424,40.10083959,25.91315578,33.00699768
5/28/2004,0,0.7293377378,40.27180709,24.10928737,32.19054723
5/29/2004,0,1.448545748,38.84516396,25.7184486,32.28180628
5/30/2004,0,0,39.97638628,26.37567474,33.17603051
5/31/2004,0,0.09639162819,40.79354833,25.57315563,33.18335198
6/1/2004,0,1.501998001,40.16464412,27.03399583,33.59931997
6/2/2004,0,1.454026212,40.8656104,25.49354892,33.17957966
6/3/2004,0,0.4663979204,40.25367529,25.2139322,32.73380374
6/4/2004,0,0.04906760401,38.77342347,26.18341215,32.47841781
6/5/2004,0,0,36.49884077,25.89735378,31.19809728
6/6/2004,0,10.02601735,39.20090391,23.87760924,31.53925657
6/7/2004,0,0.1429632131,35.91186885,24.12586654,30.0188677
6/8/2004,0,13.55731696,36.9790964,23.59025433,30.28467537
6/9/2004,0,12.1328672,35.8048996,23.85916123,29.83203041
6/10/2004,0,0.8818424138,35.6091595,24.03096794,29.82006372
6/11/2004,0,0.000002289571986,34.97573888,23.9538041,29.46477149
6/12/2004,0,3.154269836,35.44909728,23.49096702,29.47003215
6/13/2004,0,1.551978786,32.00251814,23.75458051,27.87854932
6/14/2004,0,0.04522296727,30.88884207,23.3118061,27.10032408
6/15/2004,0,0,32.3143899,24.33321979,28.32380485
6/16/2004,0,2.410746445,32.09941692,23.24729005,27.67335349
6/17/2004,0,10.97855735,31.84206079,22.84657737,27.34431908
6/18/2004,0,0.1375878352,31.0453567,21.91432444,26.47984057
6/19/2004,0,0.01606489546,29.4064507,21.54077619,25.47361344
6/20/2004,0,0,32.77271023,22.44657775,27.60964399
6/21/2004,0,0,33.87554669,22.07309169,27.97431919
6/22/2004,0,0,34.99735226,23.33302798,29.16519012
6/23/2004,0,0,35.68258221,22.58670501,29.13464361
6/24/2004,0,0.0511263754,35.94283662,22.99225239,29.4675445
6/25/2004,0,0.003105846002,35.73386855,24.03870421,29.88628638
6/26/2004,0,2.491144883,36.54676994,23.41573768,29.98125381
6/27/2004,0,1.788154487,35.55470935,24.43844808,29.99657872
6/28/2004,0,2.959579162,36.54876681,24.21580276,30.38228479
6/29/2004,0,11.57718859,35.4347728,22.96638623,29.20057951
6/30/2004,0,5.301235664,34.34438868,23.23535532,28.789872
7/1/2004,0,0.7993877787,34.33968204,22.67019206,28.50493705
7/2/2004,0,14.76879334,34.86916129,23.15096687,29.01006408
7/3/2004,0,25.76057706,33.27354787,22.6590326,27.96629024
7/4/2004,0,0.8927061438,31.8660679,22.53083989,27.1984539
7/5/2004,0,17.45173313,32.87096792,22.73464399,27.80280595
7/6/2004,0,0.06279731464,33.672902,23.11644978,28.39467589
7/7/2004,0,3.946472932,34.35134795,23.75012787,29.05073791
7/8/2004,0,0,34.16193435,24.63851278,29.40022357
7/9/2004,0,0,34.33187049,24.09935125,29.21561087
7/10/2004,0,1.620245962,35.2657398,23.94857618,29.60715799
7/11/2004,0,1.402099268,35.04393229,24.2448984,29.64441534
7/12/2004,0,5.653479425,34.47935214,22.530904,28.50512807
7/13/2004,0,1.344107746,33.4563238,22.7109024,28.0836131
7/14/2004,0,10.63214127,32.4798093,22.29258282,27.38619606
7/15/2004,0,1.116261139,31.54755638,22.80258305,27.17506971
7/16/2004,0,5.981701961,31.97168907,22.36258251,27.16713579
7/17/2004,6.69,31.53905557,31.61136125,22.40438815,27.0078747
7/18/2004,0.45,1.643489582,32.04155146,23.07825723,27.55990434
7/19/2004,0.06,0,34.08548375,23.4483842,28.76693398
7/20/2004,0,0.1983520629,33.59380366,24.22586693,28.90983529
7/21/2004,0,0,34.92948078,24.51418735,29.72183406
7/22/2004,0,0.8398260793,34.78857443,23.33458043,29.06157743
7/23/2004,0,8.368191994,31.31387807,21.09174267,26.20281037
7/24/2004,0,8.050949171,32.62877947,22.07045702,27.34961824
7/25/2004,0,8.562001252,28.28400699,21.650839,24.967423
7/26/2004,0,23.31047334,28.16787533,21.04548283,24.60667908
7/27/2004,0,6.453839775,26.1710952,20.92277396,23.54693458
7/28/2004,0,12.4192764,25.83774754,20.92445254,23.38110004
7/29/2004,1.46,45.92297785,26.59955422,21.16361311,23.88158366
7/30/2004,1000.23,58.57061705,24.99909668,20.34613121,22.67261395
7/31/2004,21.3,7.244529066,25.60271015,21.07999992,23.34135504
8/1/2004,6.24,7.203663515,28.75264584,21.57458021,25.16361302
8/2/2004,2.13,6.536432208,29.78115801,21.74006371,25.76061086
8/3/2004,6.8,4.194200435,29.51851194,22.05916026,25.7888361
8/4/2004,5.61,0.9127782597,27.54645008,21.76806596,24.65725802
8/5/2004,5.2,3.045829006,28.54852206,21.65896866,25.10374536
8/6/2004,4.63,0.2052390696,27.53748104,21.98367674,24.76057889
8/7/2004,4.1,1.466971695,30.9393514,21.33741825,26.13838483
8/8/2004,3.6,0.6329059112,31.83187049,22.67760848,27.25473948
8/9/2004,3.28,0.1961808501,30.14999962,22.1029004,26.12645001
8/10/2004,2.71,0.779703886,30.13548299,21.81457998,25.97503148
8/11/2004,2.09,0.2940849041,30.40625872,22.06477178,26.23551525
8/12/2004,2.06,2.010868501,28.27193496,22.20664191,25.23928844
8/13/2004,3.21,23.01073421,28.469096,22.12283692,25.29596646
8/14/2004,2.14,1.870713915,28.94968091,22.67199851,25.81083971
8/15/2004,2.31,0.3532630951,29.09264599,21.20199747,25.14732173
8/16/2004,2.07,2.495120372,29.03174321,22.03477127,25.53325724
8/17/2004,1.29,0.05858869699,31.09103134,21.8383855,26.46470842
8/18/2004,1.22,0.0444488065,31.91193435,22.13218958,27.02206196
8/19/2004,1.19,0.1056779956,31.86716302,22.65748188,27.26232245
8/20/2004,1.19,0.03554178338,30.76361332,22.52935155,26.64648243
8/21/2004,1.17,6.197018249,30.06703574,22.08567556,26.07635565
8/22/2004,0.92,18.22947224,28.83858674,21.66844763,25.25351718
8/23/2004,3.28,4.283343082,27.40793921,21.7739956,24.5909674
8/24/2004,1.95,0.7689610969,30.98109484,21.94399567,26.46254526
8/25/2004,1.63,3.204523074,31.08806565,21.71483551,26.40145058
8/26/2004,1.09,0.4073208802,31.22645039,22.71038304,26.96841672
8/27/2004,1.05,0.000001947844824,31.06922442,21.89128649,26.48025546
8/28/2004,1.02,0,31.73728983,21.27302835,26.50515909
8/29/2004,0.78,0,31.56606832,21.63760947,26.60183889
8/30/2004,0.53,0,32.08619665,22.06670646,27.07645155
8/31/2004,0.43,0.07407361073,32.37367804,22.11315654,27.24341729
9/1/2004,0.35,0,32.44167739,21.93012818,27.18590278
9/2/2004,0.22,0.000001298563216,32.10987274,21.04754538,26.57870906
9/3/2004,0.09,0.000003280580756,32.83361475,21.75012787,27.29187131
9/4/2004,0.05,0,33.71626009,21.99380484,27.85503246
9/5/2004,0.05,4.983910202,31.60955462,21.52961673,26.56958568
9/6/2004,0.04,17.13741056,28.35103157,19.61922366,23.98512761
9/7/2004,0.16,1.876990619,26.38541905,21.02825799,23.70683852
9/8/2004,0.13,4.599424321,31.43180694,22.34825769,26.89003231
9/9/2004,0.11,11.93326243,31.59928731,21.89548322,26.74738526
9/10/2004,12.91,39.4981292,31.53109407,21.5101281,26.52061109
9/11/2004,19.98,50.57658894,26.98393265,21.12483536,24.05438401
9/12/2004,10.59,0.994873182,29.87380417,20.4892245,25.18151434
9/13/2004,5.2,0,30.79103037,21.25722635,26.02412836
9/14/2004,3.76,0,32.3908405,21.36012675,26.87548363
9/15/2004,2.84,0.0511263754,32.91638525,22.12483536,27.52061031
9/16/2004,2.19,0,32.27167922,20.93199701,26.60183811
9/17/2004,1.23,0,32.15342107,21.18470695,26.66906401
9/18/2004,1.53,0,32.4817438,22.14103075,27.31138727
9/19/2004,1.34,0.2735031833,32.66186885,21.89812905,27.27999895
9/20/2004,1.03,0.1470850026,30.73716195,21.98264555,26.35990375
9/21/2004,0.99,0.05227503807,32.27451686,22.62380417,27.44916052
9/22/2004,5.92,30.00674589,32.00619516,22.14302919,27.07461217
9/23/2004,1.63,1.079841721,30.18006424,21.71206163,25.94606294
9/24/2004,3.92,3.635588674,30.8175551,20.75613123,25.78684316
9/25/2004,5.3,1.900958042,31.79006312,21.00554776,26.39780544
9/26/2004,5.01,0.00001233635055,30.91729013,21.64851284,26.28290149
9/27/2004,2.84,0,32.95735515,22.67832155,27.81783835
9/28/2004,2.31,0.4520002695,32.72999954,22.19290055,27.46145005
9/29/2004,11.73,25.62447149,32.31645228,20.60825792,26.4623551
9/30/2004,7.6,0,32.54271069,22.32716211,27.4349364
10/1/2004,4.27,4.140354037,33.05464386,21.79470756,27.42467571
10/2/2004,2.84,0.03430600184,33.04909609,21.57180632,27.31045121
10/3/2004,3.6,3.72421436,32.04916177,21.15270956,26.60093566
10/4/2004,7.62,18.22760194,31.42548373,21.59638712,26.51093543
10/5/2004,5.4,9.966737232,31.11542033,20.61993673,25.86767853
10/6/2004,4.19,5.916000442,31.02922351,20.88916018,25.95919185
10/7/2004,3.66,0.01969710112,31.4608402,20.56812913,26.01448466
10/8/2004,3.1,0.2256698182,31.32354885,20.92451648,26.12403266
10/9/2004,2.07,12.01640337,32.21458133,20.52729074,26.37093604
10/10/2004,1.73,1.825326891,33.17535603,20.69071187,26.93303395
10/11/2004,2.13,0.04280254949,32.75006237,20.64161578,26.69583907
10/12/2004,1.73,5.669425103,33.46290257,20.87651394,27.16970826
10/13/2004,1.34,0.1024325492,31.90896849,20.27838413,26.09367631
10/14/2004,1.63,0.39142585,32.11909579,21.12374006,26.62141793
10/15/2004,1.34,0,31.50419829,19.19218922,25.34819375
10/16/2004,1,0,31.30690747,17.73838512,24.52264629
10/17/2004,0.85,0,30.8061322,16.17283789,23.48948505
10/18/2004,0.71,0,30.76148701,16.17729036,23.46938868
10/19/2004,0.59,0.8515891324,30.82232759,15.60096676,23.21164718
10/20/2004,0.57,0,30.92239191,15.94922445,23.43580818
10/21/2004,0.51,0,30.62329408,15.75638705,23.18984057
10/22/2004,0.49,0,30.95961703,18.30857679,24.63409691
10/23/2004,0.49,0,31.9570353,18.82651471,25.39177501
10/24/2004,0.34,0,32.47884031,18.88825687,25.68354859
10/25/2004,0.3,0,32.23626055,18.27909737,25.25767896
10/26/2004,0.16,0,32.0352908,17.61180707,24.82354893
10/27/2004,0.07,0.008230491906,32.10806611,18.26361332,25.18583971
10/28/2004,0.05,0,31.86335778,17.80722559,24.83529168
10/29/2004,0.04,0,31.98432605,17.59522806,24.78977705
10/30/2004,0.03,0,31.37522858,18.53980894,24.95751876
10/31/2004,0.03,0.01071516871,30.38884207,18.3427101,24.36577608
11/1/2004,0.01,0,30.69064793,18.73283736,24.71174265
11/2/2004,0.01,0,30.7278748,18.25161465,24.48974472
11/3/2004,0,0,31.46697142,17.71800261,24.59248702
11/4/2004,0,0,30.87483536,14.48052081,22.67767808
11/5/2004,0,0,30.15419808,14.33896888,22.24658348
11/6/2004,0,0,29.86148722,14.73541935,22.29845328
11/7/2004,0,0,29.70058405,16.52277434,23.1116792
11/8/2004,0,0.01863552026,31.62961711,20.11800223,25.87380967
11/9/2004,0,17.86801003,30.6996168,20.53354984,25.61658332
11/10/2004,0,1.045461967,28.57362412,20.09735437,24.33548925
11/11/2004,0,0.2524955974,30.98774715,20.41367704,25.7007121
11/12/2004,0,0,31.76232795,20.05251894,25.90742344
11/13/2004,0,0,31.30858606,19.44651364,25.37754985
11/14/2004,0,0,31.83155237,19.74006371,25.78580804
11/15/2004,0,0,32.22323052,19.97464376,26.09893714
11/16/2004,0,0,32.56516518,19.43212505,25.99864511
11/17/2004,0,0,32.32697013,18.76019204,25.54358108
11/18/2004,0,0,32.01348545,17.61367763,24.81358154
11/19/2004,0,8.453328825,32.02232662,15.67451657,23.84842159
11/20/2004,0,0,32.23251942,15.23896945,23.73574443
11/21/2004,0,0,31.92871494,14.55703551,23.24287523
11/22/2004,0,0,31.37432526,14.18619538,22.78026032
11/23/2004,0,0,30.98058474,13.52813003,22.25435739
11/24/2004,0,0,31.1843249,13.53090305,22.35761397
11/25/2004,0,0,31.26071156,14.87735419,23.06903288
11/26/2004,0,0,30.3787779,14.6198728,22.49932535
11/27/2004,0,0,30.63613212,13.82535634,22.23074423
11/28/2004,0,0,30.91877865,13.85548325,22.38713095
11/29/2004,0,0,30.68890524,14.10277331,22.39583927
11/30/2004,0,0,30.04968112,13.21180658,21.63074385
12/1/2004,0,0,29.35684468,12.76993644,21.06339056
12/2/2004,0,0,29.77871359,13.27438899,21.52655129
12/3/2004,0,0,29.44064793,12.71264596,21.07664695
12/4/2004,0,0,29.16968196,11.80729047,20.48848622
12/5/2004,0,0,29.22955356,11.28999996,20.25977676
12/6/2004,0,0,29.77438899,11.65728999,20.71583949
12/7/2004,0,0,30.21600417,12.42884194,21.32242306
12/8/2004,0,0,30.34148867,12.64728976,21.49438921
12/9/2004,0,0,30.13871402,12.5536773,21.34619566
12/10/2004,0,0,30.75039322,11.95735411,21.35387367
12/11/2004,0,0,30.72310248,12.54561079,21.63435664
12/12/2004,0,0,29.74142435,13.19103085,21.4662276
12/13/2004,0,0,29.42335742,12.7475451,21.08545126
12/14/2004,0,0,29.74800156,13.19103085,21.46951621
12/15/2004,0,0,29.64625849,13.92573878,21.78599863
12/16/2004,0,0,30.80909615,12.56709881,21.68809748
12/17/2004,0,0,31.38587638,12.17174268,21.77880953
12/18/2004,0,0,31.02322976,11.47709866,21.25016421
12/19/2004,0,0,30.55413376,10.58083922,20.56748649
12/20/2004,0,0,31.07678006,12.02451686,21.55064846
12/21/2004,0,0,31.49348499,12.68167889,22.08758194
12/22/2004,0,0,31.26529208,14.39174295,22.82851751
12/23/2004,0,0,31.22180594,14.6372904,22.92954817
12/24/2004,0,0,30.94096778,14.84225277,22.89161028
12/25/2004,0,0,30.98264555,15.05561102,23.01912829
12/26/2004,0,0,30.15251932,14.92031906,22.53641919
12/27/2004,0,0,29.63323037,14.81651448,22.22487242
12/28/2004,0,0,30.10896925,15.37735419,22.74316172
12/29/2004,0,0,29.71258289,14.3608399,22.0367114
12/30/2004,0,0,30.08432452,14.1770354,22.13067996
12/31/2004,0,0,30.54522865,15.04329415,22.7942614
1/1/2005,0,0,31.33071126,15.91812951,23.62442038
1/2/2005,0,0,31.21174351,18.51019204,24.86096777
1/3/2005,0,0,28.37006304,18.07922465,23.22464385
1/4/2005,0,0,30.3022632,16.44245456,23.37235888
1/5/2005,0,0,30.95510063,15.38251895,23.16880979
1/6/2005,0,0,31.75613105,16.31548329,24.03580717
1/7/2005,0,0,31.79690724,16.09187072,23.94438898
1/8/2005,0,0,31.57432603,15.54567473,23.56000038
1/9/2005,0,0,31.41793753,15.03277361,23.22535557
1/10/2005,0,0,31.45884176,14.85019141,23.15451658
1/11/2005,0,0,31.84638712,13.88315605,22.86477158
1/12/2005,0,0,30.1426454,11.39645047,20.76954793
1/13/2005,0,0,30.55522888,11.41006387,20.98264638
1/14/2005,0,0,30.6097447,11.33909684,20.97442077
1/15/2005,0,0,30.83058512,12.95367701,21.89213106
1/16/2005,0,0,31.56071271,15.36502615,23.46286943
1/17/2005,0,0,31.12619583,15.7313498,23.42877281
1/18/2005,0,0,30.01903321,13.72502677,21.87202999
1/19/2005,0,0,29.08445239,11.92916006,20.50680622
1/20/2005,0,0,28.91335893,12.49832133,20.70584013
1/21/2005,0,0,29.59871501,14.6198728,22.10929391
1/22/2005,0,0,31.42709855,16.53025469,23.97867662
1/23/2005,0,0.06782352044,31.5170346,17.95689783,24.73696621
1/24/2005,0,0.0240973432,31.32690793,15.70592962,23.51641877
1/25/2005,0,0,30.6868446,17.5390976,24.1129711
1/26/2005,0,18.82859663,31.77955279,17.50812966,24.64384123
1/27/2005,0,1.363908736,31.59774759,17.39838497,24.49806628
1/28/2005,0,0,29.61387905,17.96006319,23.78697112
1/29/2005,0,0,28.79955325,16.68632334,22.74293829
1/30/2005,0,3.997512459,27.87058413,17.06851292,22.46954852
1/31/2005,0,30.7805518,26.87129737,17.21270903,22.0420032
2/1/2005,0,0.1678602681,22.9747077,12.40483509,17.68977139
2/2/2005,0,0,26.55058444,12.15922449,19.35490446
2/3/2005,0,0,27.60671663,13.0710949,20.33890577
2/4/2005,0,0,29.67129661,15.49464422,22.58297041
2/5/2005,0,0,30.82503736,16.5719342,23.69848578
2/6/2005,0,0,32.32155058,18.25225262,25.2869016
2/7/2005,0,0.4677374652,31.86697104,19.02309245,25.44503175
2/8/2005,0,0,33.12161532,18.23115877,25.67638705
2/9/2005,0,0,32.84335733,16.84754462,24.84545097
2/10/2005,0,0,33.53613191,16.46760931,25.00187061
2/11/2005,0,0,34.30787316,17.47496361,25.89141838
2/12/2005,0,0,34.32245372,17.65386879,25.98816126
2/13/2005,0,0,35.04071034,17.74302957,26.39186996
2/14/2005,0,0,35.08239002,17.1130285,26.09770926
2/15/2005,0,0,35.85413473,16.84832162,26.35122818
2/16/2005,0,0,36.77058548,17.09561185,26.93309867
2/17/2005,0,0,35.20529244,17.52502696,26.3651597
2/18/2005,0,0,35.02625765,17.24302957,26.13464361
2/19/2005,0,0,33.9254839,17.29154029,25.6085121
2/20/2005,0,0,32.89077466,16.85509082,24.87293274
2/21/2005,0,0,33.6735494,16.86489906,25.26922423
2/22/2005,0,0,34.11457939,16.26160545,25.18809242
2/23/2005,0,0,33.15367681,17.65341147,25.40354414
2/24/2005,0,0,33.6141989,19.37218952,26.49319421
2/25/2005,0,0,35.08245552,19.42922486,27.25584019
2/26/2005,0,0,35.79058594,20.3965144,28.09355017
2/27/2005,0,0,36.03497268,21.66903283,28.85200275
2/28/2005,0,0.7134160808,35.23432605,21.2001269,28.21722647
3/1/2005,0,0.0240973432,35.39967994,20.3489692,27.87432457
3/2/2005,0,0,36.06335855,20.26941526,28.1663869
3/3/2005,0,0,37.08987228,19.12038289,28.10512759
3/4/2005,0,0,36.77445102,18.43393151,27.60419126
3/5/2005,0,0,37.21903223,19.77819406,28.49861315
3/6/2005,0,0,37.0307744,20.52361355,28.77719397
3/7/2005,0,0,37.09897093,20.81916032,28.95906562
3/8/2005,0,2.768776773,36.14258129,21.48754574,28.81506352
3/9/2005,0,14.79839404,32.27987091,19.17083946,25.72535518
3/10/2005,0,3.415372653,32.27316739,18.25748226,25.26532482
3/11/2005,0,0,32.29793686,18.83708897,25.56751292
3/12/2005,0,0,33.89239105,18.09380522,25.99309813
3/13/2005,0,0,34.36593968,17.3427101,25.85432489
3/14/2005,0,0,34.62684496,17.36012675,25.99348586
3/15/2005,0,0,35.30406965,17.45819263,26.38113114
3/16/2005,0,0,36.87510071,19.14722574,28.01116322
3/17/2005,0,0,37.6141989,20.43193481,29.02306685
3/18/2005,0,0,38.02974651,21.38031901,29.70503276
3/19/2005,0,0,38.20980884,22.27025464,30.24003174
3/20/2005,0,0,38.62896971,22.55006335,30.58951653
3/21/2005,0,0,39.03987304,22.63754536,30.8387092
3/22/2005,0,0,38.95625795,23.49825731,31.22725763
3/23/2005,0,0,37.5070983,21.57206224,29.53958027
3/24/2005,0,0,36.68464458,19.30708828,27.99586643
3/25/2005,0,0,35.84999847,17.98754574,26.91877211
3/26/2005,0,0,36.97335839,18.81470785,27.89403312
3/27/2005,0,0,38.23864873,19.93071164,29.08468019
3/28/2005,0,0,39.21961726,21.93174283,30.57568004
3/29/2005,0,0,39.05606653,21.97386849,30.51496751
3/30/2005,0,0,38.52529213,22.38122233,30.45325723
3/31/2005,0,0,38.68903311,21.48651455,30.08777383
4/1/2005,0,0,38.62077455,21.64328337,30.13202896
4/2/2005,0,0,38.75884291,22.81502596,30.78693444
4/3/2005,0,0.07938944486,38.19858579,23.08851164,30.64354871
4/4/2005,0,0.1870103748,38.38877813,22.26264607,30.3257121
4/5/2005,0,0,39.3407134,21.97941608,30.66006474
4/6/2005,0,0,38.66593927,22.83548375,30.75071151
4/7/2005,0,0,38.46510086,24.87064824,31.66787455
4/8/2005,0,0,38.86064801,24.69399567,31.77732184
4/9/2005,0,0,39.28264652,23.20780097,31.24522375
4/10/2005,0,0,38.70806458,22.45470741,30.581386
4/11/2005,0,0,39.03264652,21.95412395,30.49338523
4/12/2005,0,0,38.9823257,22.38722551,30.6847756
4/13/2005,0,0.03230079842,38.8660679,23.70773703,31.28690247
4/14/2005,0,13.83049892,38.06122263,22.19825633,30.12973948
4/15/2005,0,2.446630978,36.29903372,23.308639,29.80383636
4/16/2005,0,0.3299953558,38.52728901,23.31187003,30.91957952
4/17/2005,0,0,38.64626039,23.43335765,31.03980902
4/18/2005,0,0.01055987641,40.17264591,24.21812875,32.19538733
4/19/2005,0,0,39.77258236,24.66212459,32.21735348
4/20/2005,0,0,39.93064771,24.65632265,32.29348518
4/21/2005,0,0.3021565046,39.77787403,22.87722719,31.32755061
4/22/2005,0,0,38.92342118,24.14374052,31.53358085
4/23/2005,0,0,40.15825559,25.64031924,32.89928742
4/24/2005,0,0,39.04477306,24.90657857,31.97567581
4/25/2005,0,0,37.43180694,23.11218929,30.27199811
4/26/2005,0,0,38.20161368,20.49432437,29.34796902
4/27/2005,0,0,37.99968188,22.77283827,30.38626008
4/28/2005,0,0,39.23613233,24.29561071,31.76587152
4/29/2005,0,0,40.01342134,24.58832157,32.30087145
4/30/2005,0,0,39.76270844,23.36767295,31.56519069
5/1/2005,0,0,39.26974437,24.02928744,31.64951591
5/2/2005,0,0,39.98974559,24.30348636,32.14661598
5/3/2005,0,0.8036528372,38.8661334,23.25077527,31.05845434
5/4/2005,0,0.006677568905,36.55781078,23.12141408,29.83961243
5/5/2005,0,0.06281592063,37.05348463,24.95683372,31.00515917
5/6/2005,0,0,37.04264485,24.30657819,30.67461152
5/7/2005,0,0,39.20716144,25.85405963,32.53061053
5/8/2005,0,0,40.38174186,26.62328291,33.50251238
5/9/2005,0,0,40.97728977,26.58553652,33.78141314
5/10/2005,0,0,40.74277348,26.02038251,33.38157799
5/11/2005,0,0,41.04909609,25.80954231,33.4293192
5/12/2005,0,0,41.20012863,25.45754523,33.32883693
5/13/2005,0,0,41.90632456,24.66031796,33.28332126
5/14/2005,0,0,41.99554563,25.11689767,33.55622165
5/15/2005,0,0,42.16451625,24.07315563,33.11883594
5/16/2005,0,0,42.75529167,25.58767226,34.17148197
5/17/2005,0,0,43.1862575,26.3105735,34.7484155
5/18/2005,0,0,43.6408405,25.9987674,34.81980395
5/19/2005,0,0,43.22999954,26.16070175,34.69535065
5/20/2005,0,0,43.91432601,26.96502732,35.43967666
5/21/2005,0,0,43.88161398,27.53051061,35.7060623
5/22/2005,0,0,43.88903387,26.93380364,35.41141876
5/23/2005,0,0,43.03638766,26.63231589,34.83435177
5/24/2005,0,0,43.50741642,27.35876801,35.43309222
5/25/2005,0,0.2556069576,44.03832216,27.04947988,35.54390102
5/26/2005,0,0,40.53367788,26.58567556,33.55967672
5/27/2005,0,0,41.23451595,26.54986193,33.89218894
5/28/2005,0,0,41.5971643,26.93412349,34.26564389
5/29/2005,0,0.08122944785,41.76729068,24.46276353,33.11502711
5/30/2005,0,0,39.07450493,24.74038182,31.90744338
5/31/2005,0,0,38.29587796,25.87115816,32.08351806
6/1/2005,0,0,40.69096761,26.54748127,33.61922444
6/2/2005,0,0,39.88876696,26.38418645,33.13647671
6/3/2005,0,0,40.99477035,26.74353949,33.86915492
6/4/2005,0,0.8914997739,41.0637425,27.20154014,34.13264132
6/5/2005,0,0.1414320581,42.12657805,25.90425085,34.01541445
6/6/2005,0,0,39.7441965,25.86903342,32.80661496
6/7/2005,0,0.4646373046,42.35844972,26.35063835,34.35454404
6/8/2005,0,0,40.97290124,26.47702442,33.72496283
6/9/2005,0,0,40.8585121,26.47973419,33.66912314
6/10/2005,0,2.651638388,40.76729068,26.24238043,33.50483556
6/11/2005,0,9.692791125,38.8699369,24.0424436,31.45619025
6/12/2005,0,15.92959648,39.06948017,25.54586662,32.30767339
6/13/2005,0,0,38.80844702,26.31257193,32.56050947
6/14/2005,0,5.180209323,40.13941436,23.99612156,32.06776796
6/15/2005,0,0,36.88380423,25.7507019,31.31725307
6/16/2005,0,3.332257949,39.38670425,23.94271031,31.66470728
6/17/2005,0,5.691773937,38.75464427,25.15063759,31.95264093
6/18/2005,0,1.080243993,38.47038136,25.1445799,31.80748063
6/19/2005,0,0,37.84296601,25.17947904,31.51122253
6/20/2005,0,0.03633718734,37.40489807,25.65786393,31.531381
6/21/2005,0,0,38.19779901,24.98050964,31.58915432
6/22/2005,0,0.04598972113,37.27851374,24.64935222,30.96393298
6/23/2005,0,0.365942163,35.87354982,24.65689668,30.26522325
6/24/2005,0,0.6648325577,35.9558008,24.05386841,30.0048346
6/25/2005,0,10.57768735,34.24180796,23.43083968,28.83632382
6/26/2005,0,5.19136687,33.67890692,24.02645136,28.85267914
6/27/2005,0,1.124810368,30.96993538,23.16554761,27.06774149
6/28/2005,0,6.13494361,31.52354961,22.87832057,27.20093509
6/29/2005,0,7.169328655,29.65432595,22.98206209,26.31819402
6/30/2005,0,2.129282372,31.05890608,22.99903275,27.02896941
7/1/2005,0,1.962390216,32.698322,23.29115824,27.99474012
7/2/2005,0,0.001303201836,32.5228381,23.76399554,28.14341682
7/3/2005,0,5.093919016,32.84916117,23.36031873,28.10473995
7/4/2005,0,1.44710663,31.54432534,23.40290137,27.47361335
7/5/2005,0,3.388628779,30.68374144,23.04664206,26.86519175
7/6/2005,0,0,30.70083997,23.29838459,26.99961228
7/7/2005,0,3.597069474,33.21283707,23.34832162,28.28057935
7/8/2005,0,18.90423534,32.98781109,23.1192876,28.05354934
7/9/2005,0,37.17440757,29.23948985,22.33916077,25.78932531
7/10/2005,4.91,86.26031891,26.94258244,21.5391598,24.24087112
7/11/2005,45.85,38.86410184,28.95980901,22.6629016,25.81135531
7/12/2005,5.03,1.463468825,29.42045723,22.97122248,26.19583986
7/13/2005,1.77,2.341837837,31.45064816,23.39748165,27.42406491
7/14/2005,1.51,5.889113439,33.04245495,23.67019206,28.3563235
7/15/2005,3.31,4.393938999,33.33980991,23.94489899,28.64235445
7/16/2005,5.08,4.111079248,32.01064746,22.84380522,27.42722634
7/17/2005,58.47,10.73891196,31.87419722,23.6003185,27.73725786
7/18/2005,6.44,1.335088949,33.2355473,24.16044583,28.69799657
7/19/2005,5.79,7.647848057,33.99632471,23.91031796,28.95332134
7/20/2005,42.85,34.95318657,33.30090272,22.33567556,27.81828914
7/21/2005,45.2,11.24700885,32.80193374,23.06477178,27.93335276
7/22/2005,25.91,16.45177878,31.30657819,22.91477217,27.11067518
7/23/2005,28.1,13.3610613,30.91071118,22.25657895,26.58364507
7/24/2005,9.1,6.674873597,30.49058497,22.63928805,26.56493651
7/25/2005,8.2,16.22852856,27.72135996,22.11386788,24.91761392
7/26/2005,41.17,35.44412056,25.50793768,21.77386773,23.6409027
7/27/2005,28.78,14.47261226,25.86903342,22.1748987,24.02196606
7/28/2005,25.72,0.7386263413,26.10077565,22.35212513,24.22645039
7/29/2005,12.66,0,28.56251917,21.7865779,25.17454853
7/30/2005,7.45,1.482690908,30.83812959,21.98290129,26.41051544
7/31/2005,11.87,0.5224545171,29.31638661,22.63935199,25.9778693
8/1/2005,18.77,19.59440941,27.94096778,21.90031947,24.92064363
8/2/2005,15.38,1.22401896,27.71748135,22.22115854,24.96931995
8/3/2005,7.73,0.5501646892,29.36296456,22.78399583,26.07348019
8/4/2005,6.59,0.969878676,28.77993658,22.41199828,25.59596743
8/5/2005,6.3,9.66693306,28.98697171,21.75554776,25.37125974
8/6/2005,6.27,2.730929301,25.80258305,21.85748091,23.83003198
8/7/2005,5.03,0.01208545467,27.60083959,22.14115862,24.8709991
8/8/2005,4.65,2.501497572,28.79355007,22.14115862,25.46735434
8/9/2005,4.55,1.50310699,29.20644993,22.22393242,25.71519118
8/10/2005,6.67,2.758153883,30.70999908,22.14483582,26.42741745
8/11/2005,7.92,4.133878926,30.88728962,21.9210952,26.40419241
8/12/2005,3.61,1.103145923,30.93096756,22.16483437,26.54790096
8/13/2005,3.16,1.184904981,30.38167965,22.07561139,26.22864552
8/14/2005,2.63,5.578942597,30.15812928,22.47657826,26.31735377
8/15/2005,2.39,4.528051059,30.57083907,22.60477096,26.58780502
8/16/2005,17.67,26.89403513,29.66451625,22.54844852,26.10648239
8/17/2005,7.97,3.084247984,28.34090347,22.10567428,25.22328887
8/18/2005,7.92,0.6494509485,30.87735332,22.33767226,26.60751279
8/19/2005,4.64,0.1539784434,30.84258205,22.14580307,26.49419256
8/20/2005,7.86,15.56240584,27.99484563,21.76928721,24.88206642
8/21/2005,5.45,4.198557172,27.69335771,21.89676858,24.79506314
8/22/2005,66.01,19.21580248,29.44096778,22.06483589,25.75290184
8/23/2005,17.12,1.245866983,30.15812928,21.79115824,25.97464376
8/24/2005,15.2,5.099230036,30.51806596,22.20489922,26.36148259
8/25/2005,7.95,0.03971839553,31.00896904,22.15670488,26.58283696
8/26/2005,6.84,0.1682554524,31.86167937,22.20941579,27.03554758
8/27/2005,6.67,0,31.47735371,22.57218838,27.02477104
8/28/2005,4.84,0,31.71445346,22.34218883,27.02832115
8/29/2005,4.85,0,32.52529213,23.26031834,27.89280524
8/30/2005,4.8,7.231381342,34.29000092,23.12302873,28.70651482
8/31/2005,16.76,1.567460331,34.60489884,23.72321935,29.16405909
9/1/2005,7.9,0.03971839553,33.37122053,22.76947919,28.07034986
9/2/2005,6.91,1.108007742,34.46909773,23.40561132,28.93735452
9/3/2005,6.7,9.346056819,32.88999939,22.79838459,27.84419199
9/4/2005,9.74,15.40196701,31.32361295,22.66838543,26.99599919
9/5/2005,116.48,28.09733306,30.0789048,22.88122233,26.48006356
9/6/2005,64.65,13.87330926,32.3518051,23.12399598,27.73790054
9/7/2005,114.91,20.43651372,32.79457969,22.05290116,27.42374043
9/8/2005,43.77,5.762026939,31.31083885,22.09193465,26.70138675
9/9/2005,40.04,7.069931576,29.73451612,22.90122278,26.31786945
9/10/2005,62.41,0.3243563595,31.04825671,23.25676919,27.15251295
9/11/2005,43.92,15.99268745,30.35187095,22.27477104,26.31332099
9/12/2005,31.86,0.0240973432,30.4855473,22.491159,26.48835315
9/13/2005,31.93,9.884512811,30.1490963,22.46483551,26.30696591
9/14/2005,16.98,0.03132654616,29.04781056,22.67296403,25.86038729
9/15/2005,16.47,0,29.01258213,22.27038251,25.64148232
9/16/2005,15.25,0,30.0890329,21.73025546,25.90964418
9/17/2005,14.64,0,30.78445315,21.416641,26.10054708
9/18/2005,10.08,0,30.64735378,21.52405971,26.08570674
9/19/2005,8.02,0,30.04554677,21.74199821,25.89377249
9/20/2005,7.8,1.33318125,27.31871433,21.58025584,24.44948508
9/21/2005,1426.16,148.1104231,28.20361385,22.39477188,25.29919287
9/22/2005,528.07,12.36290657,27.53083989,22.31206201,24.92145095
9/23/2005,116.91,1.32648177,29.59748068,22.83122135,26.21435102
9/24/2005,118.11,4.140687698,29.54909609,22.17580185,25.86244897
9/25/2005,70.16,1.294982487,30.39283721,21.88586677,26.13935199
9/26/2005,44.81,0.05542388935,30.1136137,21.614963,25.86428835
9/27/2005,43.68,0.1019483308,30.03903349,21.18031842,25.60967596
9/28/2005,38.06,0.0723413787,30.42155079,20.61090393,25.51622736
9/29/2005,36.39,0,31.33464437,20.71109438,26.02286937
9/30/2005,30.48,0,31.71754546,21.2437409,26.48064318
10/1/2005,20.39,0,32.2827744,22.03754515,27.16015977
10/2/2005,20.97,0,32.72825876,22.05283705,27.3905479
10/3/2005,18.2,0,32.63103208,21.59187072,27.1114514
10/4/2005,13.41,0.08053750129,32.52193496,22.0183217,27.27012833
10/5/2005,13.26,0,33.11632364,20.87296479,26.99464422
10/6/2005,12.43,0,33.66980827,20.5303188,27.10006354
10/7/2005,11.98,0,33.5643899,20.40296548,26.98367769
10/8/2005,11.32,0,33.63522724,19.40477194,26.51999959
10/9/2005,8.49,0,33.67432467,18.95844854,26.31638661
10/10/2005,7.98,0,33.61703689,19.08031804,26.34867746
10/11/2005,6.8,0,32.95251682,20.69309253,26.82280468
10/12/2005,6.35,0.3523398295,32.83613115,20.53115801,26.68364458
10/13/2005,6.59,1.812406634,32.13186973,20.59922494,26.36554733
10/14/2005,13.71,12.54720999,31.46735348,21.86935153,26.6683525
10/15/2005,12.64,30.06700601,26.80626007,21.27954336,24.04290171
10/16/2005,1008.87,34.52634891,25.34251812,21.39748165,23.36999989
10/17/2005,130.26,14.52123884,27.41890478,21.1609671,24.28993594
10/18/2005,120.24,15.77170902,29.43032959,21.67754454,25.55393706
10/19/2005,105.25,3.237014953,29.41303908,20.61019068,25.01161488
10/20/2005,60,0,30.24600469,19.38941593,24.81771031
10/21/2005,40.58,0,31.51974454,18.76218891,25.14096673
10/22/2005,30.72,0,30.61161526,17.18586618,23.89874072
10/23/2005,26.75,0,30.17064748,16.7068338,23.43874064
10/24/2005,21.86,0,29.92987226,18.29696018,24.11341622
10/25/2005,19.27,0,30.58329507,20.63502566,25.60916036
10/26/2005,16.18,1.841548629,30.3416148,21.53638766,25.93900123
10/27/2005,15.24,0,31.02071179,18.91367704,24.96719442
10/28/2005,13.48,0,29.38703544,18.69509097,24.0410632
10/29/2005,11.88,0.265602117,28.95709907,18.93844808,23.94777358
10/30/2005,12.66,4.70622695,27.00503767,17.77147763,22.38825765
10/31/2005,11.87,0.00001927341194,29.23413389,17.61605656,23.42509523
11/1/2005,10.95,0,30.26781004,16.8130932,23.54045162
11/2/2005,8.24,0,30.64955363,15.92825683,23.28890523
11/3/2005,8.2,0,30.69071187,15.29445243,22.99258215
11/4/2005,7.1,0,30.95594001,14.64548322,22.80071161
11/5/2005,6.12,0,30.58232765,14.99567454,22.78900109
11/6/2005,5.45,0,30.33877872,16.70773703,23.52325788
11/7/2005,5.45,0,29.92858689,15.11451615,22.52155152
11/8/2005,5.24,0,30.12684323,13.06890535,21.59787429
11/9/2005,5.03,0,28.98510132,11.41716226,20.20113179
11/10/2005,4.64,0,29.06594045,11.69735389,20.38164717
11/11/2005,5.16,0,29.96226304,11.98122184,20.97174244
11/12/2005,4.41,0,30.16503751,12.10664153,21.13583952
11/13/2005,3.77,0,30.49026512,11.76928817,21.12977664
11/14/2005,3.04,0,30.72323052,13.45296472,22.08809762
11/15/2005,2.89,0,30.56052073,12.62941578,21.59496826
11/16/2005,2.23,0,30.47148783,12.27206205,21.37177494
11/17/2005,2.1,0,30.76148701,12.947545,21.854516
11/18/2005,2.03,0,31.2423916,12.92657816,22.08448488
11/19/2005,1.99,0,30.78749238,13.24444194,22.01596716
11/20/2005,1.97,0,30.90877842,12.32290153,21.61583997
11/21/2005,2.28,0,31.07419815,13.18199787,22.12809801
11/22/2005,0.84,0,30.68858712,12.49832133,21.59345423
11/23/2005,0.59,0,31.15587666,13.29819356,22.22703511
11/24/2005,0.44,0,30.94690703,14.52083975,22.73387339
11/25/2005,0.43,0,30.26684453,14.55426163,22.41055308
11/26/2005,0.42,0,29.81510124,14.18909635,22.0020988
11/27/2005,0.61,0,30.58167851,14.97619534,22.77893693
11/28/2005,0.72,0,30.43729059,14.5890329,22.51316175
11/29/2005,0.92,0,29.89793898,14.07561139,21.98677519
11/30/2005,0.61,0,30.4070981,14.27019148,22.33864479
12/1/2005,0.71,0,30.64877819,14.75645099,22.70261459
12/2/2005,0.37,0,30.82968181,15.65844826,23.24406504
12/3/2005,0.37,0,30.17342136,19.04851263,24.61096699
12/4/2005,0.37,0,30.05877804,18.77109384,24.41493594
12/5/2005,0.37,0,29.46549408,17.9027735,23.68413379
12/6/2005,0.52,0,30.82974574,15.7317431,23.28074442
12/7/2005,0.42,0,30.72606834,12.78800231,21.75703532
12/8/2005,0.43,0,30.3914879,10.82903267,20.61026029
12/9/2005,0.42,0,30.151616,11.12541969,20.63851785
12/10/2005,0.42,0,30.01335757,11.14283729,20.57809743
12/11/2005,0.5,0,29.84865108,12.62832057,21.23848583
12/12/2005,0.5,0,29.2114876,11.82206129,20.51677444
12/13/2005,0.43,0,29.39871425,12.31735377,20.85803401
12/14/2005,0.37,0,29.54606803,10.86096699,20.20351751
12/15/2005,0.37,0,29.09226394,10.32367689,19.70797041
12/16/2005,0.34,0,29.41968196,10.19728995,19.80848596
12/17/2005,0.32,0,28.29213666,9.464643617,18.87839014
12/18/2005,0.32,0,28.44239046,9.921030395,19.18171043
12/19/2005,0.32,0,28.41671627,10.87780026,19.64725827
12/20/2005,0.32,0,29.41968196,12.85947935,21.13958065
12/21/2005,0.32,0,29.85316748,15.33599367,22.59458058
12/22/2005,0.29,0.4375243364,30.15800141,16.08334775,23.12067458
12/23/2005,0.29,0,29.33787541,16.57521817,22.95654679
12/24/2005,0.29,0,28.61148722,15.65309248,22.13228985
12/25/2005,0.27,0,27.28697112,12.60218906,19.94458009
12/26/2005,0.27,0,26.81968158,10.92025512,18.86996835
12/27/2005,0.27,0,26.85316748,9.105547189,17.97935734
12/28/2005,0.27,0,28.36961688,9.636578195,19.00309754
12/29/2005,0.27,0,28.88064847,10.46212557,19.67138702
12/30/2005,0.25,0,29.36877767,11.33851251,20.35364509
12/31/2005,0.25,0,29.67793776,11.9557386,20.81683818
1/1/2006,0.25,0,29.14432572,12.58612076,20.86522324
1/2/2006,0.25,0,28.76535601,12.55147745,20.65841673
1/3/2006,0.25,0,28.58503759,12.52218905,20.55361332
1/4/2006,0.23,0,28.89690762,12.55302903,20.72496833
1/5/2006,0.23,0,28.99329492,11.90592943,20.44961217
1/6/2006,0.23,0,29.36329385,12.46521756,20.9142557
1/7/2006,0.23,0,29.05787489,12.73250807,20.89519148
1/8/2006,0.23,0,29.53438922,13.39876702,21.46657812
1/9/2006,0.23,0,30.50174269,14.43283725,22.46728997
1/10/2006,0.23,0,31.38709937,14.13154053,22.75931995
1/11/2006,0.23,0,31.37768261,13.24321973,22.31045117
1/12/2006,0.23,0,31.41419813,13.37309275,22.39364544
1/13/2006,0.23,0,31.93155085,14.24050978,23.08603031
1/14/2006,0.23,0,32.03781033,14.60154071,23.31967552
1/15/2006,0.23,0,31.22768282,14.60515388,22.91641835
1/16/2006,0.23,0,32.55516304,15.29683309,23.92599806
1/17/2006,0.21,0,32.90058308,14.89496282,23.89777295
1/18/2006,0.21,0,33.82438823,15.44218913,24.63328868
1/19/2006,0.21,0,33.42865083,15.83309279,24.63087181
1/20/2006,0.21,0,33.56064877,15.92509051,24.74286964
1/21/2006,0.21,0,33.84800194,16.02031857,24.93416026
1/22/2006,0.21,0,33.54813058,15.82309256,24.68561157
1/23/2006,0.21,0,31.84064755,15.46805538,23.65435147
1/24/2006,0.21,0,29.57277358,12.30418731,20.93848044
1/25/2006,0.21,0,28.12012698,10.00676911,19.06344804
1/26/2006,0.21,0,27.74458028,8.567544883,18.15606258
1/27/2006,0.21,0,28.14155184,9.877417259,19.00948455
1/28/2006,0.21,0,29.60064778,8.879415783,19.24003178
1/29/2006,0.21,0,30.15413397,9.766387198,19.96026058
1/30/2006,0.21,0,31.27503639,11.49122207,21.38312923
1/31/2006,0.21,0,31.94516451,13.24773621,22.59645036
2/1/2006,0.21,0,32.22703368,13.27405962,22.75054665
2/2/2006,0.21,0,32.92155253,13.82212531,23.37183892
2/3/2006,0.21,0,32.95974334,14.25676911,23.60825622
2/4/2006,0.21,0,32.64955519,14.72218895,23.68587207
2/5/2006,0.19,0,32.71690749,13.62567465,23.17129107
2/6/2006,0.19,0,33.11329575,12.94502695,23.02916135
2/7/2006,0.19,0,32.95323006,12.30399542,22.62861274
2/8/2006,0.19,0,32.73329469,13.87321984,23.30325726
2/9/2006,0.19,0,32.19323174,15.48805497,23.84064336
2/10/2006,0.19,0,32.06161429,15.25328389,23.65744909
2/11/2006,0.19,0,32.1742623,13.91670589,23.04548409
2/12/2006,0.19,0,32.45793671,13.95296472,23.20545071
2/13/2006,0.17,0,32.83497192,14.12735419,23.48116306
2/14/2006,0.17,0,33.87890387,14.71767246,24.29828816
2/15/2006,0.17,0,34.72690581,15.66103112,25.19396847
2/16/2006,0.17,0,35.10529396,16.69464325,25.8999686
2/17/2006,0.17,0,35.25155054,16.64412266,25.9478366
2/18/2006,0.17,0,36.44600354,16.09025425,26.2681289
2/19/2006,0.16,0,36.15323083,16.13651417,26.1448725
2/20/2006,0.16,0,36.87232856,17.32109499,27.09671177
2/21/2006,0.16,0,37.15606847,16.96109438,27.05858143
2/22/2006,0.16,0,37.34045731,18.38464361,27.86255046
2/23/2006,0.16,0,37.34348554,17.85941541,27.60145048
2/24/2006,0.16,0,37.51148684,18.11657782,27.81403233
2/25/2006,0.16,0,37.51335931,18.29947988,27.90641959
2/26/2006,0.16,0,37.32432585,18.38728962,27.85580774
2/27/2006,0.16,0,37.00980842,19.18863989,28.09922416
2/28/2006,0.16,0,36.91909503,19.05483566,27.98696534
3/1/2006,0.16,0,36.65884062,20.26876786,28.46380424
3/2/2006,0.16,0,36.33780956,22.02192379,29.17986668
3/3/2006,0.14,5.309044704,35.17658846,21.29721592,28.23690219
3/4/2006,0.14,14.28960959,34.57600461,19.85141362,27.21370912
3/5/2006,0.14,0.06087458165,33.33232765,20.51315616,26.9227419
3/6/2006,0.14,0,34.35774799,19.36811911,26.86293355
3/7/2006,0.14,0,34.93348535,19.60398435,27.26873485
3/8/2006,0.14,0,34.26923635,18.92030876,26.59477256
3/9/2006,0.16,15.04222142,34.3465901,20.33727904,27.34193457
3/10/2006,0.16,3.088516765,30.87864986,17.99114783,24.43489885
3/11/2006,0.16,1.417819442,27.77716287,15.73883119,21.75799703
3/12/2006,0.16,0,29.70457937,16.08954291,22.89706114
3/13/2006,0.16,0,30.944453,17.01960707,23.98203003
3/14/2006,0.16,0,32.47438975,19.13154044,25.8029651
3/15/2006,0.16,0,33.37497283,19.24147712,26.30822498
3/16/2006,0.16,0,32.77335763,19.64696039,26.21015901
3/17/2006,0.16,0,32.52800225,19.07496226,25.80148225
3/18/2006,0.16,0,33.50445437,19.60767272,26.55606355
3/19/2006,0.16,0,34.28155314,19.72025523,27.00090418
3/20/2006,0.16,0,35.01148684,20.47012736,27.7408071
3/21/2006,0.16,0,35.83684405,20.95019083,28.39351744
3/22/2006,0.16,0,36.30936167,20.66909676,28.48922922
3/23/2006,0.16,0,36.37052193,18.69825633,27.53438913
3/24/2006,0.14,0,36.96323186,18.33825746,27.65074466
3/25/2006,0.14,0,37.79329606,20.16218853,28.97774229
3/26/2006,0.14,0,37.61142328,21.68754477,29.64948403
3/27/2006,0.14,0,37.79258282,21.69928752,29.74593517
3/28/2006,0.14,0,36.76890707,21.51922501,29.14406604
3/29/2006,0.13,0,37.15232734,21.39947853,29.27590293
3/30/2006,0.13,0,37.42955432,21.13044706,29.28000069
3/31/2006,0.13,0,37.51032761,21.43031842,29.47032301
4/1/2006,0.12,0,37.35704592,22.44161518,29.89933055
4/2/2006,0.12,0.34094952,37.81052056,23.35309238,30.58180647
4/3/2006,0.12,0,37.80948954,22.93412349,30.37180652
4/4/2006,0.12,0,38.37426306,22.44212511,30.40819408
4/5/2006,0.12,0,39.24264561,21.64109468,30.44187015
4/6/2006,0.12,0,39.74329301,21.87445331,30.80887316
4/7/2006,0.12,0.000003758998783,40.28510055,22.94567443,31.61538749
4/8/2006,0.12,0,40.43516411,23.53380402,31.98448406
4/9/2006,0.12,0,40.71058446,23.6830923,32.19683838
4/10/2006,0.12,0,40.22136152,24.57780007,32.3995808
4/11/2006,0.11,0,39.64394193,24.55876687,32.1013544
4/12/2006,0.11,1.844966172,39.67413443,24.91708889,32.29561166
4/13/2006,0.11,0.02810790632,39.18129511,24.84998921,32.01564216
4/14/2006,0.11,0.02857378322,39.57419798,24.76483475,32.16951636
4/15/2006,0.11,0.03876247777,39.17129678,24.03928767,31.60529223
4/16/2006,0.11,0.01040458411,37.84568695,25.29296487,31.56932591
4/17/2006,0.11,2.21855307,36.04181871,21.30432557,28.67307214
4/18/2006,0.11,1.602383631,34.7145925,21.40141303,28.05800276
4/19/2006,0.11,0,36.22949118,21.40038167,28.81493643
4/20/2006,0.11,0,36.73497345,21.87554669,29.30526007
4/21/2006,0.11,0,37.47148626,23.54522865,30.50835746
4/22/2006,0.11,0,38.28948909,23.83529177,31.06239043
4/23/2006,0.11,0,38.97503715,23.85690688,31.41597202
4/24/2006,0.11,0,39.28220054,24.15012766,31.7161641
4/25/2006,0.11,0,39.4476823,25.52328426,32.48548328
4/26/2006,0.11,0,40.03161517,24.79399605,32.41280561
4/27/2006,0.11,0,40.43251983,24.92586595,32.67919289
4/28/2006,0.11,0,40.66155073,23.51464468,32.08809771
4/29/2006,0.11,0,41.45806458,25.47689638,33.46748048
4/30/2006,0.11,0,41.28987304,26.42967102,33.85977203
5/1/2006,0.11,0,41.73831945,26.16754431,33.95293188
5/2/2006,0.11,0,40.54936301,26.08632296,33.31784298
5/3/2006,0.11,0.07752085482,40.38200877,25.06529305,32.72365091
5/4/2006,0.11,0.2041250022,39.75381467,23.45871372,31.6062642
5/5/2006,0.11,0,40.12375123,25.43709861,32.78042492
5/6/2006,0.11,0.1159691906,40.88039238,24.65800141,32.7691969
5/7/2006,0.11,0.6473726572,41.30226302,25.47922427,33.39074365
5/8/2006,0.11,0,41.76490985,26.60212513,34.18351749
5/9/2006,0.11,0,41.72432391,25.32606872,33.52519631
5/10/2006,0.1,0.009472830307,41.88413351,26.58361318,34.23387335
5/11/2006,0.1,0,42.00464427,25.60670547,33.80567487
5/12/2006,0.1,0,42.35741871,25.74721495,34.05231683
5/13/2006,0.1,0,42.46103044,25.94341065,34.20222054
5/14/2006,0.1,0,42.08832139,26.71418638,34.40125388
5/15/2006,0.1,0,42.64380289,25.82612149,34.23496219
5/16/2006,0.1,0,42.72483574,26.614963,34.66989937
5/17/2006,0.1,0,41.35729084,26.22193399,33.78961241
5/18/2006,0.1,0,40.73077481,25.61271038,33.1717426
5/19/2006,0.1,10.0511455,39.4222623,24.00044599,31.71135414
5/20/2006,0.13,0,38.16626085,24.38019114,31.273226
5/21/2006,0.13,0,38.0637425,25.3270248,31.69538365
5/22/2006,0.13,0,38.52012833,25.68876793,32.10444813
5/23/2006,0.11,0,38.15348657,25.47819291,31.81583974
5/24/2006,0.11,0.005904217122,37.3988423,23.9546433,30.6767428
5/25/2006,0.12,0.2824110686,36.46232871,23.91716226,30.18974549
5/26/2006,0.13,9.065926806,34.80898118,23.74309177,29.27603648
5/27/2006,0.13,2.817641472,33.34207369,22.11212518,27.72709944
5/28/2006,0.13,0,35.33561162,23.20631263,29.27096212
5/29/2006,0.13,10.49227555,35.53871381,23.21399613,29.37635497
5/30/2006,0.13,0.02376231904,36.13174186,23.94315647,30.03744916
5/31/2006,0.13,0,35.08174262,23.81199808,29.44687035
6/1/2006,0,0,34.7891598,23.07554746,28.93235363
6/2/2006,0,0.1039148118,34.42767415,23.54231747,28.98499581
6/3/2006,0,0.2822418543,33.6541228,22.69199724,28.17306002
6/4/2006,0,0.9093717601,34.2702562,22.59567405,28.43296513
6/5/2006,0,0.02889284266,32.36394315,23.14489975,27.75442145
6/6/2006,0,0,33.73903269,22.7638675,28.25145009
6/7/2006,0,0.4159510026,35.69735302,23.26109535,29.47922418
6/8/2006,0,0,36.35928737,24.25425123,30.3067693
6/9/2006,0,0,37.53561238,24.77070062,31.1531565
6/10/2006,0,2.057528337,36.34322945,24.70528127,30.52425536
6/11/2006,0,0.04117300559,35.93722648,24.36515324,30.15118986
6/12/2006,0,0.800126883,36.81567354,24.4261217,30.62089762
6/13/2006,0,0,37.31206028,24.50863976,30.91035002
6/14/2006,0,0.244377295,36.78800057,25.55876687,31.17338372
6/15/2006,0,0.2725253598,38.07670669,25.86431387,31.97051028
6/16/2006,0,0,37.00186866,24.91109514,30.9564819
6/17/2006,0,0.002105172196,37.25586588,24.72309304,30.98947946
6/18/2006,0,3.778050765,36.35251835,23.22657826,29.7895483
6/19/2006,0,0.002706649966,37.6476719,24.48883111,31.0682515
6/20/2006,0,13.88099186,35.83478168,23.24218845,29.53848506
6/21/2006,0,0,34.48800133,23.8505103,29.16925582
6/22/2006,0,24.97986058,33.90749149,22.19825633,28.05287391
6/23/2006,0.03,6.544252302,33.47833195,23.61515324,28.5467426
6/24/2006,0,3.678712451,32.48703582,24.13050926,28.30877254
6/25/2006,0.11,0.0240973432,32.1597441,23.31212595,27.73593503
6/26/2006,0.11,7.226675157,33.35954345,22.94825633,28.15389989
6/27/2006,0.11,0,33.62515504,23.55586685,28.59051094
6/28/2006,0.11,9.588369807,32.44012684,23.77683359,28.10848021
6/29/2006,0.19,25.04591474,30.2456209,23.21838466,26.73200278
6/30/2006,2.66,2.539482527,29.4949735,22.52884146,26.01190748
7/1/2006,2.71,0.4692680826,30.84090347,22.66819345,26.75454846
7/2/2006,2.98,0.2912439157,31.07980794,23.28283677,27.18132236
7/3/2006,1.99,13.31060144,29.37362336,23.95025477,26.66193907
7/4/2006,2.16,10.49741706,28.46084963,22.57896874,25.51990918
7/5/2006,3.45,13.21041179,28.75967094,21.58657887,25.17312491
7/6/2006,5.3,0,30.38805545,22.29857657,26.34331601
7/7/2006,3.5,0,32.31960821,22.78754515,27.55357668
7/8/2006,1.56,0,33.54328455,23.25166915,28.39747685
7/9/2006,1.61,0,32.95090391,22.38561086,27.66825738
7/10/2006,1.21,0,32.24580171,23.38683229,27.816317
7/11/2006,1.11,0,31.95993706,23.58244452,27.77119079
7/12/2006,1.08,0,31.53670577,22.66928874,27.10299726
7/13/2006,0.79,0,32.88818159,23.28418781,28.0861847
7/14/2006,0.44,3.937625782,31.12735332,23.30773568,27.2175445
7/15/2006,0.15,0,31.87477142,23.8794798,27.87712561
7/16/2006,0.56,0,33.059416,23.58418704,28.32180152
7/17/2006,0.49,1.260502693,33.14716354,23.43599405,28.2915788
7/18/2006,0.29,0.801354263,31.74290152,22.07361295,26.90825724
7/19/2006,0.15,8.938997919,33.21101927,22.65592943,27.93347435
7/20/2006,0.12,0.8534370012,32.67212638,23.01225285,27.84218962
7/21/2006,0.42,0.0120486716,31.53890562,23.1876087,27.36325716
7/22/2006,0.42,1.410959824,30.62283692,22.80754544,26.71519118
7/23/2006,0.35,3.48370649,30.42399539,22.36424993,26.39412266
7/24/2006,0.35,0.8655360335,31.40832126,22.14296525,26.77564326
7/25/2006,0.29,0.003608866622,31.48993584,22.38206171,26.93599877
7/26/2006,5.08,42.99516341,30.86478236,22.71038304,26.7875827
7/27/2006,23.56,25.70837989,29.26917051,21.66825738,25.46871395
7/28/2006,11.36,5.505452255,27.88142374,21.23264555,24.55703465
7/29/2006,6.06,6.699950946,26.9526466,21.51838407,24.23551534
7/30/2006,21.47,13.55096602,28.24805607,21.91470823,25.08138215
7/31/2006,9.84,0.2009076021,29.61374001,22.1510308,25.88238541
8/1/2006,6.27,0.1777498397,29.87386811,21.77851217,25.82619014
8/2/2006,13.03,2.681223973,29.00419829,22.07851141,25.54135485
8/3/2006,4.4,0,26.76181803,22.03838436,24.40010119
8/4/2006,14.55,27.10897125,25.48858653,21.40541934,23.44700293
8/5/2006,1743.12,121.6966997,24.50761957,20.97174201,22.73968079
8/6/2006,896.33,95.54784933,25.22786363,21.01838407,23.12312385
8/7/2006,124.84,6.905947202,27.2917962,21.9741866,24.6329914
8/8/2006,79.65,0.2316791677,29.4646341,21.82941472,25.64702441
8/9/2006,49.95,1.737920072,29.65689668,22.14302919,25.89996293
8/10/2006,29.62,0,29.9550912,22.1003185,26.02770485
8/11/2006,26.06,0.8176591786,30.79696018,22.43670539,26.61683278
8/12/2006,24.54,0.9935601495,30.81367666,22.23838512,26.52603089
8/13/2006,24.79,0,29.28948909,22.3573546,25.82342184
8/14/2006,22.48,1.015247464,30.07716211,22.18735452,26.13225832
8/15/2006,18.8,0.06997335516,30.52993658,22.14832103,26.33912881
8/16/2006,14.94,1.643033268,30.71283707,23.89418668,27.30351188
8/17/2006,10.78,0.9826017456,29.61993673,22.29728946,25.9586131
8/18/2006,9.5,0.2114482688,30.20199747,22.43302819,26.31751283
8/19/2006,13.56,0,31.67212482,22.35496294,27.01354388
8/20/2006,10.83,0,32.16084096,22.49206232,27.32645164
8/21/2006,9.32,0,32.17935291,23.093412,27.63638245
8/22/2006,8.63,0,31.79355007,22.74521825,27.26938416
8/23/2006,8.51,0,31.07302949,22.64883096,26.86093022
8/24/2006,8.05,9.16397856,30.96380432,22.59612177,26.77996305
8/25/2006,7.53,0,32.0340582,21.78063692,26.90734756
8/26/2006,7.47,1.087469207,32.04083856,22.5979284,27.31938348
8/27/2006,5.69,0,31.9836128,22.61521718,27.29941499
8/28/2006,6.51,8.096165944,31.29625984,21.88857672,26.59241828
8/29/2006,6.83,1.340525457,30.47064845,21.77231701,26.12148273
8/30/2006,6.78,2.469242524,28.8674282,21.73741787,25.30242303
8/31/2006,6.07,0,28.86606773,21.73025546,25.29816159
9/1/2006,5.97,0,31.1665788,22.04502741,26.6058031
9/2/2006,5.88,0,32.36838602,21.74586565,27.05712583
9/3/2006,3.54,0.1889114374,32.37077455,22.50412318,27.43744887
9/4/2006,3.19,0.02299486057,32.52148897,23.20889453,27.86519175
9/5/2006,6.3,0.2576458005,32.55942717,23.11573844,27.83758281
9/6/2006,3.7,0.224331132,32.32638857,22.31212595,27.31925726
9/7/2006,3.52,0.8559256956,33.02761059,23.28134999,28.15448029
9/8/2006,5.59,16.71655433,33.97857687,22.97393242,28.47625465
9/9/2006,6.62,1.85250798,33.45987121,22.80412259,28.1319969
9/10/2006,4.34,0,33.94206134,23.66141326,28.8017373
9/11/2006,3.87,0.02375972192,33.32329484,23.41502635,28.36916059
9/12/2006,3.81,0.05839448399,33.5827116,23.86231716,28.72251438
9/13/2006,3.35,3.28696268,32.23541943,23.23586542,27.73564243
9/14/2006,12.72,6.405984138,31.99019175,22.70038281,27.34528728
9/15/2006,8.62,28.93340973,30.63251886,22.54844852,26.59048369
9/16/2006,24.61,21.85003584,29.66690808,21.91928874,25.79309841
9/17/2006,29.41,26.89526863,28.96948939,22.35470703,25.66209821
9/18/2006,23.92,2.320941507,27.38671559,21.84283797,24.61477678
9/19/2006,21.63,1.32618123,27.67400656,22.0019345,24.83797053
9/20/2006,23.08,20.70241532,28.7506474,21.43748083,25.09406412
9/21/2006,23.57,2.408244977,29.22948962,21.93290032,25.58119497
9/22/2006,27.18,14.60215532,30.17909699,22.50586588,26.34248143
9/23/2006,24.69,7.865224614,29.9855473,22.18838415,26.08696573
9/24/2006,31.04,6.784620917,30.85522812,22.53844847,26.69683829
9/25/2006,130.4,30.13286615,30.72638645,22.34025433,26.53332039
9/26/2006,112.14,9.177028718,29.95787451,22.19573837,26.07680644
9/27/2006,38.88,0.8195802969,31.40464407,21.8466413,26.62564268
9/28/2006,36.47,1.574352982,31.61283669,21.88296502,26.74790086
9/29/2006,25.86,0.2683806554,32.19470892,22.10760878,27.15115885
9/30/2006,21.89,0.01152877393,30.31213538,22.77625956,26.54419747
10/1/2006,35.58,21.6053265,27.32452744,19.7998731,23.56220027
10/2/2006,41.05,2.629509772,26.46348621,21.14832103,23.80590362
10/3/2006,33.27,3.457584101,28.27735468,21.32741802,24.80238635
10/4/2006,23.96,0.9869650552,31.26212497,22.62844845,26.94528671
10/5/2006,21.59,0.02175691053,31.88348611,22.60554797,27.24451704
10/6/2006,52.75,4.916535987,32.43529198,22.91025576,27.67277387
10/7/2006,25.11,1.524393632,32.29645182,22.71857664,27.50751423
10/8/2006,26.29,0,32.14657834,22.00006394,27.07332114
10/9/2006,21.88,1.909074537,32.90102907,21.79645008,27.34873958
10/10/2006,14.78,0,33.40193256,21.19657775,27.29925515
10/11/2006,10.46,0,33.35264622,20.52038251,26.93651436
10/12/2006,13.75,0,34.00374113,20.76353821,27.38363967
10/13/2006,13.19,0,33.57729171,21.21799144,27.39764158
10/14/2006,10.29,0.003571722903,33.21071233,21.61844839,27.41458036
10/15/2006,9.24,0,33.0334218,20.96341093,26.99841636
10/16/2006,7.64,0,32.33993778,21.06967041,26.7048041
10/17/2006,7.29,0,32.42316544,20.81393258,26.61854901
10/18/2006,6.68,0,33.47077649,20.18393151,26.827354
10/19/2006,6.26,0,33.54974349,19.42025426,26.48499888
10/20/2006,5.57,0,33.41793927,20.63664222,27.02729074
10/21/2006,4.99,0,33.39432589,20.68225292,27.03828941
10/22/2006,4.77,0.0303977472,32.71154997,20.18780068,26.44967533
10/23/2006,5.53,0,32.81077664,19.95218944,26.38148304
10/24/2006,5.83,0,32.73897032,19.8358658,26.28741806
10/25/2006,3.93,0,31.88135963,19.44057456,25.6609671
10/26/2006,5.28,0,31.63671541,18.31838504,24.97755023
10/27/2006,3.86,0,31.73413407,19.01844801,25.37629104
10/28/2006,3.62,0,30.298586,20.08870362,25.19364481
10/29/2006,2.32,0.01987741442,29.61354976,20.57218838,25.09286907
10/30/2006,3.65,0,30.01522814,20.38857672,25.20190243
10/31/2006,3.52,0,29.82129623,20.61883044,25.22006334
11/1/2006,3,0,29.43085085,20.37735332,24.90410209
11/2/2006,2.61,0,28.89303862,20.78819429,24.84061645
11/3/2006,1.04,0,28.24432437,20.10722673,24.17577555
11/4/2006,0.71,0,29.40690785,20.2525819,24.82974488
11/5/2006,0.56,0,29.96619598,21.07599344,25.52109471
11/6/2006,1.04,0,29.80045656,21.43979739,25.62012698
11/7/2006,0.91,0.008075199606,29.940584,19.7936762,24.8671301
11/8/2006,1.4,0,30.03516449,17.9274184,23.98129145
11/9/2006,1.13,0,29.608002,17.45199747,23.52999973
11/10/2006,1.1,0,30.09619531,18.0112856,24.05374045
11/11/2006,1.09,0,29.79510078,16.82361295,23.30935687
11/12/2006,0.73,0,30.2361325,16.75212475,23.49412862
11/13/2006,0.36,0,30.39419785,16.26676934,23.33048359
11/14/2006,0.07,0,29.96961726,16.32290145,23.14625935
11/15/2006,0.08,0,30.96045641,16.44909745,23.70477693
11/16/2006,0.01,0,30.8951651,16.99405902,23.94461206
11/17/2006,0,0,30.95155148,16.85038243,23.90096696
11/18/2006,0,0,30.44484622,16.48044562,23.46264592
11/19/2006,0,0,30.64510116,16.66122128,23.65316122
11/20/2006,0,0,30.68438884,16.27922351,23.48180617
11/21/2006,0,0,30.69968091,16.80870293,23.75419192
11/22/2006,0,0,31.29264675,16.67077535,23.98171105
11/23/2006,0,0,30.67432467,18.09142456,24.38287462
11/24/2006,0,0,29.8441345,19.92071141,24.88242296
11/25/2006,0,0,29.77658884,19.61819421,24.69739152
11/26/2006,0,0,30.85657759,19.86006455,25.35832107
11/27/2006,0,0,32.06813104,18.8301919,25.44916147
11/28/2006,0,0,32.08968204,18.65367681,25.37167943
11/29/2006,0,0,32.38167948,19.26941526,25.82554737
11/30/2006,0,0,31.44871366,18.60916123,25.02893745
12/1/2006,0,0,31.88071223,17.82187026,24.85129125
12/2/2006,0,0,31.55697141,16.91122128,24.23409634
12/3/2006,0,0,31.68535609,17.31857529,24.50196569
12/4/2006,0,0,31.29606803,18.81947843,25.05777323
12/5/2006,0,0,31.39374052,17.54347496,24.46860774
12/6/2006,0,0,30.77871359,17.24676896,24.01274127
12/7/2006,0,0,30.81993576,16.00006394,23.40999985
12/8/2006,0,0,30.62697127,15.81580228,23.22138677
12/9/2006,0,0,30.8036125,15.13935199,22.97148224
12/10/2006,0,0,29.55948954,14.4968329,22.02816122
12/11/2006,0,0,30.42264591,15.06683346,22.74473969
12/12/2006,0,0,31.21258289,17.12431409,24.16844849
12/13/2006,0,0,31.28903349,17.5959939,24.4425137
12/14/2006,0,0,30.74071111,16.31302926,23.52687018
12/15/2006,0,0,30.52155117,14.13057406,22.32606262
12/16/2006,0,0,30.66955409,13.04290093,21.85622751
12/17/2006,0,0,29.85413473,12.85374056,21.35393765
12/18/2006,0,0,30.0623913,11.49012773,20.77625951
12/19/2006,0,0,29.82574887,12.58922393,21.2074864
12/20/2006,0,0,29.19574954,11.93031842,20.56303398
12/21/2006,0,0,28.30690747,12.9775456,20.64222653
12/22/2006,0,0,28.60516418,14.06489896,21.33503157
12/23/2006,0,0,28.9779389,14.55031917,21.76412904
12/24/2006,0,0,28.46258289,14.17670525,21.31964407
12/25/2006,0,0,29.02264629,13.62748128,21.32506379
12/26/2006,0,0,29.6225188,14.44941548,22.03596714
12/27/2006,0,0,29.9639322,14.8602547,22.41209345
12/28/2006,0,0,30.888906,15.14399557,23.01645079
12/29/2006,0,0,30.90419808,14.57399587,22.73909698
12/30/2006,0,0,30.52703483,14.9350268,22.73103081
12/31/2006,0,0,30.01245426,14.66941574,22.340935
1/1/2007,0,0,29.90716203,14.4968329,22.20199747
1/2/2007,0,0,29.18167889,13.1158664,21.14877265
1/3/2007,0,0,28.9141342,12.48708859,20.70061139
1/4/2007,0,0,29.15426201,11.55464368,20.35445285
1/5/2007,0,0,29.00768368,12.44664168,20.72716268
1/6/2007,0,0,28.68658869,13.24819337,20.96739103
1/7/2007,0,0,28.67600499,14.60283733,21.63942116
1/8/2007,0,0,28.77058392,13.94760893,21.35909643
1/9/2007,0,0,29.14180602,13.69147693,21.41664147
1/10/2007,0,0,29.16342113,13.81309233,21.48825673
1/11/2007,0.11,0,29.36335778,13.2856745,21.32451614
1/12/2007,0.11,0,30.16903283,14.12580261,22.14741772
1/13/2007,0.11,0,30.66348506,14.37315582,22.51832044
1/14/2007,0.08,0,30.60167897,14.45689687,22.52928792
1/15/2007,0.08,0,30.72419777,14.83050993,22.77735385
1/16/2007,0.08,0.000002050362973,31.67251804,14.85315631,23.26283718
1/17/2007,0.08,0,31.25155071,13.90315642,22.57735357
1/18/2007,0.08,0,30.42251804,14.08244452,22.25248128
1/19/2007,0.05,0,30.37697127,13.17489862,21.77593494
1/20/2007,0.05,0,32.52167922,14.04115824,23.28141873
1/21/2007,0.05,0,32.58535588,14.23748181,23.41141884
1/22/2007,0.05,0,32.75251987,14.6950901,23.72380499
1/23/2007,0.03,0,32.72968143,14.8958022,23.81274181
1/24/2007,0.03,0,31.89226318,16.15592943,24.0240963
1/25/2007,0.03,0,31.41226363,16.45489922,23.93358143
1/26/2007,0.05,0,31.31697181,15.17193371,23.24445276
1/27/2007,0.05,0,32.11258251,15.94954344,24.03106297
1/28/2007,0,0,32.22071065,16.95844854,24.5895796
1/29/2007,0.08,0,31.48606857,18.17838392,24.83222624
1/30/2007,0.08,0,31.07619486,19.49193427,25.28406456
1/31/2007,0.11,0,32.4470349,16.20613182,24.32658336
2/1/2007,0.11,0,32.90613084,15.69180621,24.29896853
2/2/2007,0.11,0,33.27354787,16.36386788,24.81870788
2/3/2007,0.11,0,33.00342302,17.56128657,25.28235479
2/4/2007,0.15,0,32.43619547,17.51225285,24.97422416
2/5/2007,0.15,0,32.99187034,16.93509074,24.96348054
2/6/2007,0.15,0,33.13457984,17.61424993,25.37441489
2/7/2007,0.15,0,33.06819306,17.32740677,25.19779992
2/8/2007,0.15,0,32.79877798,16.8954737,24.84712584
2/9/2007,0.15,0,32.84419844,18.45005353,25.64712598
2/10/2007,0.15,0,32.48522919,19.3288952,25.90706219
2/11/2007,0.15,0,31.68961675,17.39250792,24.54106233
2/12/2007,0.15,0,31.26709871,18.35799083,24.81254477
2/13/2007,0.15,0,29.49219962,18.34366618,23.9179329
2/14/2007,0.11,0,29.05522888,14.67160443,21.86341665
2/15/2007,0.15,0,30.163549,14.46315597,22.31335249
2/16/2007,0.15,0,30.61722696,15.99238035,23.30480365
2/17/2007,0.19,0,31.02787421,15.23418675,23.13103048
2/18/2007,0.19,0,31.79258282,16.09851187,23.94554734
2/19/2007,0.24,0,31.70245479,17.91128521,24.80687
2/20/2007,0.24,0,32.06419619,16.80897001,24.4365831
2/21/2007,0.19,0,32.12974498,16.28819429,24.20896963
2/22/2007,0.19,0,33.23071279,15.97728968,24.60400123
2/23/2007,0.19,0,33.26077741,15.18187,24.22132371
2/24/2007,0.15,0,32.71684512,17.31779984,25.01732248
2/25/2007,0.15,0,33.51258404,17.0239956,25.26828982
2/26/2007,0.11,0,33.71438762,17.11605656,25.41522209
2/27/2007,0.11,0,34.86083825,16.30328321,25.58206073
2/28/2007,0.11,0,35.15419634,19.63843751,27.39631692
3/1/2007,0.11,0,34.97613054,18.40334753,26.68973903
3/2/2007,0.11,0,32.95987121,17.74799213,25.35393167
3/3/2007,0.08,0,32.74302957,16.31154075,24.52728516
3/4/2007,0.08,0.00002921767236,34.2752301,17.95406001,26.11464506
3/5/2007,0.08,0.000007415479418,35.09342317,19.553667,27.32354508
3/6/2007,0.05,0,34.8124554,19.72941608,27.27093574
3/7/2007,0.03,0,35.35800374,20.23624921,27.79712647
3/8/2007,0.01,0.000001947844824,35.32781124,19.95057462,27.63919293
3/9/2007,0,0,35.08974441,19.22385732,27.15680086
3/10/2007,0,0,34.82251957,19.51257096,27.16754526
3/11/2007,0,0,35.59793957,20.36986163,27.9839006
3/12/2007,0,0,34.93310174,22.01637603,28.47473888
3/13/2007,0.01,0,34.89045655,21.64734261,28.26889958
3/14/2007,0.03,0.00001599283119,34.73993584,20.54708805,27.64351194
3/15/2007,0.03,0.000002767990013,35.10090196,19.95689783,27.52889989
3/16/2007,0.03,0,35.11535466,19.82844921,27.47190193
3/17/2007,0.03,0,35.95167918,18.65554738,27.30361328
3/18/2007,0.03,0,37.1880021,19.0909674,28.13948475
3/19/2007,0.03,0.00001404498636,38.07800149,20.50683313,29.29241731
3/20/2007,0.03,0.00006595334229,38.40993747,21.44019061,29.92506404
3/21/2007,0.03,0.00002580040074,38.56909655,22.81187003,30.69048329
3/22/2007,0.01,0.00005747850867,37.34980857,23.16489847,30.25735352
3/23/2007,0.01,0.00001274642315,37.68186896,22.73612133,30.20899515
3/24/2007,0.01,0,38.05703551,23.91263625,30.98483588
3/25/2007,0,0,38.40625872,22.4153462,30.41080246
3/26/2007,0,0,38.41426051,21.79483543,30.10454797
3/27/2007,0,0,38.91438838,21.59187072,30.25312955
3/28/2007,0,0.00002139212035,39.31709968,21.93193481,30.62451724
3/29/2007,0,0.000006868715958,39.36052014,21.348384,30.35445207
3/30/2007,0,0.000002460435567,39.0077457,22.64773583,30.82774077
3/31/2007,0,0,38.73890448,23.21754546,30.97822497
4/1/2007,0,0,39.01516594,22.9665141,30.99084002
4/2/2007,0,0,39.98535706,24.27290047,32.12912877
4/3/2007,0,0,39.43619547,23.50296569,31.46958058
4/4/2007,0,0,39.29071034,22.7348999,31.01280512
4/5/2007,0,0,39.92219993,22.4747718,31.19848586
4/6/2007,0,0,40.30871427,23.15851133,31.7336128
4/7/2007,0,0,40.44865129,24.17664123,32.31264626
4/8/2007,0,0,39.11335778,25.01025441,32.0618061
4/9/2007,0,0.1678602681,38.29697135,24.79676994,31.54687064
4/10/2007,0,0,38.91697028,24.04638615,31.48167821
4/11/2007,0,0,39.17329331,24.17277396,31.67303364
4/12/2007,0,0,39.03606954,23.74838535,31.39222744
4/13/2007,0,0.03935899389,39.03993507,23.75038205,31.39515856
4/14/2007,0,0,38.55606653,23.04903372,30.80255012
4/15/2007,0,0,38.64064679,23.52489891,31.08277285
4/16/2007,0,0.01956734241,37.53865144,22.3036125,29.92113197
4/17/2007,0,0,37.73322884,23.76187079,30.74754982
4/18/2007,0,0.01257867631,37.47251728,23.5076084,30.49006284
4/19/2007,0,2.309050191,36.92058354,22.74386877,29.83222616
4/20/2007,0,0,35.87762023,22.85857603,29.36809813
4/21/2007,0,0,36.90000153,21.89522904,29.39761528
4/22/2007,0,0,38.64812905,22.76767256,30.70790081
4/23/2007,0,0,39.02645136,22.88935199,30.95790168
4/24/2007,0,0,39.48258144,22.55334715,31.0179643
4/25/2007,0,0,39.7361947,22.89548322,31.31583896
4/26/2007,0,0,40.40419634,24.23838512,32.32129073
4/27/2007,0,0,40.95464504,26.63851278,33.79657891
4/28/2007,0,0,41.38161398,26.06554723,33.72358061
4/29/2007,0,0,41.69361189,26.16832149,33.93096669
4/30/2007,0,0,41.12161532,26.87218952,33.99690242
5/1/2007,0,0.000001947844824,39.47381555,26.3976719,32.93574372
5/2/2007,0,0.00001845326675,41.73774525,26.69586624,34.21680574
5/3/2007,0,0,41.48058491,26.50548365,33.99303428
5/4/2007,0,0.09697037115,40.996654,26.32031955,33.65848677
5/5/2007,0,0,40.13026451,24.92755571,32.52891011
5/6/2007,0,0,41.6018051,27.34218883,34.47199697
5/7/2007,0,0,39.27316739,26.88999939,33.08158339
5/8/2007,0,0,40.48884245,25.97386849,33.23135547
5/9/2007,0,0,40.73199642,26.09238064,33.41218853
5/10/2007,0,0,41.03296464,27.16767235,34.1003185
5/11/2007,0,0,41.25541989,27.32321956,34.28931973
5/12/2007,0,0,41.83096735,26.55683237,34.19389986
5/13/2007,0,0,41.4647092,25.91908559,33.6918974
5/14/2007,0,0,40.53019249,26.23521802,33.38270526
5/15/2007,0,0,39.99109507,25.81792789,32.90451148
5/16/2007,0,0,39.92051,25.68385814,32.80218407
5/17/2007,0,0,40.06657668,26.37689617,33.22173642
5/18/2007,0,0,40.51102968,27.43418742,33.97260855
5/19/2007,0,0,40.31916205,27.07986262,33.69951233
5/20/2007,0,0.00001288311401,39.92928706,27.30418653,33.6167368
5/21/2007,0,0,39.50206237,26.35515475,32.92860856
5/22/2007,0,0,39.11966965,26.84528083,32.98247524
5/23/2007,0,0,39.67038213,27.27418758,33.47228485
5/24/2007,0,0.01040458411,38.72993751,26.47147666,32.60070709
5/25/2007,0,0.00002139212035,40.09935107,26.60715163,33.35325135
5/26/2007,0,0.000007005406823,40.38922412,26.90624928,33.6477367
5/27/2007,0,0.000002289571986,39.60193298,26.89664227,33.24928762
5/28/2007,0,0,39.12851255,27.36051053,33.24451154
5/29/2007,0,0,36.33439036,24.74464422,30.53951729
5/30/2007,0,0.00450494613,37.94128573,26.04489937,31.99309255
5/31/2007,0,0.4986977617,39.63819276,26.5005101,33.06935143
6/1/2007,0,0.000001127699635,39.77264473,25.85580215,32.81422344
6/2/2007,0,4.157840075,39.81354879,25.47425054,32.64389967
6/3/2007,0,0.3771207307,38.10386782,24.6433473,31.37360756
6/4/2007,0,9.962329154,39.23399642,24.76696123,32.00047882
6/5/2007,0,13.53188524,38.15206043,25.19573837,31.6738994
6/6/2007,0,4.24550475,38.70457954,25.48715252,32.09586603
6/7/2007,0,1.502021412,33.82413248,24.47038327,29.14725788
6/8/2007,0,10.00837726,35.64432589,22.77638743,29.21035666
6/9/2007,0,4.829475801,35.22858804,24.94935163,30.08896983
6/10/2007,0,0,36.02651374,25.30754544,30.66702959
6/11/2007,0,0.6759131364,36.29542046,25.45489922,30.87515984
6/12/2007,0,0.5179787129,36.8662578,25.95748112,31.41186946
6/13/2007,0,1.346032012,36.05594213,24.08800172,30.07197192
6/14/2007,0,23.33662777,34.28032806,23.74606862,29.01319834
6/15/2007,0,19.03737671,33.31916975,23.08367712,28.20142343
6/16/2007,0,0,34.51483665,24.64935222,29.58209444
6/17/2007,0,0.08122944785,35.49554563,24.69315647,30.09435105
6/18/2007,0,0.00001503599513,34.8837422,24.41922463,29.65148342
6/19/2007,0,0.000005877707188,33.22987167,23.94941556,28.58964362
6/20/2007,0,18.10119779,33.87264668,23.96044698,28.91654683
6/21/2007,0,8.96486483,33.79199745,23.39231611,28.59215678
6/22/2007,0.16,23.79913943,32.82909834,24.07044585,28.4497721
6/23/2007,0,9.676208035,29.07375199,22.99212625,26.03293912
6/24/2007,0.02,3.926662422,29.56347525,22.82309169,26.19328347
6/25/2007,0,0.2252410043,29.70451717,22.4963228,26.10041998
6/26/2007,0,5.957420438,29.72129602,22.69199724,26.20664663
6/27/2007,0,7.925300355,30.62090398,23.17838392,26.89964395
6/28/2007,0,22.62795228,28.93136078,22.11800223,25.5246815
6/29/2007,0,4.903452664,28.90052088,22.68393151,25.7922262
6/30/2007,0,0.715955619,27.43465419,22.97386849,25.20426134
7/1/2007,0,0,28.67096733,22.84006409,25.75551571
7/2/2007,0,0,30.06515401,23.28212526,26.67363963
7/3/2007,0,0.04117300559,31.756961,23.08470831,27.42083465
7/4/2007,0,0,31.95941406,23.34296411,27.65118908
7/5/2007,0,0.05602408704,31.03638766,22.84361324,26.94000045
7/6/2007,0,2.186320376,31.17825761,23.34645106,27.26235433
7/7/2007,0,0,28.40994708,23.2170993,25.81352319
7/8/2007,0,2.165044361,28.79922397,23.07283751,25.93603074
7/9/2007,0,0,30.62450607,22.80567487,26.71509047
7/10/2007,0,0.004503476703,31.76212497,22.72638645,27.24425571
7/11/2007,0,0.6457282507,31.8390329,22.96361234,27.40132262
7/12/2007,0,3.78674344,31.6761313,23.06090278,27.36851704
7/13/2007,0,0.1719807426,31.37167943,23.70947973,27.54057958
7/14/2007,0,0,31.27716287,23.44102999,27.35909643
7/15/2007,0,0.9345220216,30.9609024,23.02006439,26.9904834
7/16/2007,0,0.6263767857,30.63541905,22.75445247,26.69493576
7/17/2007,0,5.321332136,31.89697156,23.055547,27.47625928
7/18/2007,0,3.89455217,32.96006493,22.90386879,27.93196686
7/19/2007,0,0.9317128683,33.42090166,23.6268338,28.52386773
7/20/2007,0,0,32.93529198,23.54225353,28.23877276
7/21/2007,0,0.8536616301,33.2101928,23.78941572,28.49980426
7/22/2007,0,8.858441143,32.02354787,23.22457982,27.62406385
7/23/2007,0,6.62937849,32.73722606,22.51000023,27.62361315
7/24/2007,0,10.29144421,32.83155237,23.13541905,27.98348571
7/25/2007,0,6.83053758,32.98632258,22.62825664,27.80728961
7/26/2007,0,8.68205147,32.18896761,23.96290101,28.07593431
7/27/2007,0,5.559280436,31.86877767,23.38683229,27.62780498
7/28/2007,0,0.1024378123,31.16187041,22.18386757,26.67286899
7/29/2007,0,0,30.25277388,22.33561162,26.29419275
7/30/2007,0,11.93211763,31.11464315,22.38909607,26.75186961
7/31/2007,0.01,9.966805956,31.88277304,22.37915995,27.1309665
8/1/2007,0.01,6.884208825,31.30464368,22.53000069,26.91732219
8/2/2007,0.02,11.14397285,30.60161503,22.70477135,26.65319319
8/3/2007,0.4,0.03137709035,29.91239168,22.09199859,26.00219513
8/4/2007,0.35,7.108542945,29.51180686,22.29174344,25.90177515
8/5/2007,0.29,0.5485439093,29.77838413,21.29219903,25.53529158
8/6/2007,0.25,1.375762872,28.1869068,22.30096649,25.24393665
8/7/2007,0.16,1.724144602,27.65587666,22.08890486,24.87239076
8/8/2007,0.13,0.539706749,29.43593012,22.5163872,25.97615866
8/9/2007,0.07,0.169771658,30.8794798,22.21657803,26.54802892
8/10/2007,0.05,0,31.64470777,22.60038243,27.1225451
8/11/2007,0.02,0.2889979028,30.58761949,22.12309266,26.35535608
8/12/2007,0.01,1.497068036,28.53936295,22.13451574,25.33693934
8/13/2007,0,0.6467029637,28.9640695,22.07361295,25.51884123
8/14/2007,0,0,30.52367748,22.0246449,26.27416119
8/15/2007,0,1.909074537,31.03483521,22.1275453,26.58119025
8/16/2007,0,0,31.10470703,22.63605702,26.87038202
8/17/2007,0,0.002174092202,31.72438958,22.74689683,27.23564321
8/18/2007,0,0,30.65503729,22.86657782,26.76080755
8/19/2007,0,2.2158873,30.96529267,21.71012713,26.3377099
8/20/2007,0,4.768834728,30.7177467,21.87199754,26.29487212
8/21/2007,0,0.3615211734,31.90155207,22.37760924,27.13958065
8/22/2007,0,0,32.03083989,22.38670615,27.20877302
8/23/2007,0,0,32.65354894,22.65038167,27.65196531
8/24/2007,0,3.571310077,31.06445193,22.90393273,26.98419233
8/25/2007,0,14.74854739,31.21548291,22.29542063,26.75545177
8/26/2007,0,4.034764447,31.53903349,22.78477127,27.16190238
8/27/2007,5.64,35.85355421,30.87167943,22.72489968,26.79828955
8/28/2007,18.12,26.6198862,30.31535525,23.00729028,26.66132277
8/29/2007,2.5,30.00872087,29.61155133,22.48657849,26.04906491
8/30/2007,1.94,7.470376625,30.22890616,22.20296472,26.21593544
8/31/2007,16.91,14.29316102,29.36690711,22.23928844,25.80309777
9/1/2007,10.71,13.36923289,29.70974508,22.37851255,26.04412882
9/2/2007,16,48.77481292,29.57871456,22.11199731,25.84535593
9/3/2007,16,2.754910548,29.72651433,22.62218952,26.17435192
9/4/2007,9.72,0.4348119089,30.91006378,22.55832088,26.73419233
9/5/2007,8.2,6.940112308,30.06348642,23.35748091,26.71048366
9/6/2007,18.14,18.11300085,28.77491008,21.96987318,25.37239163
9/7/2007,9.92,0.01936223105,29.39167988,21.97393242,25.68280615
9/8/2007,5.02,2.36017089,30.36748114,22.35863997,26.36306055
9/9/2007,5.24,0.1962894673,30.93464475,22.47760962,26.70612719
9/10/2007,3.5,0.2031292665,30.75812966,22.33541964,26.54677465
9/11/2007,2.94,1.483207712,31.52651374,22.68128567,27.1038997
9/12/2007,2.33,0.4330720136,32.76115755,23.08321979,27.92218867
9/13/2007,2.03,10.31284183,32.21554685,22.33302798,27.27428742
9/14/2007,1.95,2.632993142,31.24896881,22.40857544,26.82877213
9/15/2007,3.65,0.7590512749,30.7336128,22.01296418,26.37328849
9/16/2007,3.46,1.482211759,30.84058535,22.14922435,26.49490485
9/17/2007,5.1,16.07436123,29.15606864,22.68464475,25.9203567
9/18/2007,17.52,43.31623895,29.59645106,22.74432437,26.17038771
9/19/2007,29.19,23.51335584,30.28019076,22.44206117,26.36112597
9/20/2007,26.62,17.47583922,29.32548352,22.09928731,25.71238542
9/21/2007,55.98,8.324186965,28.9198722,22.09580192,25.50783706
9/22/2007,85.05,6.279516083,29.80302903,22.14386856,25.9734488
9/23/2007,90.61,9.706636931,30.50554776,22.69399567,26.59977172
9/24/2007,24.96,0,30.95928775,22.7039959,26.83164183
9/25/2007,21.25,0,30.59548381,22.96212557,26.77880469
9/26/2007,23.17,1.865640883,30.75670508,22.18322017,26.46996263
9/27/2007,20.71,0,30.30374037,21.63580284,25.9697716
9/28/2007,18.64,0,30.76987241,22.73283736,26.75135489
9/29/2007,18.35,7.982093283,30.75109512,22.41832149,26.58470831
9/30/2007,19.05,2.497533027,29.20684315,22.5447715,25.87580733
10/1/2007,20.16,0.7031814162,30.46606811,22.09689722,26.28148266
10/2/2007,12.53,0,31.53703506,21.55057327,26.54380416
10/3/2007,10.66,0,32.23606683,20.8883208,26.56219382
10/4/2007,9.22,0,32.60625948,20.48670653,26.54648301
10/5/2007,9.31,0,30.72001065,21.68464475,26.2023277
10/6/2007,8.52,0,31.29362361,21.5966413,26.44513246
10/7/2007,6.39,0,31.14181719,20.92819368,26.03500543
10/8/2007,6.83,0,32.76981021,20.49832141,26.63406581
10/9/2007,5.92,0,33.37554669,20.91709832,27.14632251
10/10/2007,5.75,0,33.28645003,20.33052119,26.80848561
10/11/2007,4.08,0,33.35161486,20.27025464,26.81093475
10/12/2007,4.06,0,33.60871351,19.42380514,26.51625933
10/13/2007,3.97,0,33.20619592,18.70096628,25.9535811
10/14/2007,3.11,0,32.9652911,17.69986155,25.33257633
10/15/2007,3.92,0,32.66722637,17.53708782,25.1021571
10/16/2007,2.63,0,32.83806565,16.85767272,24.84786918
10/17/2007,1.66,0,32.93174109,18.68580207,25.80877158
10/18/2007,1.14,0,32.188715,19.308639,25.748677
10/19/2007,1.11,0,32.00581294,19.72160453,25.86370873
10/20/2007,0.84,0,31.52549354,19.30721615,25.41635485
10/21/2007,0.67,0,32.50084111,18.11012675,25.30548393
10/22/2007,0.6,0,31.78322982,18.44238102,25.11280542
10/23/2007,0.53,0,31.15968173,18.713347,24.93651436
10/24/2007,0.53,0,31.14800292,18.5650899,24.85654641
10/25/2007,0.29,0,31.22697165,18.11580238,24.67138702
10/26/2007,0.2,0,31.38871402,17.09206079,24.24038741
10/27/2007,0.13,0,31.76522797,16.63180579,24.19851688
10/28/2007,0.05,0,31.6369715,17.21425031,24.42561091
10/29/2007,0.02,0,31.04329415,17.04237967,24.04283691
10/30/2007,0.01,0,30.06310263,18.56670646,24.31490454
10/31/2007,0,0,28.9425185,21.14315532,25.04283691
11/1/2007,0,8.697069752,30.1034856,21.63903214,25.87125887
11/2/2007,0,0,30.60529223,21.45096628,26.02812925
11/3/2007,0,0,31.49251774,20.41438838,25.95345306
11/4/2007,0,0,31.99510137,21.03754515,26.51632326
11/5/2007,0,0,32.30245327,20.89302919,26.59774123
11/6/2007,0,0,31.78522843,20.69354969,26.23938906
11/7/2007,0,0,32.40761936,19.35684468,25.88223202
11/8/2007,0,0,32.4014242,17.54026609,24.97084514
11/9/2007,0,0,32.09316743,17.02077573,24.55697158
11/10/2007,0,0,32.13155161,17.04155146,24.58655153
11/11/2007,0,0,32.12968295,16.69825633,24.41396964
11/12/2007,0,0,31.93974462,16.85199708,24.39587085
11/13/2007,0,0,31.55142364,16.7607755,24.15609957
11/14/2007,0,0,31.47239114,15.20529252,23.33884183
11/15/2007,0,0,30.82690793,14.6228377,22.72487281
11/16/2007,0,0,30.72426171,13.07825732,21.90125951
11/17/2007,0,0,29.92148859,12.35683342,21.13916101
11/18/2007,0,0,29.92896912,13.3097342,21.61935166
11/19/2007,0,0,29.92264591,13.96328393,21.94296492
11/20/2007,0,0,29.9892245,14.93193394,22.46057922
11/21/2007,0,0,30.12632387,12.97212579,21.54922483
11/22/2007,0,0,29.56987182,10.33696092,19.95341637
11/23/2007,0,0,29.70077603,10.10593011,19.90335307
11/24/2007,0,0,29.52619562,10.40851229,19.96735395
11/25/2007,0,0,29.62980909,11.30935207,20.46958058
11/26/2007,0,0,30.05174367,11.47496274,20.7633532
11/27/2007,0,0,30.5637406,13.33477137,21.94925599
11/28/2007,0,0,30.80793883,13.74264569,22.27529226
11/29/2007,0,0,30.86342189,13.68542002,22.27442096
11/30/2007,0,0,29.94716295,14.06903331,22.00809813
12/1/2007,0,0,28.68709861,13.71071233,21.19890547
12/2/2007,0,0,28.92019206,14.34664217,21.63341711
12/3/2007,0,0,29.17367727,15.80418731,22.48893229
12/4/2007,0,0,29.42180671,15.54270982,22.48225826
12/5/2007,0,0,27.9160687,15.52935147,21.72271008
12/6/2007,0,0,27.66445231,13.98632266,20.82538749
12/7/2007,0,0,27.86386788,12.47212579,20.16799684
12/8/2007,0,0,27.96516479,12.83218947,20.39867713
12/9/2007,0,0,28.96793868,13.52212512,21.2450319
12/10/2007,0,0,29.61354976,14.81393171,22.21374074
12/11/2007,0,0,30.48277342,15.34573885,22.91425614
12/12/2007,0,0,30.56464391,16.49038191,23.52751291
12/13/2007,0,0,30.03083989,16.0710949,23.0509674
12/14/2007,0,0,29.61187118,16.13050926,22.87119022
12/15/2007,0,0,28.8636137,15.87109423,22.36735396
12/16/2007,0,0,29.71980924,15.67374034,22.69677479
12/17/2007,0,0,29.48058474,15.76109457,22.62083966
12/18/2007,0,0,29.05167973,14.16645084,21.60906528
12/19/2007,0,0,28.5561322,15.1896703,21.87290125
12/20/2007,0,0,29.91612164,16.93290032,23.42451098
12/21/2007,0,0,31.76645113,18.13993545,24.95319329
12/22/2007,0,0,32.58439036,17.26825776,24.92632406
12/23/2007,0,0,32.96516289,13.71012713,23.33764501
12/24/2007,0,0,33.14716354,13.20928775,23.17822564
12/25/2007,0,0,33.1617441,13.51754556,23.33964483
12/26/2007,0,0,33.6298732,14.63664213,24.13325766
12/27/2007,0,0,33.11542016,15.7912862,24.45335318
12/28/2007,0,0,33.02632349,16.44883036,24.73757693
12/29/2007,0,0,33.01187079,15.8296067,24.42073875
12/30/2007,0,0,32.53251865,16.75580177,24.64416021
12/31/2007,0,0,32.35812814,17.37567474,24.86690144
1/1/2008,0,0,31.76432482,17.16380491,24.46406487
1/2/2008,0,0,31.15374075,17.58238058,24.36806067
1/3/2008,0,0,29.86832035,16.23270949,23.05051492
1/4/2008,0,0,30.91638682,13.63394257,22.27516469
1/5/2008,0,0,30.4918064,13.50780038,21.99980339
1/6/2008,0,0,30.64361265,13.77154079,22.20757672
1/7/2008,0,0,30.46006319,14.1938678,22.3269655
1/8/2008,0,0,29.80167973,13.9003186,21.85099917
1/9/2008,0,0,30.56470785,13.76315616,22.163932
1/10/2008,0,0,32.02916131,14.01315616,23.02115873
1/11/2008,0,0,32.41193435,14.54496252,23.47844844
1/12/2008,0,0,32.37909758,15.0839961,23.73154684
1/13/2008,0,0,32.51729068,15.71328393,24.11528731
1/14/2008,0,0,32.6337422,15.10754485,23.87064352
1/15/2008,0,0,32.05335675,14.63645024,23.3449035
1/16/2008,0,0,32.29800271,15.05767261,23.67783766
1/17/2008,0,0,32.17819368,13.53025478,22.85422423
1/18/2008,0,0,31.89258303,13.63134942,22.76196622
1/19/2008,0,0,31.79716316,14.51057417,23.15386866
1/20/2008,0,0,31.96264683,14.95992572,23.46128627
1/21/2008,0,0,31.73438807,14.70689687,23.22064247
1/22/2008,0,0,32.1181923,15.38786356,23.75302793
1/23/2008,0,0,30.8900635,16.5117956,23.70092955
1/24/2008,0,0,29.50232772,15.12173219,22.31202996
1/25/2008,0,0,29.53839553,15.84954314,22.69396933
1/26/2008,0,0,27.93871343,14.19185985,21.06528664
1/27/2008,0,0,27.84812982,11.11947958,19.4838047
1/28/2008,0,0,29.11058407,10.72715229,19.91886818
1/29/2008,0,0,30.26045738,12.6259297,21.44319354
1/30/2008,0,0,30.65916047,14.09044623,22.37480335
1/31/2008,0,0,29.62561063,14.78070172,22.20315618
2/1/2008,0,0,28.71245485,11.99122207,20.35183846
2/2/2008,0,0,30.552455,11.6085121,21.08048355
2/3/2008,0,0,31.33606878,14.48412368,22.91009623
2/4/2008,0,0,29.43605799,16.2898617,22.86295985
2/5/2008,0,0,29.58851164,16.26914991,22.92883077
2/6/2008,0,0,28.50096725,16.64715237,22.57405981
2/7/2008,0,0,29.71070116,16.4508288,23.08076498
2/8/2008,0,0,27.66438838,16.44624838,22.05531838
2/9/2008,0,0,28.99445224,15.42147734,22.20796479
2/10/2008,0,0,29.96987318,15.17321994,22.57154656
2/11/2008,0,0,31.61148739,17.71857664,24.66503202
2/12/2008,0,0,30.8441345,19.11773688,24.98093569
2/13/2008,0,0.04099716723,30.40123222,17.7973534,24.09929281
2/14/2008,0,0,32.04516472,17.23625864,24.64071168
2/15/2008,0,0,32.24413412,17.15148813,24.69781113
2/16/2008,0,0,32.74625887,17.55348636,25.14987261
2/17/2008,0,0,33.90509949,17.64348634,25.77429291
2/18/2008,0,0,34.35071172,18.45109415,26.40090293
2/19/2008,0,0,33.90606847,18.12418622,26.01512735
2/20/2008,0,0,33.92522781,17.72696049,25.82609415
2/21/2008,0,0,33.99968188,17.73592936,25.86780562
2/22/2008,0,0,33.72697165,17.81754566,25.77225866
2/23/2008,0,0,34.33697226,18.8838044,26.61038833
2/24/2008,0,0,34.63323037,19.58863968,27.11093503
2/25/2008,0,0,34.66968005,18.93044629,26.80006317
2/26/2008,0,0,34.28071202,17.61676963,25.94874083
2/27/2008,0,0,33.83968204,16.81470785,25.32719494
2/28/2008,0,0,33.78684481,15.61825728,24.70255104
2/29/2008,0,0,34.22387792,15.17825683,24.70106738
3/1/2008,0,0,35.55613203,16.3384477,25.94728986
3/2/2008,0,0,35.68903311,17.11038266,26.39970789
3/3/2008,0,0,35.66258175,18.17664123,26.91961149
3/4/2008,0,0,35.95245479,17.73231627,26.84238553
3/5/2008,0,0,36.45716144,18.13825687,27.29770915
3/6/2008,0,0,36.68896761,17.92496264,27.30696513
3/7/2008,0,0,36.60806611,18.31393258,27.46099934
3/8/2008,0,0,36.46716323,18.38212564,27.42464444
3/9/2008,0,0,36.43613309,19.45580253,27.94596781
3/10/2008,0,0,35.79516472,18.52554805,27.16035638
3/11/2008,0,0,35.57355058,19.42134938,27.49744998
3/12/2008,0,0,35.54613023,20.07342271,27.80977647
3/13/2008,0,0,35.43503624,21.16928874,28.30216249
3/14/2008,0,0,34.12800072,22.28425001,28.20612536
3/15/2008,0,0,35.51439032,21.49464422,28.50451727
3/16/2008,0,0.05819966793,35.76787571,22.9165788,29.34222725
3/17/2008,0,0.002174707311,37.1697459,22.27264629,29.7211961
3/18/2008,0,0,37.10148699,23.07290145,30.08719422
3/19/2008,0,0,37.08884092,23.31960647,30.2042237
3/20/2008,0,0.3673972465,36.65542107,23.48134902,30.06838504
3/21/2008,0,0.7410771845,35.23155043,23.26851194,29.25003119
3/22/2008,0,1.673579715,33.69619379,22.2001269,27.94816034
3/23/2008,0,10.62917352,29.80189231,21.41123245,25.60656238
3/24/2008,0,8.549614046,30.54755655,20.20367605,25.3756163
3/25/2008,0,0.09084599557,32.28426291,20.80638638,26.54532464
3/26/2008,0,0,33.87619409,21.92412326,27.90015868
3/27/2008,0,2.21525056,34.90884062,21.72844883,28.31864472
3/28/2008,0,2.722789147,34.91264759,20.62851255,27.77058007
3/29/2008,0,0,35.85671663,22.04896979,28.95284321
3/30/2008,0,0.01040458411,36.16864904,22.94535632,29.55700268
3/31/2008,0,0.04674298234,33.59503608,21.24896881,27.42200245
4/1/2008,0,0,34.78432528,20.8996064,27.84196584
4/2/2008,0,0,35.5051638,20.67134938,28.08825659
4/3/2008,0,0,35.67529366,21.26889399,28.47209383
4/4/2008,0,0,34.94709728,20.53780089,27.74244908
4/5/2008,0,0,34.93342332,20.51889399,27.72615866
4/6/2008,0,0,35.06058293,22.16489847,28.6127407
4/7/2008,0,0.1000082413,33.97426154,19.99399508,26.98412831
4/8/2008,0,0.223598766,34.74793763,20.9103819,27.82915976
4/9/2008,0,0,35.55052224,21.90863938,28.72958081
4/10/2008,0,0,37.08419665,22.01180686,29.54800175
4/11/2008,0,0,37.51884123,21.46374022,29.49129072
4/12/2008,0,0,38.53497268,22.6400635,30.58751809
4/13/2008,0,0,38.87232856,23.31302926,31.09267891
4/14/2008,0,0,39.26606908,24.46916011,31.86761459
4/15/2008,0,0,38.99484737,24.02006439,31.50745588
4/16/2008,0,0,39.3667808,24.85361347,32.11019713
4/17/2008,0,0,39.83516563,25.0112856,32.42322561
4/18/2008,0,0,40.65432421,24.8048996,32.72961191
4/19/2008,0,0,40.80903239,24.86038266,32.83470752
4/20/2008,0,0,41.00270977,23.86535639,32.43403308
4/21/2008,0,0,41.33348688,24.02825799,32.68087243
4/22/2008,0,0,41.79993721,24.41645092,33.10819407
4/23/2008,0,0,42.04354833,23.57432603,32.80893718
4/24/2008,0,0,40.17549507,24.80445361,32.48997434
4/25/2008,0,0,39.67213755,24.80399628,32.23806692
4/26/2008,0,0,39.89497329,25.42031819,32.65764574
4/27/2008,0,0,40.54239257,25.04193368,32.79216313
4/28/2008,0,0,41.30884214,25.32741802,33.31813008
4/29/2008,0,0,41.9216149,23.93806603,32.92984047
4/30/2008,0,0,41.84645106,25.87851255,33.86248181
5/1/2008,0,0,42.31548329,26.3378003,34.3266418
5/2/2008,0,0,40.93806413,25.93122174,33.43464293
5/3/2008,0,0,40.21819459,23.92328388,32.07073924
5/4/2008,0,0,40.69006447,25.3617959,33.02593018
5/5/2008,0,0,40.74006371,25.89559992,33.31783181
5/6/2008,0,0,40.60676784,25.61631247,33.11154016
5/7/2008,0,0,40.17935291,25.08805448,32.63370369
5/8/2008,0,0,40.51367742,25.89605725,33.20486734
5/9/2008,0,0,40.90741795,25.85960722,33.38351258
5/10/2008,0,0,40.52728901,25.69044652,33.10886776
5/11/2008,0,0,40.45271054,26.03509112,33.24390083
5/12/2008,0,0,40.59812982,25.50708904,33.05260943
5/13/2008,0,0,40.69619379,25.66967079,33.18293229
5/14/2008,0,0,40.75361326,26.12908641,33.44134984
5/15/2008,0,0,41.09000015,26.41154113,33.75077064
5/16/2008,0,0,41.57477219,26.53708782,34.05593
5/17/2008,0,0,40.88735512,26.24895938,33.56815725
5/18/2008,0,0,40.52645136,25.97528173,33.25086654
5/19/2008,0,0,40.63470772,26.105345,33.37002636
5/20/2008,0,0,39.67832155,26.10876801,32.89354478
5/21/2008,0,1.222077843,39.53922564,25.82405894,32.68164229
5/22/2008,0,0.3874414539,38.68438884,25.09109527,31.88774206
5/23/2008,0,0,39.88747986,25.39509,32.64128493
5/24/2008,0,1.112364337,39.97361414,26.25225262,33.11293338
5/25/2008,0,0,40.65090467,25.68283812,33.1668714
5/26/2008,0,0,41.27619562,27.11632364,34.19625963
5/27/2008,0,0,42.11264488,27.13592897,34.62428693
5/28/2008,0,0,41.36825814,27.81521794,34.59173804
5/29/2008,0,0,41.05825677,27.08425115,34.07125396
5/30/2008,0,0,40.1481949,26.98405879,33.56612684
5/31/2008,0,0.01863507601,38.97180785,27.01780061,32.99480423
6/1/2008,0,0.469203286,40.03303048,26.27612034,33.15457541
6/2/2008,0,0.06055800348,37.70323006,25.61483513,31.6590326
6/3/2008,0,0.3338776633,38.94819413,26.90122278,32.92470846
6/4/2008,0,3.777540763,37.30690764,24.74380484,31.02535624
6/5/2008,0,0.78512963,37.84309388,25.46864058,31.65586723
6/6/2008,0,1.703086894,36.26458057,24.8029651,30.53377283
6/7/2008,0,4.796143927,35.76193317,23.41451625,29.58822471
6/8/2008,0,4.814753683,35.16289986,23.93857596,29.55073791
6/9/2008,0,0,35.24025395,24.5296714,29.88496268
6/10/2008,0,0,34.49697211,24.0510306,29.27400135
6/11/2008,0,0.009938707208,33.48148806,23.97174201,28.72661503
6/12/2008,0,5.316481178,31.93806586,23.20000076,27.56903331
6/13/2008,0,1.397870715,32.40167994,22.97361257,27.68764626
6/14/2008,0,0,32.37116933,22.97651433,27.67384183
6/15/2008,0,0.5720792695,32.45974334,23.24844929,27.85409631
6/16/2008,0,0.009938707208,34.388906,23.94915965,29.16903283
6/17/2008,0,0,33.81058293,24.90863938,29.35961115
6/18/2008,0,0,34.521551,24.4210952,29.4713231
6/19/2008,0,0,34.96896986,24.71573883,29.84235434
6/20/2008,0,0,35.35258419,24.76044622,30.0565152
6/21/2008,0,0.0557133345,35.23283753,25.23050964,30.23167358
6/22/2008,0,0,33.86438914,25.09851187,29.4814505
6/23/2008,0,0.9173113842,35.42955432,24.75832164,30.09393798
6/24/2008,0,7.915280945,33.30356129,23.91109514,28.60732822
6/25/2008,0,5.186977549,31.49782092,22.56638661,27.03210377
6/26/2008,0,4.921676087,32.30774876,22.87728939,27.59251907
6/27/2008,0,19.40865868,31.79974523,22.97909623,27.38942073
6/28/2008,0,10.55471955,30.65904377,23.17277396,26.91590886
6/29/2008,0,3.554204907,32.94239063,23.02000046,27.98119554
6/30/2008,0,0.2873848647,33.68522995,23.50916085,28.5971954
7/1/2008,0,0.5121389932,32.2330276,23.42838392,27.83070576
7/2/2008,0,6.728964811,32.70722694,23.24922473,27.97822583
7/3/2008,0,1.80484514,32.66407026,23.30838482,27.98622754
7/4/2008,0,0,33.15961589,23.65812928,28.40887259
7/5/2008,0,1.64394174,33.44600354,23.25832164,28.35216259
7/6/2008,0,1.625626762,33.1787132,23.69651364,28.43761342
7/7/2008,0,0,31.87781048,23.73645062,27.80713055
7/8/2008,0,0.2639922392,30.81646171,23.41651486,27.11648829
7/9/2008,0,0.6120629478,30.9394265,23.25922479,27.09932564
7/10/2008,0,6.203462257,31.57684399,22.99922473,27.28803436
7/11/2008,0,0.09428384173,32.73548493,22.69915965,27.71732229
7/12/2008,0,0,34.40264546,23.45773703,28.93019124
7/13/2008,0,0,34.6307105,23.66870354,29.14970702
7/14/2008,0,0.0303977472,35.31619653,24.01405948,29.66512801
7/15/2008,0,0,35.29645182,25.07941472,30.18793327
7/16/2008,0,0,35.07632273,25.00477232,30.04054752
7/17/2008,0,3.656314749,35.63806489,24.7145796,30.17632224
7/18/2008,0,0.3116492215,33.68013935,24.87367613,29.27690774
7/19/2008,0,6.296781182,33.60600339,24.77819406,29.19209872
7/20/2008,0,7.671307965,32.6186498,22.76993652,27.69429316
7/21/2008,0,0.4097445467,33.40419634,23.81187003,28.60803319
7/22/2008,0,12.53270034,32.87503833,23.16270979,28.01887406
7/23/2008,0,1.927786501,33.67768184,23.50277388,28.59022786
7/24/2008,3.77,29.05829241,29.58232765,21.44993665,25.51613215
7/25/2008,1.83,3.714543101,31.0043246,22.49012781,26.74722621
7/26/2008,1.58,4.237453759,27.80432557,21.42283789,24.61358173
7/27/2008,0,3.327904536,27.86980886,21.00445247,24.43713066
7/28/2008,0,15.71225152,27.00613123,21.75651501,24.38132312
7/29/2008,0,1.275618615,27.67600499,21.90199823,24.78900161
7/30/2008,0,2.739523153,30.15993591,22.13922412,26.14958002
7/31/2008,0,0.1583414382,30.70562189,22.35103157,26.52832673
8/1/2008,0,0.3976852558,30.56787495,22.63374029,26.60080762
8/2/2008,0,5.245184733,31.81083885,22.36644978,27.08864431
8/3/2008,0,0,28.63304013,22.52645136,25.57974574
8/4/2008,0,34.41693199,26.4381939,21.46438935,23.95129163
8/5/2008,0,13.02166563,26.08896897,21.17367727,23.63132312
8/6/2008,0,36.39463974,28.12432526,21.76844801,24.94638664
8/7/2008,0,0.6642886455,27.69155125,21.95754523,24.82454824
8/8/2008,0,2.470184892,28.11161526,21.76651524,24.93906525
8/9/2008,2.64,15.02296503,26.03167927,21.57548352,23.8035814
8/10/2008,94.79,50.8593939,26.76909714,21.29464345,24.0318703
8/11/2008,43.26,14.13561796,28.85367758,21.55541913,25.20454835
8/12/2008,18.99,0,30.74619493,22.30457975,26.52538734
8/13/2008,15.61,0.05420820468,31.5738687,22.38645024,26.98015947
8/14/2008,10.55,0.593380537,30.46355014,22.6856742,26.57461217
8/15/2008,9.75,0.35073702,29.2916795,22.43296426,25.86232188
8/16/2008,8.18,0,30.37077611,22.19657775,26.28367693
8/17/2008,8,0.03132654616,30.15458013,22.16832149,26.16145081
8/18/2008,5.42,0.05017060487,30.11955294,22.30935207,26.21445251
8/19/2008,3.44,0.1667781214,30.92787382,22.55567487,26.74177435
8/20/2008,3.11,0.08355883235,30.83323096,22.74657872,26.78990484
8/21/2008,2.41,0,30.90232751,22.81754566,26.85993659
8/22/2008,2.54,0,31.60342166,22.45302865,27.02822516
8/23/2008,1.93,0.01816919911,32.61813027,22.17103126,27.39458077
8/24/2008,2.04,0,33.1481949,22.71489945,27.93154717
8/25/2008,1.82,0,31.89161578,23.53941572,27.71551575
8/26/2008,1.25,8.083055325,29.99161442,22.43573814,26.21367628
8/27/2008,1.07,6.964205684,32.86535466,22.52767279,27.69651373
8/28/2008,0.89,1.011266586,32.3699369,23.3219983,27.8459676
8/29/2008,2.18,8.766943052,32.88594014,22.93277419,27.90935716
8/30/2008,1.41,1.796003055,32.02310362,22.96812875,27.49561619
8/31/2008,2.17,0.04956793383,31.81071254,22.26031834,27.03551544
9/1/2008,1.86,1.514814736,31.40529147,22.77561042,27.09045094
9/2/2008,1.38,6.144983805,32.25806729,22.753869,27.50596815
9/3/2008,1.37,0.6127438828,32.66877691,23.58863968,28.1287083
9/4/2008,1.79,0.04117300559,31.67367727,22.54935184,27.11151455
9/5/2008,1.77,12.69698707,32.33903464,22.40928851,27.37416157
9/6/2008,1.37,9.401685996,30.68916115,21.77645136,26.23280626
9/7/2008,5,14.92338369,31.20000076,22.67844786,26.93922431
9/8/2008,15.92,9.563161375,29.56031932,22.22928821,25.89480376
9/9/2008,22.22,17.32912731,29.51729051,22.32399501,25.92064276
9/10/2008,20.48,22.56590484,29.694453,21.80470762,25.74958031
9/11/2008,18.95,0.6250900608,29.96180571,22.44019061,26.20099816
9/12/2008,73.18,44.69105922,27.58529177,22.15187018,24.86858098
9/13/2008,68.08,54.1663676,28.89554715,21.5492879,25.22241753
9/14/2008,28,0.06253900785,30.07458021,21.29225353,25.68341687
9/15/2008,25.41,0.8597084509,30.1465144,21.39561109,25.77106274
9/16/2008,18.22,0.5932308976,29.40096687,21.51399554,25.4574812
9/17/2008,18.25,0.9993741355,29.37516464,21.39838497,25.3867748
9/18/2008,16.67,1.303587389,30.57277358,21.61580238,26.09428798
9/19/2008,15.67,0,30.19122196,21.75109512,25.97115854
9/20/2008,15.42,0,29.38025508,22.1918711,25.78606309
9/21/2008,15,20.61223645,29.77787421,21.81134894,25.79461157
9/22/2008,29.01,10.31838157,30.80825694,21.70657798,26.25741746
9/23/2008,20.25,0.4823507372,30.81380453,21.63754536,26.22567495
9/24/2008,17.87,0.333678605,31.82342271,21.86025462,26.84183866
9/25/2008,11.24,0,30.98670653,21.82309169,26.40489911
9/26/2008,9.69,0,31.6919333,21.39231611,26.54212471
9/27/2008,8.35,0,32.04470756,20.66050994,26.35260875
9/28/2008,8.2,0,31.6198728,20.19670562,25.90828921
9/29/2008,7.63,0,32.32716384,19.59393136,25.9605476
9/30/2008,7.14,0,33.08909701,19.65851133,26.37380417
10/1/2008,7.21,0,33.21619425,20.20876666,26.71248045
10/2/2008,7,0,32.94871366,22.33134923,27.64003144
10/3/2008,6.3,0,32.83961619,23.03793837,27.93877728
10/4/2008,6.39,0,32.93083795,22.01206087,27.47144941
10/5/2008,6.2,0,33.56167979,22.14302919,27.85235449
10/6/2008,6,2.823495431,34.00722652,22.10405963,28.05564307
10/7/2008,5.3,0.3689033986,32.76168055,22.18012818,27.47090436
10/8/2008,4.85,1.282396886,31.13716331,21.45851248,26.29783789
10/9/2008,6,1.497890561,32.21348447,21.62838451,26.92093449
10/10/2008,20.66,14.21212506,32.72993751,21.93664145,27.33328948
10/11/2008,7.25,4.315290237,32.86619577,21.2083205,27.03725814
10/12/2008,6.4,0,33.388906,21.06573921,27.2273226
10/13/2008,6.21,0,33.4098096,19.23283736,26.32132348
10/14/2008,5.91,0,33.82909834,19.04502741,26.43706288
10/15/2008,4.82,0,33.23980796,19.56792789,26.40386793
10/16/2008,4.58,0,33.27438899,20.75670508,27.01554704
10/17/2008,4.73,0,32.32987362,21.74328375,27.03657868
10/18/2008,5.91,0,32.42825605,20.66025576,26.54425591
10/19/2008,5.8,0,32.50781155,19.87838451,26.19309803
10/20/2008,4.82,0,32.55239124,18.55928813,25.55583968
10/21/2008,4.69,0,32.60710059,18.1566425,25.38187155
10/22/2008,2.31,0,32.31793732,18.82122286,25.56958009
10/23/2008,2.14,0,31.7934222,19.54935184,25.67138702
10/24/2008,2.1,0,32.43987076,18.18561027,25.31274051
10/25/2008,1.64,0,31.8143899,15.96412409,23.889257
10/26/2008,0,0,32.21071233,15.4595428,23.83512756
10/27/2008,0,0,32.81148642,16.06012742,24.43580692
10/28/2008,0,0,33.51981021,15.8296067,24.67470846
10/29/2008,0,0,33.29167933,15.7612856,24.52648246
10/30/2008,0,0,33.75825753,15.94141377,24.84983565
10/31/2008,0,0,33.49264561,16.19741704,24.84503132
11/1/2008,0,0,33.94167739,15.87748128,24.90957933
11/2/2008,0,0,33.82613248,16.41122128,25.11867688
11/3/2008,0,0,33.82871438,15.58729029,24.70800234
11/4/2008,0,0,33.73031766,15.58342207,24.65686986
11/5/2008,0,0,33.51793808,15.48006356,24.49900082
11/6/2008,0,0,32.78935352,15.36239149,24.0758725
11/7/2008,0,0,32.42800343,16.00277388,24.21538866
11/8/2008,0,0,31.81232719,16.44019061,24.1262589
11/9/2008,0,0,31.5932953,15.81857607,23.70593568
11/10/2008,0,0,31.7378752,16.88302896,24.31045208
11/11/2008,0,0,31.86071177,17.64806512,24.75438845
11/12/2008,0,0,32.08877889,17.02096771,24.5548733
11/13/2008,0,0,31.29129572,16.49638674,23.89384123
11/14/2008,0,0,30.72316641,16.41535563,23.56926102
11/15/2008,0,0,29.56833228,16.73825725,23.15329476
11/16/2008,0,0,27.88052042,18.89483582,23.38767812
11/17/2008,0,0.6098453515,30.42258198,20.36419716,25.39338957
11/18/2008,0,0,31.62890577,20.63586677,26.13238627
11/19/2008,0,0,32.40703399,20.67935117,26.54319258
11/20/2008,0,0,33.10896925,21.08128529,27.09512727
11/21/2008,0,0,32.24445224,20.87580261,26.56012742
11/22/2008,0,0,31.48438807,20.03399583,25.75919195
11/23/2008,0,0,31.50793768,18.85019045,25.17906407
11/24/2008,0,0,31.67703444,16.84199859,24.25951652
11/25/2008,0,0,30.82329484,14.3547079,22.58900137
11/26/2008,0,0,31.10703475,12.76664225,21.9368385
11/27/2008,0,0,30.33703429,13.73999977,22.03851703
11/28/2008,0,0,26.7083956,16.67122151,21.68980855
11/29/2008,0,0.1558108553,27.19600372,18.64871425,22.92235898
11/30/2008,0,0.3551544442,30.27896933,20.15374075,25.21635504
12/1/2008,0,0,31.42884108,19.47464376,25.45174242
12/2/2008,0,0,31.36877767,19.82632273,25.5975502
12/3/2008,0,0,31.86690694,17.68716272,24.77703483
12/4/2008,0,0,32.65161444,16.37813033,24.51487239
12/5/2008,0,0,31.34148867,15.01916021,23.18032444
12/6/2008,0,0,31.43787405,13.50535578,22.47161492
12/7/2008,0,0,31.64606841,12.77354961,22.20980901
12/8/2008,0,0,31.37980909,13.30573889,22.34277399
12/9/2008,0,0,31.62884184,14.86735396,23.2480979
12/10/2008,0,0,30.89781094,15.44218913,23.17000003
12/11/2008,0,0,32.00865093,16.52825799,24.26845446
12/12/2008,0,0,31.72974553,16.76451663,24.24713108
12/13/2008,0,0,31.41839469,17.32167845,24.37003657
12/14/2008,0,0,31.31529305,16.97657826,24.14593565
12/15/2008,0,0,31.54529259,16.35806611,23.95167935
12/16/2008,0,0,31.1780017,16.37903365,23.77851767
12/17/2008,0,0,30.6868446,16.23909646,23.46297053
12/18/2008,0,0,30.61245464,13.3989693,22.00571197
12/19/2008,0,0,31.32187026,13.32941559,22.32564293
12/20/2008,0,0,30.54438945,14.29361314,22.41900129
12/21/2008,0,0,31.71245485,14.00225262,22.85735373
12/22/2008,0,0,31.44064793,14.35857603,22.89961198
12/23/2008,0,0,31.53619568,15.54819356,23.54219462
12/24/2008,0,0,30.91890478,15.70979784,23.31435131
12/25/2008,0,0,31.16251781,15.33708801,23.24980291
12/26/2008,0,0,31.40955386,12.94309244,22.17632315
12/27/2008,0,0,31.67529192,12.1578,21.91654596
12/28/2008,0,0,31.49541949,12.05509062,21.77525506
12/29/2008,0,0,31.30077642,11.70244441,21.50161041
12/30/2008,0,0,30.93239023,12.48334745,21.70786884
12/31/2008,0,0,31.13258297,12.89128571,22.01193434
1/1/2009,0,0,31.14071263,13.41489926,22.27780594
1/2/2009,0,0,30.43335765,14.40386784,22.41861275
1/3/2009,0,0,29.94858735,15.142125,22.54535618
1/4/2009,0,0,30.61793829,14.52374064,22.57083946
1/5/2009,0,0,30.3478117,14.76354938,22.55568054
1/6/2009,0,0,30.18529215,16.02283827,23.10406521
1/7/2009,0,0,30.3971618,16.15657857,23.27687018
1/8/2009,0,0,30.20980901,16.39302919,23.3014191
1/9/2009,0,0,30.34071149,16.99825731,23.6694844
1/10/2009,0,0,30.71155153,17.00470838,23.85812996
1/11/2009,0,0,31.10438891,17.08199836,24.09319364
1/12/2009,0,0,31.77787403,16.45283684,24.11535544
1/13/2009,0,0,30.90438815,15.93645043,23.42041929
1/14/2009,0,0,30.71541897,15.38405936,23.04973917
1/15/2009,0,0,30.07064883,14.85044637,22.4605476
1/16/2009,0,0,30.88684346,14.5236767,22.70526008
1/17/2009,0,0,31.26419678,15.30096744,23.28258211
1/18/2009,0,0,31.59619531,14.65380477,23.12500004
1/19/2009,0,0,31.61909752,14.26799163,22.94354458
1/20/2009,0,0,32.15793747,15.08773628,23.62283688
1/21/2009,0,0,32.06974395,14.6303191,23.35003152
1/22/2009,0,0,33.08522766,14.64941537,23.86732152
1/23/2009,0,0,33.33522766,13.67218876,23.50370821
1/24/2009,0,0,34.27438899,13.4838047,23.87909684
1/25/2009,0,0,34.75974605,14.96019106,24.85996856
1/26/2009,0,0,34.80980766,15.38876688,25.09928727
1/27/2009,0,0,33.80355012,15.81928836,24.81141924
1/28/2009,0,0,34.68890524,15.154708,24.92180662
1/29/2009,0,0,35.23703582,15.54380416,25.39041999
1/30/2009,0,0,35.03812844,16.41270979,25.72541912
1/31/2009,0,0,35.66084096,16.66754431,26.16419264
2/1/2009,0,0,35.58052102,17.17096733,26.37574417
2/2/2009,0,0,35.24697211,17.54115824,26.39406517
2/3/2009,0,0,35.04993721,17.18477089,26.11735405
2/4/2009,0,0,35.01890707,17.90405887,26.46148297
2/5/2009,0,0,34.78541867,17.98689661,26.38615764
2/6/2009,0,0,34.45186942,17.8062489,26.12905916
2/7/2009,0,0,34.52722663,17.8604466,26.19383662
2/8/2009,0,0,34.48322884,18.03748104,26.26035494
2/9/2009,0,0,34.84051968,17.90380469,26.37216218
2/10/2009,0,0,33.97258312,18.90109491,26.43683902
2/11/2009,0,0,33.11813027,18.31683259,25.71748143
2/12/2009,0,0,33.29651419,16.88082911,25.08867165
2/13/2009,0,0,34.59884306,16.46218959,25.53051632
2/14/2009,0,0,34.97083886,18.08651494,26.5286769
2/15/2009,0,0,34.86064801,18.63302896,26.74683848
2/16/2009,0,0,34.30052224,18.34567405,26.32309814
2/17/2009,0,0,33.56354879,18.24405902,25.9038039
2/18/2009,0,0,34.85239048,18.63186973,26.7421301
2/19/2009,0,0,35.03432528,19.28128605,27.15780567
2/20/2009,0,0,35.27709876,19.25180663,27.2644527
2/21/2009,0,0,35.72174201,18.74122294,27.23148247
2/22/2009,0,0,36.46812875,19.1685755,27.81835212
2/23/2009,0,0,37.16703612,19.78529253,28.47616433
2/24/2009,0,0,37.31542092,20.20947973,28.76245032
2/25/2009,0,0,38.11103162,19.17103126,28.64103144
2/26/2009,0,0,38.64877645,18.97812898,28.81345271
2/27/2009,0,0,38.87968295,18.7752282,28.82745557
2/28/2009,0,0,38.35354971,19.51664138,28.93509554
3/1/2009,0,0,38.37703521,19.48277342,28.92990432
3/2/2009,0,0,38.83980991,18.98935237,28.91458114
3/3/2009,0,0,39.12955508,19.60561034,29.36758271
3/4/2009,0,0,38.9197459,19.6274812,29.27361355
3/5/2009,0,0,39.09367544,20.42974439,29.76170992
3/6/2009,0,0,39.4817438,19.595292,29.5385179
3/7/2009,0,0,38.69458087,20.31090278,29.50274183
3/8/2009,0,0,37.68058533,20.52380379,29.10219456
3/9/2009,0,0,37.14045655,20.79186957,28.96616306
3/10/2009,0,0,34.72026466,20.22645039,27.47335753
3/11/2009,0,0,36.16684241,19.61012675,27.88848458
3/12/2009,0,0,37.09142282,20.59103134,28.84122708
3/13/2009,0,0,36.91600476,20.88903214,28.90251845
3/14/2009,0,0,34.00838541,21.56676866,27.78757703
3/15/2009,0,0,34.01239032,19.29941595,26.65590313
3/16/2009,0,0.0000003758998783,36.14897017,18.48561124,27.3172907
3/17/2009,0,0,36.75348539,18.83741825,27.79545182
3/18/2009,0,0,37.44071187,20.16522776,28.80296981
3/19/2009,0,0,38.39522904,20.99445224,29.69484064
3/20/2009,0,0,38.0997462,22.10012825,30.09993723
3/21/2009,0,0,37.07522934,21.22290124,29.14906529
3/22/2009,0,0,36.86407103,20.0870984,28.47558471
3/23/2009,0,0,36.34407057,20.29728946,28.32068002
3/24/2009,0,0.006215270293,35.04497447,20.84567405,27.94532426
3/25/2009,0,0,36.97709953,20.79573875,28.88641914
3/26/2009,0,0,37.21980751,20.44426102,28.83203426
3/27/2009,0,0,38.11052014,20.59645106,29.3534856
3/28/2009,0,0,38.39052239,21.49684407,29.94368323
3/29/2009,0,0,39.15877859,22.74974408,30.95426134
3/30/2009,0,0,39.64342241,23.37277281,31.50809761
3/31/2009,0,0,39.77787403,23.6099365,31.69390527
4/1/2009,0,0,39.51174292,23.83109522,31.67141907
4/2/2009,0,0,40.07510147,23.55567487,31.81538817
4/3/2009,0,0,40.27606775,22.95748112,31.61677443
4/4/2009,0,0,40.04690898,24.85716279,32.45203588
4/5/2009,0,0,40.62613207,24.45813043,32.54213125
4/6/2009,0,0,39.8824551,24.45825656,32.17035583
4/7/2009,0,0.0000003758998783,38.55535675,23.81103082,31.18319379
4/8/2009,0,0.2726501742,36.49858503,22.50670508,29.50264506
4/9/2009,0,0.4376809342,36.95529244,21.36218929,29.15874086
4/10/2009,0,0,37.93310174,22.42019206,30.1766469
4/11/2009,0,0,38.67245567,22.86393181,30.76819374
4/12/2009,0,0,39.36690867,23.14115862,31.25403365
4/13/2009,0,0,40.41245388,23.52432505,31.96838947
4/14/2009,0,0,41.02058548,22.64632242,31.83345395
4/15/2009,0,0,40.88432376,23.89645047,32.39038711
4/16/2009,0,0,41.08716216,25.01781004,33.0524861
4/17/2009,0,0,41.16897062,25.88987325,33.52942194
4/18/2009,0,0,41.81155192,25.503092,33.65732196
4/19/2009,0,0,41.95407118,25.57567533,33.76487325
4/20/2009,0,0,41.65071095,25.21890593,33.43480844
4/21/2009,0,0,41.14458164,26.27380379,33.70919271
4/22/2009,0,0,41.00909518,26.36966965,33.68938241
4/23/2009,0,0,41.04180755,24.84374128,32.94277441
4/24/2009,0,0,41.02258236,24.41748211,32.72003223
4/25/2009,0,0,40.88090421,26.47258312,33.67674367
4/26/2009,0,0,41.10354971,25.44077581,33.27216276
4/27/2009,0,0,41.63594014,24.78935161,33.21264588
4/28/2009,0,0,42.97703368,25.34993645,34.16348506
4/29/2009,0,0,43.65064893,24.8441345,34.24739171
4/30/2009,0,0,42.54800271,26.06645054,34.30722662
5/1/2009,0,0,43.43741673,26.8023799,35.11989831
5/2/2009,0,0,43.22167963,27.48670653,35.35419308
5/3/2009,0,0,42.5807771,27.07838527,34.82958119
5/4/2009,0,0,42.37535645,26.17277396,34.2740652
5/5/2009,0,0,41.16897062,26.07657864,33.62277463
5/6/2009,0,1.490489906,40.90580156,26.01412341,33.45996249
5/7/2009,0,0,41.06787495,27.47677024,34.27232259
5/8/2009,0,0.4212782785,41.79813058,26.42212482,34.1101277
5/9/2009,0,0,42.37735332,26.28935161,34.33335247
5/10/2009,0,0,42.48264729,26.32832134,34.40548431
5/11/2009,0,0,42.81651465,25.6482571,34.23238587
5/12/2009,0,0,43.11374174,25.96748135,34.54061154
5/13/2009,0,0,43.16903265,27.1407654,35.15489903
5/14/2009,0,0,42.26296418,26.20412395,34.23354406
5/15/2009,0,1.224532974,41.14289941,25.23450668,33.18870305
5/16/2009,0,0,41.92090166,26.48696054,34.2039311
5/17/2009,0,0.003107635146,41.1590967,26.66057388,33.90983529
5/18/2009,0,0,37.58606878,24.26115772,30.92361325
5/19/2009,0,0.7302855518,40.87754357,26.5977366,33.73764008
5/20/2009,0,3.940879792,36.55522888,24.17405932,30.3646441
5/21/2009,0,0.001804433311,40.09825769,25.20947973,32.65386871
5/22/2009,0,15.00691747,39.1527113,25.28838436,32.22054783
5/23/2009,0,0.005313053637,39.36096613,26.3023799,32.83167301
5/24/2009,0,0,39.49180796,25.31664235,32.40422516
5/25/2009,0,0,39.33748028,25.31715244,32.32731636
5/26/2009,0,0,39.50077527,26.08289051,32.79183289
5/27/2009,0,0,40.94922549,26.30250777,33.62586663
5/28/2009,0,0,41.95916144,26.97257195,34.4658667
5/29/2009,0,0.002205418491,41.6592866,27.50360192,34.58144426
5/30/2009,0,0,39.54806474,26.78908643,33.16857558
5/31/2009,0,0,40.00638541,26.46889476,33.23764008
6/1/2009,0,0,38.77193496,26.80708828,32.78951162
6/2/2009,0,2.964324062,39.23012741,25.94870406,32.58941573
6/3/2009,0,0.1036428934,38.40000153,25.34012802,31.87006477
6/4/2009,0,0,38.84735454,26.59502665,32.7211906
6/5/2009,0,0.0000004100725945,38.15619634,25.48535532,31.82077583
6/6/2009,0,1.1263835,38.02625765,24.56979828,31.29802796
6/7/2009,0,1.230264437,33.88645197,24.46076509,29.17360853
6/8/2009,,0.1622859459,37.55225185,24.52076456,31.03650821
6/9/2009,,0,39.4765145,25.34108411,32.4087993
6/10/2009,,0,40.40038167,26.97263589,33.68650878
6/11/2009,,0.7278321568,37.2807744,27.09612177,32.18844808
6/12/2009,,1.307270788,37.58915904,24.53374008,31.06144956
6/13/2009,,1.212918465,38.43283795,25.60231693,32.01757744
6/14/2009,,0,38.73199642,26.32450493,32.52825067
6/15/2009,,0.06265370983,39.66270962,25.34264599,32.5026778
6/16/2009,,0.05042155587,39.19470874,25.80406022,32.49938448
6/17/2009,,2.964289934,39.74025395,25.82586557,32.78305976
6/18/2009,,1.469417493,39.58567399,25.97212579,32.77889989
6/19/2009,,1.910178451,38.34160537,24.76122166,31.55141351
6/20/2009,,0.8427481542,38.58360358,25.74921339,32.16640848
6/21/2009,,2.46559645,36.4596698,23.48225216,29.97096098
6/22/2009,,3.189393006,37.88238156,24.94967148,31.41602652
6/23/2009,,0,37.839543,24.9551534,31.3973482
6/24/2009,,0.6159769516,37.06689826,23.28128605,30.17409216
6/25/2009,,0,36.26993461,25.18063827,30.72528644
6/26/2009,,0.6331939466,35.15625872,23.85019045,29.50322458
6/27/2009,,11.1262499,35.63747986,23.89386856,29.76567421
6/28/2009,,7.61184648,31.05380448,22.62103029,26.83741738
6/29/2009,,1.865481398,33.59012802,23.55367643,28.57190223
6/30/2009,,12.7113862,35.1205843,24.15386879,29.63722655
7/1/2009,0,0.08152723292,34.20606771,24.13483559,29.17045165
7/2/2009,0,0,33.12354982,24.5478635,28.83570666
7/3/2009,0,1.626185739,33.0876085,22.89167988,27.98964419
7/4/2009,0,6.80456494,33.28361204,23.19290055,28.2382563
7/5/2009,0,3.76431192,32.91916087,23.32483612,28.1219985
7/6/2009,0,13.64416284,32.54064832,22.9583205,27.74948441
7/7/2009,0,6.187720938,30.93781012,23.19277441,27.06529227
7/8/2009,0,25.93525499,29.71012713,22.18283812,25.94648262
7/9/2009,0,4.105971528,29.81012751,22.4064507,26.1082891
7/10/2009,0,15.95197626,30.57012774,22.54941595,26.55977184
7/11/2009,0,5.09445811,32.33373915,22.8301278,27.58193347
7/12/2009,0,2.909250608,32.46296494,22.611094,27.53702947
7/13/2009,0,0.02966082932,30.59123275,23.14741772,26.86932523
7/14/2009,0,4.186499679,29.73406996,23.17657729,26.45532362
7/15/2009,0,7.561875702,28.39122256,22.05651425,25.2238684
7/16/2009,0,3.608298421,30.63367636,22.78470733,26.70919185
7/17/2009,0,2.017955723,33.13844885,22.96031894,28.04938389
7/18/2009,0,0.4849199316,33.44754673,23.17573791,28.31164232
7/19/2009,0,0,31.88174359,23.2859305,27.58383704
7/20/2009,0,0.123095798,29.81251917,22.64380446,26.22816181
7/21/2009,0,11.08681333,28.8698728,22.35928737,25.61458008
7/22/2009,0,3.884681468,27.56890631,21.97290124,24.77090377
7/23/2009,0,0,31.97851103,22.06199808,27.02025455
7/24/2009,0,0,32.64844717,22.32399501,27.48622109
7/25/2009,0,0,33.39676841,22.32567533,27.86122187
7/26/2009,0,0,32.08915904,23.62405991,27.85660948
7/27/2009,0,0,30.99270972,22.9103819,26.95154581
7/28/2009,0,0.05080595512,32.13741749,22.4456105,27.29151399
7/29/2009,0,6.46645866,32.16355073,22.65651463,27.41003268
7/30/2009,0,0,33.10464309,22.89935222,28.00199766
7/31/2009,0,0,32.74644911,22.96941585,27.85793248
8/1/2009,0,0,32.85071172,23.14935222,28.00003197
8/2/2009,0,0,32.96806672,23.39044555,28.17925613
8/3/2009,0,0.09930031935,33.66302774,23.25405925,28.45854349
8/4/2009,0,0,33.21367819,23.22857687,28.22112753
8/5/2009,0,0,33.16903265,23.36741703,28.26822484
8/6/2009,0,0,33.43380347,23.1476719,28.29073768
8/7/2009,0,0,33.37922545,23.12580261,28.25251403
8/8/2009,,0,33.04651419,23.6659936,28.35625389
8/9/2009,,2.583720275,32.7663872,23.00141324,27.88390022
8/10/2009,,0.04956024898,32.64355028,23.53864027,28.09109527
8/11/2009,,8.367195517,30.82413405,22.81483589,26.81948497
8/12/2009,,0.04099716723,31.71167958,23.27741688,27.49454823
8/13/2009,,0.1633497298,32.99245536,23.33928882,28.16587209
8/14/2009,,0,32.99974426,23.8976097,28.44867698
8/15/2009,,0,32.63529274,23.90109491,28.26819383
8/16/2009,,8.355005235,33.09432631,22.59657737,27.84545184
8/17/2009,,0.05341293319,32.49439021,23.05019122,27.77229071
8/18/2009,,0.2886013802,32.75626066,22.63277304,27.69451685
8/19/2009,,0.0209044187,33.94406904,24.18851202,29.06629053
8/20/2009,,27.28508402,28.73007482,21.31457998,25.0223274
8/21/2009,14.32,3.441911445,29.4646547,22.56193397,26.01329433
8/22/2009,2.33,7.748142432,30.83180655,22.14019137,26.48599896
8/23/2009,2.39,18.90040353,30.30535675,22.27645136,26.29090406
8/24/2009,2.4,11.18310684,29.75270995,21.57096695,25.66183845
8/25/2009,4.29,35.67357016,29.37084005,21.38651417,25.37867711
8/26/2009,19.95,25.24233386,29.49413412,21.35367758,25.42390585
8/27/2009,2.89,15.48349632,28.74432437,22.01928721,25.38180579
8/28/2009,3.02,4.523638155,30.02903344,21.86103006,25.94503175
8/29/2009,1.68,2.846905167,31.4898719,21.81380453,26.65183822
8/30/2009,1.98,0.003571722903,32.05800103,22.36489906,27.21145005
8/31/2009,1.38,6.209904294,30.15793921,22.21838466,26.18816194
9/1/2009,0.37,0.4392180659,30.30342225,22.54748127,26.42545176
9/2/2009,0.41,7.151806287,28.97251901,22.49012781,25.73132341
9/3/2009,22.47,24.54909486,29.15722597,21.78838436,25.47280516
9/4/2009,3.38,7.064196256,29.93489876,22.04019099,25.98754487
9/5/2009,8.32,7.810698106,28.62367613,22.17573791,25.39970702
9/6/2009,7.6,11.24666262,30.45561055,22.11586632,26.28573843
9/7/2009,7.48,4.69127088,31.3661956,22.21677001,26.79148281
9/8/2009,4.26,1.391511805,31.20903357,22.31773591,26.76338474
9/9/2009,3.42,0,31.85354953,22.46489945,27.15922449
9/10/2009,2.93,0,31.61271038,21.9550912,26.78390079
9/11/2009,1.92,1.488718546,31.74529162,22.35025456,27.04777309
9/12/2009,1.44,0,33.0712868,23.05573898,28.06351289
9/13/2009,1.45,0.661928587,33.84812982,23.50399531,28.67606256
9/14/2009,1.24,3.026860918,33.03594167,23.50851171,28.27222669
9/15/2009,1.2,0,33.9072277,22.22483574,28.06603172
9/16/2009,0.91,0,33.13645197,22.61393181,27.87519189
9/17/2009,0.78,0,33.49722785,22.26464468,27.88093626
9/18/2009,0.5,0,33.04535496,21.67941511,27.36238503
9/19/2009,0,0,34.36529228,22.93238079,28.64883654
9/20/2009,0,0,34.35625948,23.17464452,28.765452
9/21/2009,0,0.2134552325,34.68167906,23.64657834,29.1641287
9/22/2009,0,0,34.84355104,23.88386834,29.36370969
9/23/2009,0,0,34.67090166,23.1629016,28.91690163
9/24/2009,0,0,35.28812844,23.42031819,29.35422332
9/25/2009,0,0.01180221481,35.29283856,22.89735378,29.09509617
9/26/2009,0,0,35.11006264,23.37838451,29.24422357
9/27/2009,0,0.2947523036,32.09529183,23.02825799,27.56177491
9/28/2009,0,22.96669001,32.79645182,22.24367697,27.52006439
9/29/2009,0,12.16675979,31.47968143,22.35632341,26.91800242
9/30/2009,0,13.3615725,30.8489692,22.04993704,26.44945312
10/1/2009,0,5.315262829,31.48348476,22.26083961,26.87216218
10/2/2009,0,4.723219986,29.5801374,22.552455,26.0662962
10/3/2009,0,14.94709301,28.55510101,22.43806603,25.49658352
10/4/2009,0,28.41766225,29.49174247,22.13412252,25.81293249
10/5/2009,16.45,1.321210232,30.0056117,21.7910943,25.898353
10/6/2009,8.11,4.106784558,30.10374151,21.78651379,25.94512765
10/7/2009,3.94,0.4087295707,31.72180594,21.84832162,26.78506378
10/8/2009,6.26,1.266739207,31.1383208,21.62019091,26.37925586
10/9/2009,3.95,0.2785358829,31.86374001,20.49031962,26.17702981
10/10/2009,2.43,0,32.62896971,20.02928744,26.32912858
10/11/2009,2.43,0.198608225,32.70103178,20.57954277,26.64028727
10/12/2009,2.02,0.3875289574,32.8798732,20.61464315,26.74725817
10/13/2009,1.45,0,32.96800088,19.62374006,26.29587047
10/14/2009,1.22,0,33.33458026,19.56245523,26.44851775
10/15/2009,0.42,0,33.15948032,19.99470815,26.57709424
10/16/2009,0.41,0,33.33000183,21.16109514,27.24554849
10/17/2009,0.41,0,33.40709983,20.17825761,26.79267872
10/18/2009,0.41,0,33.96180571,20.14115862,27.05148217
10/19/2009,0.41,0,34.06193587,20.57025561,27.31609574
10/20/2009,0.41,0,34.39748165,18.02884146,26.21316155
10/21/2009,0.41,0,33.75025574,18.76697066,26.2586132
10/22/2009,0.41,0,33.88464534,18.49367697,26.18916115
10/23/2009,0.41,0,32.97277337,17.2310309,25.10190213
10/24/2009,,0,32.80470935,15.83709927,24.32090431
10/25/2009,,0,32.70264504,16.38199777,24.5423214
10/26/2009,,0,32.10793824,15.6080123,23.85797527
10/27/2009,,0,32.42890692,15.05374045,23.74132369
10/28/2009,,0,32.68709861,16.98166878,24.8343837
10/29/2009,,0.1647007364,32.84457893,17.57567533,25.21012713
10/30/2009,,0,31.98606857,18.31541936,25.15074396
10/31/2009,,0,33.56916205,16.56664235,25.0679022
11/1/2009,0,0,33.63535512,14.98961772,24.31248642
11/2/2009,0,0,32.89161578,15.62193439,24.25677508
11/3/2009,0,0,32.81155192,15.07632281,23.94393736
11/4/2009,0,0,32.80535675,16.43470695,24.62003185
11/5/2009,0,0,31.8432953,18.57645077,25.20987303
11/6/2009,0,0,31.8143258,19.1572899,25.48580785
11/7/2009,0,0,31.71516462,20.2941241,26.00464436
11/8/2009,0,0.0000147626134,30.64529297,20.39664227,25.52096762
11/9/2009,0,7.138456428,28.06735386,20.31844898,24.19290142
11/10/2009,0,0.1862050959,29.13108329,19.06232736,24.09670532
11/11/2009,0,0.7904549142,29.39561109,19.4376087,24.4166099
11/12/2009,0,7.092249658,31.44012667,20.81832111,26.12922389
11/13/2009,0,0,30.21696026,21.18922336,25.70309181
11/14/2009,0,0,31.74832141,20.3081289,26.02822516
11/15/2009,0,0,32.45741718,21.10025456,26.77883587
11/16/2009,0,0,30.57038175,21.52103164,26.0457067
11/17/2009,0,1.015020874,28.92296403,21.43393151,25.17844777
11/18/2009,0,7.972664489,28.21071233,20.54716316,24.37893774
11/19/2009,0,0.1567973553,29.70800238,18.62296479,24.16548359
11/20/2009,0,0,29.73239137,16.82218838,23.27728987
11/21/2009,0,0,29.31323067,15.5855476,22.44938914
11/22/2009,0,0,29.36064801,13.75729028,21.55896915
11/23/2009,0,0,30.38606819,13.72896922,22.0575187
11/24/2009,0,0,30.98896858,14.94987272,22.96942065
11/25/2009,0,0,31.42678044,16.4343249,23.93055267
11/26/2009,0,0,31.33148844,15.74277365,23.53713104
11/27/2009,0,0,30.04522865,15.59516482,22.82019674
11/28/2009,0,0,29.17342136,14.46729032,21.82035584
11/29/2009,0,0,28.97348626,12.6745805,20.82403338
11/30/2009,0,0,28.84806588,12.1365782,20.49232204
12/1/2009,0,0,29.29806647,11.91374098,20.60590372
12/2/2009,0,0,29.98251924,12.34464365,21.16358144
12/3/2009,0,0,30.75083938,13.63760851,22.19422395
12/4/2009,0,0,30.5460041,15.95593049,23.25096729
12/5/2009,0,0,30.43890524,15.38941514,22.91416019
12/6/2009,0,0,30.66890478,14.82561139,22.74725809
12/7/2009,0,0,30.72890616,15.26689729,22.99790172
12/8/2009,0,0,30.57800149,15.96851262,23.27325705
12/9/2009,0,0,30.52535624,16.06070145,23.29302885
12/10/2009,0,0,30.55367643,16.31664244,23.43515943
12/11/2009,0,0,30.20174329,15.9194789,23.06061109
12/12/2009,0,0,30.6225188,15.56386856,23.09319368
12/13/2009,0,0,30.39071263,15.79676907,23.09374085
12/14/2009,0,0,30.62806639,15.68470782,23.15638711
12/15/2009,0,0,31.03258259,15.33025497,23.18141878
12/16/2009,0,0,30.25187057,16.32838527,23.29012792
12/17/2009,0,0,29.94993665,17.09567405,23.52280535
12/18/2009,0,0.005112561047,29.46141423,17.25231655,23.35686539
12/19/2009,0,0,30.61722696,16.8081289,23.71267793
12/20/2009,0,0,30.52813012,16.79380425,23.66096718
12/21/2009,0,0,30.16367704,17.02612034,23.59489869
12/22/2009,0,0,29.23625864,16.10038243,22.66832054
12/23/2009,0,0,29.17529192,13.18109465,21.17819328
12/24/2009,0,0,29.57270964,11.82851236,20.700611
12/25/2009,0,0,29.22728977,10.98670558,20.10699767
12/26/2009,0,0,29.22522896,12.62651403,20.92587149
12/27/2009,0,0,28.87535662,13.58405917,21.2297079
12/28/2009,0,0,29.33819352,16.04012705,22.68916029
12/29/2009,0,0.009423151734,27.43142471,17.94012667,22.68577569
12/30/2009,0,0.06297893741,27.37445331,17.82483612,22.59964471
12/31/2009,0,0,29.06426186,15.83747102,22.45086644
1/1/2010,0,0,29.43896918,14.27218905,21.85557911
1/2/2010,0,0,29.61258251,13.58619595,21.59938923
1/3/2010,0,0,31.31516518,13.47787488,22.39652003
1/4/2010,0,0,31.16974416,14.19464403,22.68219409
1/5/2010,0,0,29.88510094,14.68264623,22.28387358
1/6/2010,0,0,29.0006474,13.33838463,21.16951602
1/7/2010,0,0,28.957163,11.61890554,20.28803427
1/8/2010,0,0,28.96167958,12.51689729,20.73928844
1/9/2010,0,0,29.86277449,14.08134931,21.9720619
1/10/2010,0,0,30.99283759,16.80044713,23.89664236
1/11/2010,0,0,31.08361318,18.11212518,24.59786918
1/12/2010,0,1.714559752,29.48342256,18.82909661,24.15625958
1/13/2010,0,6.120762733,28.32432603,19.92412326,24.12422464
1/14/2010,0,0.01847462978,28.54052027,16.88824735,22.71438381
1/15/2010,0,0,28.19619552,16.31947852,22.25783702
1/16/2010,0,0,29.36684317,14.78199826,22.07442071
1/17/2010,0,0,29.96961726,14.48619557,22.22790642
1/18/2010,0,0,29.93445277,14.21819364,22.0763232
1/19/2010,0,0,29.8914879,13.8733581,21.882423
1/20/2010,0,0,30.29348613,11.90361279,21.09854946
1/21/2010,0,0,30.14071263,11.07638675,20.60854969
1/22/2010,0,0,29.96728954,9.882965021,19.92512728
1/23/2010,0,0,30.1425832,10.84367726,20.49313023
1/24/2010,0,0,30.13270911,12.07122199,21.10196555
1/25/2010,0,0,29.87793852,13.16935181,21.52364517
1/26/2010,0,0,29.54522865,13.59367726,21.56945296
1/27/2010,0,0,29.75083938,13.39038239,21.57061089
1/28/2010,0,0,29.79071225,14.3241869,22.05744958
1/29/2010,0,0,30.37445331,15.31477187,22.84461259
1/30/2010,0,0,30.49445224,13.81174303,22.15309763
1/31/2010,0,0,31.53632372,13.38903301,22.46267836
2/1/2010,0,0,31.34884115,13.83464437,22.59174276
2/2/2010,0,0,31.7683217,16.17212474,23.97022322
2/3/2010,0,0,31.50632303,17.58902173,24.54767238
2/4/2010,0,0,31.60426087,16.54496339,24.07461213
2/5/2010,0,0,31.2961959,15.53935169,23.4177738
2/6/2010,0,0,32.12174353,16.41425099,24.26799726
2/7/2010,0,0,32.12096792,16.2712218,24.19609486
2/8/2010,0,0,33.17832155,15.79947893,24.48890024
2/9/2010,0,0,32.93767281,16.93225292,24.93496287
2/10/2010,0,0,32.26439032,16.89031924,24.57735478
2/11/2010,0,0,32.70909594,18.03935161,25.37422377
2/12/2010,0,0,33.43064771,18.19509097,25.81286934
2/13/2010,0,0,35.14174365,18.855345,26.99854432
2/14/2010,0,0,35.23806683,20.00154128,27.61980406
2/15/2010,0,0.1279948393,34.81896834,20.00592981,27.41244907
2/16/2010,0,0.5400651871,33.98593896,19.87864043,26.93228969
2/17/2010,0,0.001102709245,34.12052193,19.37599285,26.74825739
2/18/2010,0,0,34.69503803,18.73870324,26.71687063
2/19/2010,0,0.02205150662,35.30329438,19.95393197,27.62861317
2/20/2010,0,0,35.91697028,20.24676896,28.08186962
2/21/2010,0,0.4619876532,36.25974605,19.59218883,27.92596744
2/22/2010,0,0.001863507601,35.22619638,20.71928798,27.97274218
2/23/2010,0,0.1588735821,34.88426173,19.19038259,27.03732216
2/24/2010,0,0.73792598,34.31806519,18.68534492,26.50170506
2/25/2010,0,0,35.30793866,17.66437895,26.4861588
2/26/2010,0,0,35.65509949,19.18173166,27.41841557
2/27/2010,0,0,36.00613279,19.31147681,27.6588048
2/28/2010,0,0,36.89155028,18.14302919,27.51728973
3/1/2010,0,0,37.34432631,18.77193496,28.05813064
3/2/2010,0,0,37.29645182,20.01670531,28.65657857
3/3/2010,0,0,37.31922442,20.87741726,29.09832084
3/4/2010,0,0,37.45638582,21.11128598,29.2838359
3/5/2010,0,0,37.5228381,21.40941465,29.46612638
3/6/2010,0,0,37.96916011,21.18322017,29.57619014
3/7/2010,0,0,37.48399642,21.18547279,29.3347346
3/8/2010,0,0,38.26083944,20.15676881,29.20880412
3/9/2010,0,0,38.30871427,20.97786363,29.64328895
3/10/2010,0,0,36.76129694,22.73670653,29.74900174
3/11/2010,0,0,37.17270829,22.68328411,29.9279962
3/12/2010,0,0,37.15793747,22.11424993,29.6360937
3/13/2010,0,1.039259999,37.35464309,21.0385124,29.19657775
3/14/2010,0,0.4502819135,37.94367773,22.05715222,30.00041497
3/15/2010,0,0,37.69844988,20.6452818,29.17186584
3/16/2010,0,0,38.34451656,19.15489825,28.7497074
3/17/2010,0,0,38.13968127,20.30386841,29.22177484
3/18/2010,0,0,37.68058533,21.33374106,29.50716319
3/19/2010,0,0,38.44613176,20.76928721,29.60770949
3/20/2010,0,0,39.63361398,21.1665788,30.40009639
3/21/2010,0,0,40.49302957,21.20128613,30.84715785
3/22/2010,0,0,40.99838361,21.40935245,31.20386803
3/23/2010,0,0,40.73289956,21.61193338,31.17241647
3/24/2010,0,0,40.24096719,21.49657872,30.86877296
3/25/2010,0,0,39.73987346,22.75883157,31.24935251
3/26/2010,0,0,38.55787316,23.50676919,31.03232117
3/27/2010,0,0,39.22587827,23.63341101,31.42964464
3/28/2010,0,0.03232620322,39.42961635,24.59109527,32.01035581
3/29/2010,0,0,39.21058446,25.35019045,32.28038745
3/30/2010,0,0,39.30006508,24.95935168,32.12970838
3/31/2010,0,0,40.06741779,23.07231642,31.56986711
4/1/2010,0,0,38.61657939,22.15321949,30.38489944
4/2/2010,0,0,39.75999832,22.36483513,31.06241673
4/3/2010,0,0,40.57548508,22.92870377,31.75209443
4/4/2010,0,0,40.49542122,23.26244483,31.87893302
4/5/2010,0,0,41.04457969,23.62489929,32.33473949
4/6/2010,0,0,41.70800255,24.07696069,32.89248162
4/7/2010,0,0,41.96264683,24.04916003,33.00590343
4/8/2010,0,0,40.7898072,24.30993553,32.54987137
4/9/2010,0,0,40.94729065,24.69942673,32.82335869
4/10/2010,0,0,41.70103178,25.84374128,33.77238653
4/11/2010,0,0,42.45367605,24.97548314,33.7145796
4/12/2010,0,0,42.5144527,25.38019114,33.94732192
4/13/2010,0,0,42.40264546,26.30960625,34.35612585
4/14/2010,0,0,43.23632258,25.1609671,34.19864484
4/15/2010,0,0,42.6886495,25.43968068,34.06416509
4/16/2010,0,0,42.54239257,26.24554753,34.39397005
4/17/2010,0,0.005313053637,42.06174216,25.29445338,33.67809777
4/18/2010,0,0,42.68632334,26.04180737,34.36406536
4/19/2010,0,0,42.34374128,26.69290055,34.51832092
4/20/2010,0,0.001708215301,42.00367529,26.67147742,34.33757636
4/21/2010,0,0,42.37922545,25.73206209,34.05564377
4/22/2010,0,0,42.43012818,26.87670592,34.65341705
4/23/2010,0,0,41.54271069,27.5447715,34.54374109
4/24/2010,0,1.12628474,42.10083959,25.33968204,33.72026081
4/25/2010,0,0,42.25374113,25.92103126,34.0873862
4/26/2010,0,0,42.13161398,26.26509066,34.19835232
4/27/2010,0,1.600182275,42.15709983,24.86354976,33.5103248
4/28/2010,0,0,42.49187034,27.0516158,34.77174307
4/29/2010,0,0,41.77432662,26.79974523,34.28703592
4/30/2010,0,13.56154692,36.70986351,23.88903214,30.29944783
5/1/2010,0,0.1864919222,38.24825574,25.56502596,31.90664085
5/2/2010,0,0,39.3432953,24.32812936,31.83571233
5/3/2010,0,0,36.99373934,22.9501269,29.97193312
5/4/2010,0,0.06539327497,39.62445331,23.73586542,31.68015936
5/5/2010,0,0,40.6180024,24.5600634,32.5890329
5/6/2010,0,0,42.12716308,26.04432534,34.08574421
5/7/2010,0,0.03875157668,41.42142465,28.0334859,34.72745528
5/8/2010,0,0.07023715798,41.4470349,26.40516533,33.92610012
5/9/2010,0,0,43.40090467,27.20174329,35.30132398
5/10/2010,0,0,43.53161517,27.94993665,35.74077591
5/11/2010,0,0,44.13096658,28.13870285,36.13483472
5/12/2010,0,0,44.41380335,27.13534551,35.77457443
5/13/2010,0,0,44.6590967,27.93257104,36.29583387
5/14/2010,0,0,43.68825784,28.47496361,36.08161073
5/15/2010,0,0,42.72432391,26.65999985,34.69216188
5/16/2010,0,0,42.84987407,27.26212497,35.05599952
5/17/2010,0,0,43.61535466,27.56748173,35.59141819
5/18/2010,0,0,43.34510193,27.15993591,35.25251892
5/19/2010,0,0,40.46736464,27.71251896,34.0899418
5/20/2010,0,0.01044218205,38.43176343,27.12367613,32.77771978
5/21/2010,0,0.06211692005,36.16066958,25.52471827,30.84269393
5/22/2010,0,0.05855947746,40.07104222,25.03684308,32.55394265
5/23/2010,0,0.0000006834543242,42.160457,25.43890524,33.79968112
5/24/2010,0,0.02143033742,43.43947944,27.21270903,35.32609424
5/25/2010,0,0,43.38489796,27.2437409,35.31431943
5/26/2010,0,0,42.07147704,27.11605656,34.5937668
5/27/2010,0,0,41.49722785,26.76683336,34.13203061
5/28/2010,0,0,42.21199943,27.55347502,34.88273722
5/29/2010,0,0,43.6659936,28.21166841,35.938831
5/30/2010,0,0.01365779244,42.6586392,27.08909684,34.87386802
5/31/2010,0,0,41.77554822,27.0245808,34.40006451
6/1/2010,0,0.1049283368,42.42754628,27.39773583,34.91264105
6/2/2010,0,0.00000225539927,38.53818312,26.11960745,32.32889528
6/3/2010,0,0,39.98670653,26.10805477,33.04738065
6/4/2010,0,0.000006151088918,40.96315519,28.02593027,34.49454273
6/5/2010,0,0.1509289073,40.1868317,26.74651478,33.46667324
6/6/2010,0,0,39.6358011,26.17567397,32.90573754
6/7/2010,0,0,39.82966873,26.50025592,33.16496232
6/8/2010,0,0,40.19051046,26.11309261,33.15180153
6/9/2010,0,0.09036466736,39.66470649,26.28903349,32.97686999
6/10/2010,0,1.597868881,39.80180587,25.55851286,32.68015936
6/11/2010,0,2.768837903,39.03587583,25.53676971,32.28632277
6/12/2010,0,2.590005242,37.94038259,23.67632311,30.80835285
6/13/2010,0,5.358881143,34.73187202,24.47502581,29.60344891
6/14/2010,0,0.2307573206,33.28348417,23.4672256,28.37535489
6/15/2010,0,0.3243031959,32.72038136,23.83573776,28.27805956
6/16/2010,0,11.98367155,32.36586632,22.77806601,27.57196616
6/17/2010,0,1.475906669,32.70754505,23.17838392,27.94296449
6/18/2010,0,3.420295939,33.65426184,23.14638653,28.40032419
6/19/2010,0,5.76396338,35.95052029,23.86258251,29.9065514
6/20/2010,0,1.597439726,30.76639663,23.35600356,27.0612001
6/21/2010,0,0,32.83619665,23.68103149,28.25861407
6/22/2010,0,0.008507305657,35.00161639,23.27109384,29.13635512
6/23/2010,0,0.00001295145944,35.7063238,23.67844786,29.69238583
6/24/2010,0,4.590316727,32.71264683,24.11264645,28.41264664
6/25/2010,0,3.355023142,36.15483604,23.68122174,29.91802889
6/26/2010,0,0.02299486057,36.99451808,23.94393174,30.46922491
6/27/2010,0,0,36.38186973,24.72090263,30.55138618
6/28/2010,0,1.084326661,37.03386778,25.05050933,31.04218856
6/29/2010,0,13.2418321,35.99877874,24.33354908,30.16616391
6/30/2010,2.85,22.48225425,35.43278362,24.04632395,29.73955378
7/1/2010,5.58,20.31840071,31.39503706,23.20928775,27.3021624
7/2/2010,3.98,39.47619308,28.06592928,22.33309192,25.1995106
7/3/2010,36.21,76.41600503,28.3515511,22.602253,25.47690205
7/4/2010,6.37,6.551573659,31.73193404,22.35470703,27.04332054
7/5/2010,3.26,0.1488052322,33.35535599,24.09580192,28.72557896
7/6/2010,1.66,2.655459014,31.40039284,22.42832155,26.91435719
7/7/2010,1.73,10.57626229,28.28633315,22.70271054,25.49452184
7/8/2010,1.64,11.15287975,30.09032944,22.65716203,26.37374573
7/9/2010,3.28,14.75377696,31.38361242,22.30916026,26.84638634
7/10/2010,0.69,0.2724266457,33.58844927,23.31206201,28.45025564
7/11/2010,0.91,5.262493866,31.0258775,23.82851141,27.42719446
7/12/2010,0.82,3.353931499,31.33329507,23.40361288,27.36845397
7/13/2010,0,0,32.05355012,23.48645062,27.77000037
7/14/2010,0,0,31.96703536,23.82470808,27.89587172
7/15/2010,0,0.3136035359,33.24155222,24.33664107,28.78909665
7/16/2010,52.55,18.09769827,32.5422647,23.44096778,27.99161624
7/17/2010,1.6,5.286909377,32.8458772,23.70851248,28.27719484
7/18/2010,2.41,0.3930570778,32.41115908,23.26928721,27.84022315
7/19/2010,1.65,0.07254196844,33.1572277,23.58115915,28.36919343
7/20/2010,0.86,0.09009703675,33.41206222,24.12258274,28.76732248
7/21/2010,1.63,0.4147574911,30.87135957,23.37535662,27.1233581
7/22/2010,0.95,1.60877733,29.13877796,22.51819383,25.82848589
7/23/2010,0,0.9659975489,31.11632364,23.68141354,27.39886859
7/24/2010,0,0.2705483949,28.99413412,22.59819375,25.79616394
7/25/2010,0,15.41891802,25.46845977,22.26000023,23.86423
7/26/2010,0,5.171067533,28.64999962,21.3517429,25.00087126
7/27/2010,0,1.146983578,30.02271023,22.02735468,26.02503245
7/28/2010,0,7.078344303,30.55084035,23.41302791,26.98193413
7/29/2010,0,2.385877221,29.72219916,22.95792728,26.34006322
7/30/2010,0,11.78587607,27.24974408,21.38355022,24.31664715
7/31/2010,0,2.571229744,30.16386885,22.15290137,26.15838511
8/1/2010,0,2.031389524,30.71903206,21.7506474,26.23483973
8/2/2010,0,0,30.22077649,22.00657895,26.11367772
8/3/2010,0,0.07702498086,30.62367613,22.42386734,26.52377174
8/4/2010,1.05,6.264730388,30.75354915,22.1409027,26.44722593
8/5/2010,0,0.5684183808,29.54219903,21.99451635,25.76835769
8/6/2010,0,3.125653502,25.79923513,21.93987249,23.86955381
8/7/2010,4.02,26.95921944,27.01090354,20.37283692,23.69187023
8/8/2010,1.35,0.2943671159,30.43703467,21.25445247,25.84574357
8/9/2010,1.77,0.2089536227,32.09877722,21.62367613,26.86122667
8/10/2010,1.61,0.01040458411,32.45606771,22.34941518,27.40274145
8/11/2010,1.22,0.0000005809361756,31.99142435,23.36470726,27.6780658
8/12/2010,1.1,1.786661514,31.97123191,23.37199754,27.67161473
8/13/2010,1.2,17.97075475,30.18735452,23.05948011,26.62341732
8/14/2010,4.03,3.493212832,30.1862594,22.47916034,26.33270987
8/15/2010,4.76,5.809287141,31.35083959,23.27851217,27.31467588
8/16/2010,2.48,0.348374213,31.74844929,22.57270964,27.16057946
8/17/2010,1.94,24.37060934,32.09709846,22.94928752,27.52319299
8/18/2010,9.09,7.435659216,30.72516502,22.76851194,26.74683848
8/19/2010,8.12,0.9011440688,30.90541934,22.64019137,26.77280535
8/20/2010,2.64,3.672097166,28.23722589,22.65548344,25.44635467
8/21/2010,22.35,24.754287,31.71064822,22.23709802,26.97387312
8/22/2010,9.65,15.48572945,31.53470733,21.65096687,26.5928371
8/23/2010,16.92,3.815314345,31.6825181,23.17960709,27.43106259
8/24/2010,7.76,0.6515495575,31.95374016,22.56477178,27.25925597
8/25/2010,8.11,38.5283406,30.98716195,22.0536125,26.52038723
8/26/2010,1110.13,75.26900737,30.05090255,22.02613151,26.03851703
8/27/2010,39.49,4.878640746,30.45426125,22.38180579,26.41803352
8/28/2010,23.98,0.2235614281,30.17600499,22.77174298,26.47387399
8/29/2010,16.54,0.2976539461,29.38522881,22.18613136,25.78568008
8/30/2010,39.42,26.2184481,27.35400686,21.67974439,24.51687563
8/31/2010,22.69,5.360936677,27.76019204,21.07342271,24.41680737
9/1/2010,16.45,0,30.31438973,21.30541913,25.80990443
9/2/2010,7.84,0.3288130186,30.4223278,21.78838436,26.10535608
9/3/2010,9.63,0.1084176634,29.44129707,22.07019167,25.75574437
9/4/2010,7.59,12.71018324,26.72955356,21.6899366,24.20974508
9/5/2010,17.89,25.81292442,26.67335742,21.35083959,24.0120985
9/6/2010,40.23,10.28093769,28.39226335,21.67187064,25.03206699
9/7/2010,142.08,4.965115501,27.0258775,21.6136137,24.3197456
9/8/2010,40.24,9.125439335,27.58497365,21.31367666,24.44932516
9/9/2010,35.09,3.334419447,29.99019175,21.36793829,25.67906502
9/10/2010,22.8,0.6741953862,30.61548426,21.43670539,26.02609483
9/11/2010,14.31,0,30.81709968,21.61947958,26.21828963
9/12/2010,11.99,0,31.30367643,21.90496218,26.60431931
9/13/2010,8.69,0.01382101471,31.77251825,22.5385124,27.15551533
9/14/2010,8.81,0.07919907306,31.07219954,22.62206148,26.84713051
9/15/2010,37.31,15.25225511,30.73787503,22.16458036,26.45122769
9/16/2010,92.46,19.22004768,29.45052012,21.70245462,25.57648737
9/17/2010,78.08,29.92013674,28.78213643,21.32968181,25.05590912
9/18/2010,39.21,5.627105031,30.63045649,21.67554784,26.15300216
9/19/2010,30.3,0.1298243629,31.6780017,21.88535685,26.78167927
9/20/2010,30.91,0.3600416682,32.01174292,22.27561042,27.14367667
9/21/2010,39.62,20.66775757,32.81793732,22.52283827,27.6703878
9/22/2010,35.89,0.110413748,32.6578751,23.27987264,27.96887387
9/23/2010,36.75,0.4648712212,32.8307771,21.76632326,27.29855018
9/24/2010,36.34,0.000003622307918,30.86071195,22.48561124,26.67316159
9/25/2010,42.65,21.54929994,32.54000092,21.17380514,26.85690303
9/26/2010,24.7,0.0000008543179053,32.06161429,22.38645024,27.22403226
9/27/2010,17.74,0.7353794203,31.82136034,22.07367689,26.94751861
9/28/2010,20.57,0.1605999849,32.26787571,22.64735378,27.45761475
9/29/2010,20.06,0.03670237901,32.79968112,22.80483566,27.80225839
9/30/2010,19.7,0.1262725487,31.63348628,21.67348529,26.65348579
10/1/2010,18.99,0,31.67974456,19.79813041,25.73893748
10/2/2010,12.93,0,31.72684378,21.23573928,26.48129153
10/3/2010,12.01,0.2924361198,32.47419604,22.55922419,27.51671012
10/4/2010,7.17,0.3484710229,32.99445224,22.35161503,27.67303364
10/5/2010,7.24,0.3439795546,32.47800267,21.8081289,27.14306578
10/6/2010,6.61,0.5444039963,32.8277454,22.04096643,27.43435592
10/7/2010,9.54,0.01382101471,32.76780987,21.33399524,27.05090255
10/8/2010,8.43,0,33.36510204,21.26973511,27.31741857
10/9/2010,7.89,0,33.52690852,20.74573934,27.13632393
10/10/2010,7.74,0,33.16916087,20.47058451,26.81987269
10/11/2010,8.08,0.03286178609,33.48819505,21.46477157,27.47648331
10/12/2010,7.72,1.923599151,33.77741688,21.15999985,27.46870836
10/13/2010,7.42,0,34.02006249,20.37464338,27.19735293
10/14/2010,7.19,0.1807286513,34.2872908,19.83968204,27.06348642
10/15/2010,6.68,0,32.67497207,20.67354923,26.67426065
10/16/2010,5.45,0.02717574431,28.53039391,21.23858653,24.88449022
10/17/2010,4.94,9.214290956,27.91993614,20.54774662,24.23384138
10/18/2010,5.64,7.441511479,28.14942559,21.61651372,24.88296965
10/19/2010,7.92,1.881718507,30.39697173,21.52155117,25.95926145
10/20/2010,7.74,1.265953253,31.444453,21.4753551,26.45990405
10/21/2010,8.06,0.5216753985,31.76393143,21.52361355,26.64377249
10/22/2010,73.32,41.62198011,30.43077558,21.36709891,25.89893725
10/23/2010,87.52,19.09611263,30.65451619,21.01529208,25.83490413
10/24/2010,40.26,7.095809444,31.54806647,20.8909027,26.21948459
10/25/2010,16.9,0,31.92438844,19.44800215,25.68619529
10/26/2010,19.73,0,32.05541913,19.77625956,25.91583934
10/27/2010,19.03,0,31.80619613,18.43632334,25.12125974
10/28/2010,8.74,0,31.72142389,16.99651478,24.35896934
10/29/2010,7.64,0,30.61871357,16.63090248,23.62480802
10/30/2010,6.72,0.03167962922,28.70459053,18.23973442,23.47216248
10/31/2010,10.25,0.01987741442,28.35807728,19.22135052,23.7897139
11/1/2010,8.35,0.03928895193,27.00116866,17.33477224,22.16797045
11/2/2010,7.53,0,28.38251886,18.45225338,23.41738612
11/3/2010,7.06,0.224527401,28.72497304,19.27174298,23.99835801
11/4/2010,7.42,0.6475231131,29.87335801,20.08438846,24.97887323
11/5/2010,9.39,0.01040458411,30.60335773,20.26890516,25.43613144
11/6/2010,8.13,0.000001332735932,29.1761313,18.33123252,23.75368191
11/7/2010,8.01,0,29.01529208,16.63122233,22.8232572
11/8/2010,8.1,0.4915392556,28.26741856,19.64922435,23.95832145
11/9/2010,8.03,1.545372994,30.25896904,20.32148821,25.29022863
11/10/2010,7.97,1.251503588,31.29264675,20.29438945,25.7935181
11/11/2010,7.84,7.9795271,32.77961864,20.3661956,26.57290712
11/12/2010,7.79,0.2843532833,30.58845887,20.5516158,25.57003733
11/13/2010,7.72,0.0678255708,31.10251835,20.25071134,25.67661484
11/14/2010,7.47,0,31.89535517,20.59348537,26.24442027
11/15/2010,7.64,0.03928895193,31.41800164,20.08155237,25.74977701
11/16/2010,7.04,0,30.72690755,18.93980855,24.83335805
11/17/2010,6.17,0.01382101471,29.7134221,19.41935094,24.56638652
11/18/2010,6.57,1.699803349,30.7474181,20.56174216,25.65458013
11/19/2010,7.45,0.07813249125,31.45806632,20.06058467,25.75932549
11/20/2010,23.12,0,31.81806519,19.861094,25.8395796
11/21/2010,34.2,0.1629165604,31.00251797,19.76464468,25.38358132
11/22/2010,39.5,24.02551439,30.74083915,19.64638653,25.19361284
11/23/2010,67.23,0,31.54916003,18.72245508,25.13580755
11/24/2010,64.93,0,31.45741718,18.76716264,25.11228991
11/25/2010,62.99,0,31.24348499,19.5903822,25.4169336
11/26/2010,56.75,0,31.66251781,18.37174336,25.01713059
11/27/2010,0,0,30.61218929,18.11438914,24.36328922
11/28/2010,0,0,30.83115915,18.15302941,24.49209428
11/29/2010,0,0,31.51109535,18.73960655,25.12535095
11/30/2010,0,0,31.34922494,17.48979836,24.41951165
12/1/2010,0,0,30.50497373,16.6774806,23.59122717
12/2/2010,0,0,30.41310301,17.3529004,23.88300171
12/3/2010,0,0,30.24071111,17.95496315,24.09783713
12/4/2010,0,0,29.47709953,17.14645047,23.311775
12/5/2010,0,0,28.84245418,16.44935163,22.64590291
12/6/2010,0,0,27.24703431,15.87141321,21.55922376
12/7/2010,0,0.01040458411,25.34104077,15.54540938,20.44322508
12/8/2010,0,0.06801802745,26.18213622,17.53896956,21.86055289
12/9/2010,0,0.08909012787,28.64877819,18.13806662,23.39342241
12/10/2010,0,0.2942612951,29.18167889,17.88716331,23.5344211
12/11/2010,0,0,29.69548419,17.14605725,23.42077072
12/12/2010,0,0,28.12405991,15.74540927,21.93473459
12/13/2010,0,0,29.42231663,14.07786401,21.75009032
12/14/2010,0,0,29.59206079,14.12173219,21.85689649
12/15/2010,0,0,28.30884214,14.1659936,21.23741787
12/16/2010,0,0,28.18161496,11.7074812,19.94454808
12/17/2010,0,0,28.47438958,10.8348354,19.65461249
12/18/2010,0,0,28.37793852,10.04321992,19.21057922
12/19/2010,0,0,27.84516396,9.46767246,18.65641821
12/20/2010,0,0,29.01032951,9.46315597,19.23674274
12/21/2010,0,0,29.45510063,8.844643646,19.14987214
12/22/2010,0,0,30.28071202,9.401285939,19.84099898
12/23/2010,0,0,31.17903305,10.28773618,20.73338462
12/24/2010,0,0,30.67019206,11.78883138,21.22951172
12/25/2010,0,0,30.33651494,11.27425073,20.80538283
12/26/2010,0,0,30.02613151,11.75425114,20.89019133
12/27/2010,0,0,29.04529259,12.21109438,20.62819348
12/28/2010,0,0,28.89535517,12.70432527,20.79984022
12/29/2010,0,0,28.43890524,13.03270968,20.73580746
12/30/2010,0,0,29.87741726,14.37619591,22.12680659
12/31/2010,0,0,28.76444153,15.34993636,22.05718894
1/1/2011,0,0.0000004442453107,28.07050979,15.05760859,21.56405919
1/2/2011,0,0,28.02922351,13.41819345,20.72370848
1/3/2011,0,0,28.88844867,14.50180663,21.69512765
1/4/2011,0,0,28.68703467,15.0836131,21.88532389
1/5/2011,0,0,28.22613227,13.29541977,20.76077602
1/6/2011,0,0,27.42167866,9.2430287,18.33235368
1/7/2011,0,0,28.1225188,8.331541205,18.22703001
1/8/2011,0,0,29.94142321,9.139543102,19.54048315
1/9/2011,0,0,29.9280658,9.890318459,19.90919213
1/10/2011,0,0,29.24903275,9.470382318,19.35970753
1/11/2011,0,0,29.8035503,8.67244463,19.23799746
1/12/2011,0,0,31.38613212,8.583092788,19.98461245
1/13/2011,0,0,32.19535614,9.475802123,20.83557913
1/14/2011,0,0,32.32071294,10.66838456,21.49454875
1/15/2011,0,0,31.68096756,11.68212496,21.68154626
1/16/2011,0,0,31.25922479,12.3604466,21.80983569
1/17/2011,0,0,31.35438891,12.22353912,21.78896402
1/18/2011,0,0,32.29987137,11.77760886,22.03874011
1/19/2011,0,0,32.78625978,12.0629013,22.42458054
1/20/2011,0,0,32.25600492,12.47935214,22.36767853
1/21/2011,0,0,31.10245441,11.98605731,21.54425586
1/22/2011,0,0,31.85625948,11.15573841,21.50599894
1/23/2011,0,0,31.99432437,12.19374071,22.09403254
1/24/2011,0,0,32.01071156,12.94374071,22.47722614
1/25/2011,0,0,32.11252014,13.87374102,22.99313058
1/26/2011,0,0,32.55438777,14.05729047,23.30583912
1/27/2011,0,0,32.7153566,13.66077607,23.18806634
1/28/2011,0,0,32.94432513,13.92916006,23.43674259
1/29/2011,0,0,32.91264759,14.62103116,23.76683938
1/30/2011,0,0,32.93348535,14.34567492,23.63958013
1/31/2011,0,0,32.73903269,14.81838504,23.77870887
2/1/2011,0,0,32.91709815,14.55561102,23.73635459
2/2/2011,0,0,32.45896807,14.56277335,23.51087071
2/3/2011,0,0,32.12232856,14.21174265,23.1670356
2/4/2011,0,0,32.42058354,13.5855476,23.00306557
2/5/2011,0,0,33.19781017,12.47380447,22.83580732
2/6/2011,0,0,33.39877645,12.81470793,23.10674219
2/7/2011,0,0,34.03619394,14.43290119,24.23454757
2/8/2011,0,0,33.82987362,14.3608399,24.09535676
2/9/2011,0,0,33.58980991,14.98225311,24.28603151
2/10/2011,0,0,34.13529274,14.73806614,24.43667944
2/11/2011,0,0,33.78445315,15.69174314,24.73809815
2/12/2011,0,0,33.72554898,15.33090324,24.52822611
2/13/2011,0,0,34.24993763,15.54954295,24.89974029
2/14/2011,0,0,34.51102968,15.76670531,25.1388675
2/15/2011,0,0,33.37174353,15.44832114,24.41003234
2/16/2011,0,0,31.58290168,17.20290078,24.39290123
2/17/2011,0,0,32.61225323,16.72760962,24.66993142
2/18/2011,0,0,33.0346434,16.16290169,24.59877254
2/19/2011,0,0,33.08529351,17.2745808,25.17993715
2/20/2011,0,0.4634441839,32.45438929,18.42019206,25.43729068
2/21/2011,0,0,31.68283812,17.77573829,24.72928821
2/22/2011,0,0,32.13167948,17.39425062,24.76296505
2/23/2011,0,0,32.7480655,17.75199844,25.25003197
2/24/2011,0,0,32.5351664,18.85645129,25.69580884
2/25/2011,0,0.4903574212,32.69793839,18.52347451,25.61070645
2/26/2011,0,1.412635922,32.11400518,18.5644425,25.33922384
2/27/2011,0,0,32.89967994,18.9330923,25.91638612
2/28/2011,0,0.08152723292,33.2134221,19.28709899,26.25026055
3/1/2011,0,0.1063343924,33.62709758,17.93354946,25.78032352
3/2/2011,0,0,34.22606817,18.45535655,26.34071236
3/3/2011,0,0,34.8686498,20.0618061,27.46522795
3/4/2011,0,0,36.15535557,19.29968112,27.72751835
3/5/2011,0,0,36.90999985,19.57470808,28.24235396
3/6/2011,0,0,37.57987362,19.10361347,28.34174354
3/7/2011,0,0,38.54638598,19.31134894,28.92886746
3/8/2011,0,0,38.3126453,19.94096778,29.12680654
3/9/2011,0,0,37.74928676,20.75458051,29.25193363
3/10/2011,0,0,36.88186973,19.91618558,28.39902765
3/11/2011,0,0,36.6408405,19.09450539,27.86767295
3/12/2011,0,0,35.64058476,18.70199747,27.17129111
3/13/2011,0,0,36.32987362,18.38935199,27.3596128
3/14/2011,0,0,36.85896925,18.1824449,27.52070708
3/15/2011,0,0,37.42251804,18.38844867,27.90548336
3/16/2011,0,0,37.35258419,18.85386765,28.10322592
3/17/2011,0,0,37.57961787,17.90799198,27.74380492
3/18/2011,0,0,37.92058354,18.64857521,28.28457938
3/19/2011,0,0,38.70432345,19.8978637,29.30109358
3/20/2011,0,0,38.38451747,20.03238118,29.20844932
3/21/2011,0,0,38.73077481,20.03515332,29.38296407
3/22/2011,0,0,38.78096777,21.24767228,30.01432002
3/23/2011,0,0,38.53903193,21.39645047,29.9677412
3/24/2011,0,0,36.97419604,23.01147757,29.99283681
3/25/2011,0,0,36.5467811,21.9066425,29.2267118
3/26/2011,0,0.1007264891,36.25678019,21.42380514,28.84029267
3/27/2011,0,0,38.06335855,19.51554799,28.78945327
3/28/2011,0,0,38.95258266,19.26000023,29.10629145
3/29/2011,0,0,39.06703383,19.47186988,29.26945186
3/30/2011,0,0,39.29993721,20.50645108,29.90319414
3/31/2011,0,0,39.1754839,20.15825733,29.66687061
4/1/2011,0,0,38.66638525,19.99477209,29.33057867
4/2/2011,0,0,38.90180781,19.47050941,29.18615861
4/3/2011,0,0,38.35625948,21.15580156,29.75603052
4/4/2011,0,0,38.29470756,21.45664191,29.87567474
4/5/2011,0,0,38.59819219,20.77051038,29.68435128
4/6/2011,0,0,37.20574959,21.74773621,29.4767429
4/7/2011,0,0,37.38207114,22.29290093,29.83748604
4/8/2011,0,0.05063635792,36.66955218,21.75464445,29.21209831
4/9/2011,0,0.1280375774,35.9640695,21.6028382,28.78345385
4/10/2011,0,0,36.95413321,21.88367636,29.41890478
4/11/2011,0,0,38.3662578,21.79103037,30.07864408
4/12/2011,0,0,38.78323155,23.12987302,30.95655229
4/13/2011,0,0,39.13606801,23.44619552,31.29113177
4/14/2011,0,0.220710791,37.88304013,22.78380402,30.33342207
4/15/2011,0,0,38.8042599,22.76587727,30.78506859
4/16/2011,0,0,38.10491,23.55058444,30.82774722
4/17/2011,0,0,38.90219947,24.34632319,31.62426133
4/18/2011,0,0.03762795366,38.811808,22.31812913,30.56496857
4/19/2011,0,0,39.83896879,24.1987776,32.0188732
4/20/2011,0,0.1822270607,36.67717348,22.73239137,29.70478243
4/21/2011,0,0,38.44484466,23.55258305,30.99871385
4/22/2011,0,0.852493352,34.76304889,21.17742784,27.97023836
4/23/2011,0,0,35.93568711,21.72135996,28.82852353
4/24/2011,0,0,36.90123395,22.63426156,29.76774775
4/25/2011,0,0,37.43375261,22.24083915,29.83729588
4/26/2011,0,0,38.71123186,23.04697135,30.8791016
4/27/2011,0,0,39.5435595,23.54671543,31.54513747
4/28/2011,0,0,40.98406996,23.94373993,32.46390494
4/29/2011,0,0,40.5245904,24.18310347,32.35384694
4/30/2011,0,0.01365516114,40.01471961,25.18310347,32.59891154
5/1/2011,0,0,38.5567174,24.28484637,31.42078189
5/2/2011,0,0.5332798719,39.82987362,23.24800156,31.53893759
5/3/2011,0,0.0000005809361756,40.65361444,24.48974559,32.57168002
5/4/2011,0,0,40.72283886,24.059416,32.39112743
5/5/2011,0,0,40.31741779,23.67922486,31.99832133
5/6/2011,0,0,40.4993526,24.77832019,32.6388364
5/7/2011,0,0,40.00741642,24.99612156,32.50176899
5/8/2011,0,0,40.34832006,24.70019083,32.52425545
5/9/2011,0,0.009638937279,41.12657805,26.23393265,33.68025535
5/10/2011,0,0.04096548343,38.82148821,25.8801272,32.35080771
5/11/2011,0,0,40.66831975,25.20218944,32.9352546
5/12/2011,0,0,42.10941524,24.82489832,33.46715678
5/13/2011,0,0,41.97186988,25.70425008,33.83805998
5/14/2011,0,0,42.05645014,26.45838443,34.25741729
5/15/2011,0,0,41.02006249,26.65264563,33.83635406
5/16/2011,0,0.0000003758998783,41.82134917,26.48432587,34.15283752
5/17/2011,0,0,41.6951004,26.37186967,34.03348504
5/18/2011,0,0.2189472773,39.27316739,26.28161534,32.77739136
5/19/2011,0,0,41.62258083,25.77987264,33.70122674
5/20/2011,0,0.04096548343,40.72741764,25.96825679,33.34783722
5/21/2011,0,0,40.09554791,24.83477224,32.46516008
5/22/2011,0,0,39.7258671,25.4747718,32.60031945
5/23/2011,0,0,39.97283886,26.13393227,33.05338557
5/24/2011,0,0,40.89651267,26.4210952,33.65880393
5/25/2011,0,0.005671263723,40.84916117,26.76477081,33.80696599
5/26/2011,0,0.3861314629,37.09115938,24.18638727,30.63877333
5/27/2011,0,0,40.20367605,26.0561322,33.12990412
5/28/2011,0,0.1070347529,38.44844988,24.82955394,31.63900191
5/29/2011,0,0,41.18638571,26.22251901,33.70445236
5/30/2011,0,0,41.29470756,26.06477178,33.67973967
5/31/2011,0,0,39.27632349,26.80025515,33.03828932
6/1/2011,0,0,40.2865779,26.13928805,33.21293298
6/2/2011,0,0,38.42664313,24.64573913,31.53619113
6/3/2011,0,3.626631753,36.34496254,23.59128552,29.96812403
6/4/2011,0,21.82510197,35.0548996,23.05193391,29.05341675
6/5/2011,0,0,35.99696094,23.9311578,29.96405937
6/6/2011,0,0.7247633842,36.98405879,23.42361316,30.20383598
6/7/2011,0,0.2527429494,36.18838571,23.9778748,30.08313025
6/8/2011,0,4.227379812,36.14012726,23.37987302,29.76000014
6/9/2011,0,22.05756723,34.87993523,23.77038251,29.32515887
6/10/2011,0,0.5967779266,34.26960533,23.82464414,29.04712474
6/11/2011,0,4.096524089,35.80773759,22.457163,29.1324503
6/12/2011,0,0.7792951376,37.3048996,23.26399554,30.28444757
6/13/2011,0,0.2921442055,37.10832185,23.92838392,30.51835289
6/14/2011,0,0.02236209122,36.44315473,23.8573546,30.15025467
6/15/2011,0,28.43891639,34.40819322,22.77955279,28.593873
6/16/2011,0,3.800945823,34.60315458,22.65239145,28.62777301
6/17/2011,0,1.7996312,34.56309163,22.77199716,28.6675444
6/18/2011,0,0.7138819754,35.23567518,22.84264599,29.03916058
6/19/2011,0,0,35.68380347,23.86451701,29.77416024
6/20/2011,0,0,34.14129766,23.72245508,28.93187637
6/21/2011,0,0.2299058341,34.17915919,23.39606841,28.7876138
6/22/2011,0,2.546541492,34.97941452,23.10600356,29.04270904
6/23/2011,0,0.3802495744,35.84367544,23.67625917,29.75996731
6/24/2011,0,0,34.29521939,24.10361347,29.19941643
6/25/2011,0,0,31.16277373,23.6426454,27.40270956
6/26/2011,0,0.06442203669,30.83716234,22.88323037,26.86019635
6/27/2011,0,3.943189636,33.24703414,22.26226401,27.75464908
6/28/2011,0,1.473190985,34.29619608,23.22419777,28.76019692
6/29/2011,0,0.1127591921,32.92819368,22.63497289,27.78158328
6/30/2011,0,0,35.40090467,22.72174201,29.06132334
7/1/2011,0,0.2018191432,35.39470604,23.76361332,29.57915968
7/2/2011,0,0.1661899765,34.99458011,23.69458087,29.34458049
7/3/2011,0,1.037526534,34.19909728,22.88064847,28.53987287
7/4/2011,0,19.73035397,33.5683321,22.4160687,27.9922004
7/5/2011,0,7.786930703,29.69994609,21.86032989,25.78013799
7/6/2011,0,17.06021333,28.42627034,21.45871372,24.94249203
7/7/2011,0,20.56771155,30.33199836,21.24877857,25.79038847
7/8/2011,0,8.842519553,31.12586654,21.77258236,26.44922445
7/9/2011,0,0.06991423247,32.37328291,21.7854204,27.07935166
7/10/2011,0,0.1111721423,33.26561193,21.83090324,27.54825758
7/11/2011,0,0,32.99819337,22.1691607,27.58367703
7/12/2011,0,1.311003536,31.3801272,22.456386,26.9182566
7/13/2011,1.89,18.59482598,26.16251781,21.79974523,23.98113152
7/14/2011,18,84.36058108,27.52741688,20.95419732,24.2408071
7/15/2011,38.13,26.53290913,30.82064883,21.73716195,26.27890539
7/16/2011,19.7,0.9262704666,31.64548322,21.50019198,26.5728376
7/17/2011,11.68,1.031185019,32.32206224,22.49426217,27.4081622
7/18/2011,5.82,0,31.8775453,22.67884108,27.27819319
7/19/2011,3.59,0.2225471124,31.49296563,22.58606878,27.0395172
7/20/2011,5.53,5.822979722,29.61774631,22.56161585,26.08968108
7/21/2011,5.43,0.1086894017,30.29974523,22.55606826,26.42790675
7/22/2011,5.21,0.006211692005,31.07489832,22.35968076,26.71728954
7/23/2011,4.01,0.2018553358,31.76006416,21.97071256,26.86538836
7/24/2011,4.06,1.883145054,31.68535609,21.48806527,26.58671068
7/25/2011,3.77,0.7845760046,31.18542002,21.86419716,26.52480859
7/26/2011,6.4,11.34822993,31.01522814,22.18064771,26.59793792
7/27/2011,20.4,11.21469567,32.08367712,22.27535624,27.17951668
7/28/2011,7.67,9.536596224,32.35458072,21.98793913,27.17125993
7/29/2011,7.19,5.775245798,31.67903305,22.20813043,26.94358174
7/30/2011,6.1,7.953089619,31.88735355,22.00142458,26.94438907
7/31/2011,21.17,15.70273989,30.79548283,21.66774746,26.23161515
8/1/2011,441.33,50.73619835,30.25522791,21.61890554,25.93706673
8/2/2011,60.18,18.34345783,31.41264586,21.66716226,26.53990406
8/3/2011,46.97,7.147057755,29.42541979,22.5252923,25.97535605
8/4/2011,84.11,14.82184373,29.5221252,21.62871379,25.5754195
8/5/2011,31.64,2.820900256,31.85206102,22.17342136,27.01274119
8/6/2011,19.63,0.08243022706,29.71613205,22.5561322,26.13613212
8/7/2011,18,0.2208887743,30.8528382,22.39703567,26.62493693
8/8/2011,9.13,0.8425073207,31.15399493,22.88270911,27.01835202
8/9/2011,7.77,2.372535223,30.61380394,22.19535632,26.40458013
8/10/2011,13.65,0.3281191956,32.03470907,22.40697179,27.22084043
8/11/2011,12.08,0,32.50703628,22.11251858,27.30977743
8/12/2011,10.85,0,31.04896979,22.69619552,26.87258265
8/13/2011,11.06,2.885748608,29.9160687,22.22955356,26.07281113
8/14/2011,11,3.3718034,31.22258312,22.03516449,26.62887381
8/15/2011,7.29,0.06254101779,32.27258236,22.26258213,27.26758224
8/16/2011,6.63,2.592595689,32.10594136,22.21451566,27.16022851
8/17/2011,11.93,8.486373511,31.82161608,22.18806603,27.00484106
8/18/2011,18.41,18.05193511,30.87581378,22.67529192,26.77555285
8/19/2011,20.06,2.537604675,30.67155079,21.99071111,26.33113095
8/20/2011,18.3,4.517757594,29.92581319,21.99148829,25.95865074
8/21/2011,28.62,14.37150315,29.93438884,21.74342105,25.83890494
8/22/2011,21,4.584305608,30.46348621,21.91438838,26.18893729
8/23/2011,37.23,3.186252027,31.31619636,22.56426186,26.94022911
8/24/2011,32.05,11.54197873,31.1097447,21.85697081,26.48335775
8/25/2011,134.53,26.33001834,28.8035503,21.36980886,25.08667958
8/26/2011,47.06,9.019614378,25.05716338,20.71697142,22.8870674
8/27/2011,130.29,32.90797092,25.96825679,19.96039248,22.96432463
8/28/2011,83.67,11.44976172,27.86212518,20.47148783,24.16680651
8/29/2011,47.81,0.1947896766,29.15935245,21.16142443,25.16038844
8/30/2011,43.16,1.834971435,29.51865098,21.47413384,25.49639241
8/31/2011,35.98,4.312659173,29.84761972,22.02736411,25.93749192
9/1/2011,48.03,3.045362805,29.1494897,22.21600417,25.68274693
9/2/2011,43.07,13.91759852,30.00651501,21.75755563,25.88203532
9/3/2011,43.76,8.090064638,30.18096756,21.548586,25.86477678
9/4/2011,35.46,0,30.74232766,21.72039271,26.23136019
9/5/2011,31.99,1.201550969,30.92793776,21.20503669,26.06648723
9/6/2011,29.54,0.1127591921,30.49264578,21.52167904,26.00716241
9/7/2011,24.49,0,29.92058528,22.04071225,25.98064876
9/8/2011,24.54,0.006805516467,31.02012833,21.12019091,26.07015962
9/9/2011,24.26,0.3429221829,31.0460041,21.10161503,26.07380956
9/10/2011,24.32,0,31.23896858,21.62813033,26.43354946
9/11/2011,16.5,1.509093187,31.39728985,21.81896851,26.60812918
9/12/2011,19.61,0,32.05567487,21.61825641,26.83696564
9/13/2011,19.27,0,32.11193511,21.76006416,26.93599964
9/14/2011,18.86,0.2181874555,31.44077581,22.3123913,26.87658355
9/15/2011,18.65,2.466656335,31.43638727,21.9887144,26.71255084
9/16/2011,35.57,33.74611554,29.60903336,22.21161564,25.9103245
9/17/2011,35,4.65454528,30.79716316,21.6527735,26.22496833
9/18/2011,26.78,0.008019703604,31.37199754,21.61625971,26.49412862
9/19/2011,25.6,0,31.17819368,21.84239198,26.51029283
9/20/2011,20.64,0,31.69083974,21.47741764,26.58412869
9/21/2011,19.92,0.000001298563216,31.72180594,21.86225323,26.79202959
9/22/2011,19.51,0,31.66748211,21.46593063,26.56670637
9/23/2011,13.6,0,31.53115801,21.51315616,26.52215709
9/24/2011,11.59,0,31.71754546,21.81109476,26.76432011
9/25/2011,9.55,0.367371666,32.79580095,21.8511577,27.32347933
9/26/2011,9.16,0.1751825392,32.5902559,21.95367605,27.27196597
9/27/2011,11.06,0.5380050632,32.53283677,22.07838527,27.30561102
9/28/2011,9.01,0.4177522473,32.66464412,22.55754544,27.61109478
9/29/2011,10.11,0.5617869659,32.69760876,21.9665141,27.33206143
9/30/2011,9.8,0,33.84844793,21.06354879,27.45599836
10/1/2011,9.28,0,34.56928645,21.44090385,28.00509515
10/2/2011,7.29,0,34.27470711,21.88522881,28.07996796
10/3/2011,6.66,0.01992171471,33.37786515,22.44825633,27.91306074
10/4/2011,11.24,2.612386546,29.77277434,21.67012795,25.72145114
10/5/2011,19.9,3.210594329,33.07090318,20.85561034,26.96325676
10/6/2011,11.68,0,33.96077436,20.3585121,27.15964323
10/7/2011,9.95,0,33.81174216,21.15722597,27.48448406
10/8/2011,8.91,0,33.48445392,21.71819286,27.60132339
10/9/2011,6.69,0,34.13335824,21.38651417,27.75993621
10/10/2011,6.32,0,33.86593968,21.63315683,27.74954826
10/11/2011,6.11,0,32.96438762,22.16206239,27.563225
10/12/2011,5.9,0.9039130998,31.75909691,21.92302814,26.84106253
10/13/2011,5.66,0.1727264968,33.04999924,21.41199828,27.23099876
10/14/2011,6.05,10.0882381,33.87800072,22.23903252,28.05851662
10/15/2011,5.61,0.3578125776,33.95361402,22.16741817,28.0605161
10/16/2011,4.78,0,33.96735348,21.58386893,27.7756112
10/17/2011,4.26,0,33.59355104,21.14683252,27.37019178
10/18/2011,3.33,0,33.44644988,20.73838512,27.0924175
10/19/2011,3.25,0,32.93426097,20.72909623,26.8316786
10/20/2011,3.08,0,32.58451823,20.1357389,26.36012857
10/21/2011,2.9,0,33.96258099,19.50870369,26.73564234
10/22/2011,2.09,0,33.65903433,18.8769601,26.26799722
10/23/2011,2.28,0,33.49819337,18.37779931,25.93799634
10/24/2011,2.45,0,33.0581289,18.48779992,25.77296441
10/25/2011,2.3,0,32.80193374,17.87573867,25.33883621
10/26/2011,1.39,0,32.29651419,18.46096651,25.37874035
10/27/2011,0.91,0,32.49271145,19.04741734,25.77006439
10/28/2011,0.85,0,32.14077466,19.56554723,25.85316094
10/29/2011,0.7,0,31.95716318,19.18903328,25.57309823
10/30/2011,0.56,0,32.34361341,18.37632387,25.35996864
10/31/2011,0.51,0,32.31258327,17.32399501,24.81828914
11/1/2011,0,0,32.20271054,18.41754431,25.31012742
11/2/2011,0,0,31.44174306,18.54483543,24.99328925
11/3/2011,0,0,31.07690793,18.56405871,24.82048332
11/4/2011,0,0,32.08348688,17.91122128,24.99735408
11/5/2011,0,0,31.97877828,17.67722642,24.82800235
11/6/2011,0,0,33.31348642,15.92812974,24.62080808
11/7/2011,0,0,33.2807744,15.94748098,24.61412769
11/8/2011,0,0,33.37812859,16.00612171,24.69212515
11/9/2011,0,0,32.7551638,16.54657796,24.65087088
11/10/2011,0,0,32.76619695,15.07832125,23.9222591
11/11/2011,0,0,33.04871561,15.70290078,24.37580819
11/12/2011,0,0,33.32432585,16.40128507,24.86280546
11/13/2011,0,0,33.2441965,16.92922486,25.08671068
11/14/2011,0,0,32.68245434,17.9381939,25.31032412
11/15/2011,0,0,32.04974349,18.21741741,25.13358045
11/16/2011,0,0,31.82877849,15.63651417,23.73264633
11/17/2011,0,0,32.26180495,13.84225277,23.05202886
11/18/2011,0,0,32.58703429,13.73496297,23.16099863
11/19/2011,0,0,32.55606653,13.84483562,23.20045108
11/20/2011,0,0,33.04625811,14.54832065,23.79728938
11/21/2011,0,0,32.35251835,14.80928813,23.58090324
11/22/2011,0,0,31.23445201,14.07844834,22.65645018
11/23/2011,0,0,30.30728969,14.95689687,22.63209328
11/24/2011,0,0,30.6338044,14.8821888,22.7579966
11/25/2011,0,0,30.96283707,15.51019125,23.23651416
11/26/2011,0,0,30.99103096,16.57580164,23.7834163
11/27/2011,0,0,30.87832057,18.48052081,24.67942069
11/28/2011,0,0,31.43109369,18.80690747,25.11900058
11/29/2011,0,0,32.58819352,17.93407072,25.26113212
11/30/2011,0,0,32.50787392,17.82980794,25.16884093
12/1/2011,0,0,32.15407194,16.37419739,24.26413467
12/2/2011,0,0,32.17884108,14.9945802,23.58671064
12/3/2011,0,0,32.13232688,14.34651421,23.23942055
12/4/2011,0,0,32.7323912,14.91922385,23.82580753
12/5/2011,0,0,33.14865205,15.87554756,24.51209981
12/6/2011,0,0,32.37516655,16.74309177,24.55912916
12/7/2011,0,0,31.9679385,15.69174314,23.82984082
12/8/2011,0,0,31.78535647,14.01090354,22.89813001
12/9/2011,0,0,32.24813134,14.52393175,23.38603154
12/10/2011,0,0,32.60806611,14.73735385,23.67270998
12/11/2011,0,0,32.48348493,16.35870399,24.42109446
12/12/2011,0,0,31.54342202,16.63477165,24.08909684
12/13/2011,0,0,30.93729059,15.93657839,23.43693449
12/14/2011,0,0,30.88535685,14.10935139,22.49735412
12/15/2011,0,0,31.17432467,13.27199803,22.22316135
12/16/2011,0,0,30.4670993,13.18935131,21.8282253
12/17/2011,0,0,30.92071141,13.3339961,22.12735376
12/18/2011,0,0,31.19716295,13.39838497,22.29777396
12/19/2011,0,0,30.73825725,13.35380458,22.04603092
12/20/2011,0,0,29.9861325,13.48412368,21.73512809
12/21/2011,0,0,30.45613182,13.12928783,21.79270982
12/22/2011,0,0,30.19329377,12.29193446,21.24261412
12/23/2011,0,0,29.80787489,13.41418705,21.61103097
12/24/2011,0,0,31.15426201,13.05838482,22.10632341
12/25/2011,0,0,31.27161511,11.46599379,21.36880445
12/26/2011,0,0,31.22606834,11.73586629,21.48096731
12/27/2011,0,0,30.57323073,12.1515409,21.36238582
12/28/2011,0,0,30.35806611,12.65231626,21.50519118
12/29/2011,0,0,30.71199769,12.47431448,21.59315608
12/30/2011,0,0,31.70644993,15.41663156,23.56154075
12/31/2011,0,0,29.76768373,18.06431463,23.91599918
1/1/2012,0,0.1957445077,30.65510122,18.54438945,24.59974533
1/2/2012,0,0.06365953519,31.45903357,18.87573867,25.16738612
1/3/2012,0,0,32.09426081,18.26947919,25.18187
1/4/2012,0,0,33.13329587,17.25592981,25.19461284
1/5/2012,0,0,33.26335931,16.90302941,25.08319436
1/6/2012,0,0,33.41251972,16.71406007,25.06328989
1/7/2012,0,0,32.80355012,16.45341079,24.62848046
1/8/2012,0,0,32.59554791,16.86018125,24.72786458
1/9/2012,0,0,30.69309253,15.6858558,23.18947416
1/10/2012,0,0,29.44915965,14.73444179,22.09180072
1/11/2012,0,0,28.46367628,13.43721548,20.95044588
1/12/2012,0,0,28.91554761,12.0104463,20.46299696
1/13/2012,0,0,28.67812974,10.83916077,19.75864526
1/14/2012,0,0,28.63155161,10.1578,19.3946758
1/15/2012,0,0,29.47245508,9.051222489,19.26183878
1/16/2012,0,0,31.45348598,9.938320994,20.69590349
1/17/2012,0,0,32.0170346,11.32993599,21.67348529
1/18/2012,0,0,31.15367681,12.70580253,21.92973967
1/19/2012,0,0,30.55328321,12.66444201,21.60886261
1/20/2012,0,0,30.06838504,13.17624887,21.62231696
1/21/2012,0,0,29.81993576,13.09347507,21.45670541
1/22/2012,0,0,30.71329423,13.71573883,22.21451653
1/23/2012,0,0,31.36251858,15.4210304,23.39177449
1/24/2012,0,0,31.6970349,16.37361393,24.03532441
1/25/2012,0,0,31.29432534,16.14632242,23.72032388
1/26/2012,0,0,31.32728998,16.16296562,23.7451278
1/27/2012,0,0,31.62619583,15.08225254,23.35422418
1/28/2012,0,0,31.0998084,15.37109423,23.23545131
1/29/2012,0,0,30.43974462,16.11605656,23.27790059
1/30/2012,0,0,30.36058407,16.29586662,23.32822535
1/31/2012,0,0,30.95174329,15.99748203,23.47461266
2/1/2012,0,0,30.38226312,15.882774,23.13251856
2/2/2012,0,0,30.8560675,15.48819323,23.17213036
2/3/2012,0,0,30.73136019,15.01909714,22.87522866
2/4/2012,0,0,31.96245485,14.52012746,23.24129116
2/5/2012,0,0,32.55052224,15.41174246,23.98113235
2/6/2012,0,0,33.83896879,16.13122241,24.9850956
2/7/2012,0,0,34.11890554,15.8989693,25.00893742
2/8/2012,0,0,32.09141166,16.91353965,24.50247565
2/9/2012,0,0,30.78083989,13.88959587,22.33521788
2/10/2012,0,0,31.51529208,13.72205069,22.61867138
2/11/2012,0,0,31.94574954,15.32708778,23.63641866
2/12/2012,0,0,32.98020096,17.04748127,25.01384111
2/13/2012,0,0,34.10394102,17.94231709,26.02312905
2/14/2012,0,0,34.38690913,18.56779984,26.47735449
2/15/2012,0,0,34.41812951,19.52302835,26.97057893
2/16/2012,0,0,34.07586557,17.73166887,25.90376722
2/17/2012,0,0,34.23064694,16.90392147,25.56728421
2/18/2012,0,0,33.46781063,18.12103029,25.79442046
2/19/2012,0,0,35.16419813,17.39245515,26.27832664
2/20/2012,0,0,35.65426184,17.37664199,26.51545191
2/21/2012,0,0,36.60529396,16.87915995,26.74222696
2/22/2012,0,0,36.4633566,17.23760968,26.85048314
2/23/2012,0,0,36.42258389,18.10380371,27.2631938
2/24/2012,0,0,36.8843896,17.57728998,27.23083979
2/25/2012,0,0,36.47613054,17.82935252,27.15274153
2/26/2012,0,0,36.70148928,17.27554805,26.98851866
2/27/2012,0,0,37.25606729,17.2720611,27.26406419
2/28/2012,0,0,37.25716415,18.46309282,27.86012848
2/29/2012,0,0,36.44844988,17.56650331,27.00747659
3/1/2012,0,0,36.73302743,16.54192416,26.6374758
3/2/2012,0,0,36.60573995,16.49070176,26.54822085
3/3/2012,0,0,35.3774812,17.04702412,26.21225266
3/4/2012,0,0,36.81625856,17.07851141,26.94738499
3/5/2012,0,0,37.68987076,17.25979882,27.47483479
3/6/2012,0,0,37.89277501,18.78580246,28.33928873
3/7/2012,0,0,37.18031842,18.12818327,27.65425085
3/8/2012,0,0,35.03599253,17.71398496,26.37498875
3/9/2012,0,0,34.922379,16.5126349,25.71750695
3/10/2012,0,0,35.11071351,16.00011679,25.55541515
3/11/2012,0,0,36.43877737,17.48521802,26.96199769
3/12/2012,0,0,36.75090314,20.04664206,28.3987726
3/13/2012,0,0,36.45393214,19.98683267,28.2203824
3/14/2012,0,0,36.44180526,19.15238028,27.79709277
3/15/2012,0,0,37.73626055,17.62141408,27.67883731
3/16/2012,0,0,38.10258419,18.66786416,28.38522418
3/17/2012,0,0,38.89535691,19.68909722,29.29222706
3/18/2012,0,0,39.22806504,21.01548388,30.12177446
3/19/2012,0,0,39.94012684,20.16393122,30.05202903
3/20/2012,0,0,40.46832246,20.33193443,30.40012844
3/21/2012,0,0,40.305547,20.62935176,30.46744938
3/22/2012,0,0,39.9218048,21.40999985,30.66590232
3/23/2012,0,0,39.91090299,20.11096786,30.01093543
3/24/2012,0,0,39.75348539,18.81302926,29.28325733
3/25/2012,0,0,39.81800282,19.36851232,29.59325757
3/26/2012,0,0,39.41445422,19.9621895,29.68832186
3/27/2012,0,0,38.82426035,20.64728985,29.7357751
3/28/2012,0,0,38.58613115,21.39451596,29.99032356
3/29/2012,0,0,39.58439036,21.50180663,30.5430985
3/30/2012,0,0,40.11277276,23.24167836,31.67722556
3/31/2012,0,0,38.73600446,23.10277426,30.91938936
4/1/2012,0,0,39.06606832,23.37212541,31.21909687
4/2/2012,0,0,39.33058339,22.99206232,31.16132285
4/3/2012,0,0,39.49587491,23.73348476,31.61467983
4/4/2012,0,0,40.23987346,23.65155207,31.94571277
4/5/2012,0,0,40.3327116,23.70644993,32.01958077
4/6/2012,0,0,39.87335992,23.97315698,31.92325845
4/7/2012,0,0,39.93245434,23.78154023,31.85699728
4/8/2012,0,0,40.42594106,23.47174201,31.94884153
4/9/2012,0,0,40.76968234,24.333359,32.55152067
4/10/2012,0,0,40.41510162,24.8692876,32.64219461
4/11/2012,0,0,40.13064847,24.63128643,32.38096745
4/12/2012,0,0,38.67716232,23.68838415,31.18277323
4/13/2012,0,0.02165541827,38.09709846,22.57412288,30.33561067
4/14/2012,0,0,39.21258099,24.24773621,31.7301586
4/15/2012,0,0,39.48077481,24.09090347,31.78583914
4/16/2012,0,0,40.25361326,24.30935207,32.28148266
4/17/2012,0,0.002795261402,40.07560983,25.79342202,32.93451593
4/18/2012,0,0,40.76006416,25.35251835,33.05629126
4/19/2012,0,0,40.43199718,25.41716226,32.92457972
4/20/2012,0,0,40.95425025,25.63263574,33.293443
4/21/2012,0,0,39.93728885,25.33811842,32.63770364
4/22/2012,0,0,40.60838422,25.40057365,33.00447894
4/23/2012,0,0.3115211459,38.65148623,24.4336775,31.54258186
4/24/2012,0,0,39.37161532,23.94928752,31.66045142
4/25/2012,0,0.07543521634,39.5327089,25.0884477,32.3105783
4/26/2012,0,0,38.25890493,25.35109377,31.80499935
4/27/2012,0,0,39.32161608,24.68716272,32.0043894
4/28/2012,0,0,39.37613207,25.47445195,32.42529201
4/29/2012,0,0,40.81174216,25.45909594,33.13541905
4/30/2012,0,0,40.62884184,25.4419333,33.03538757
5/1/2012,0,0,41.22361414,25.39857521,33.31109467
5/2/2012,0,0,41.67832155,25.08444122,33.38138138
5/3/2012,0,0,41.78541867,24.97296517,33.37919192
5/4/2012,0,0,41.64374052,25.28935161,33.46654606
5/5/2012,0,0,40.61019085,24.9741225,32.79215668
5/6/2012,0,0,40.10832185,25.70128613,32.90480399
5/7/2012,0,0,40.88451747,26.17696108,33.53073927
5/8/2012,0,0,40.69451537,25.27167904,32.98309721
5/9/2012,0,0,41.56561116,25.5151001,33.54035563
5/10/2012,0,0,39.77709876,26.24270972,33.00990424
5/11/2012,0,0.001708215301,40.03489914,24.20780097,32.12135006
5/12/2012,0,0,39.49838361,24.84735437,32.17286899
5/13/2012,0,0,38.48741596,24.2493526,31.36838428
5/14/2012,0,0,41.05302747,25.00393138,33.02847942
5/15/2012,0,0,41.92567415,26.01664138,33.97115776
5/16/2012,0,0,41.96193359,25.96290101,33.9624173
5/17/2012,0,0,42.45670394,25.79754538,34.12712466
5/18/2012,0,0,42.75567563,26.059416,34.40754582
5/19/2012,0,0,43.21767159,27.11735309,35.16751234
5/20/2012,0,0,42.91109323,26.8440594,34.87757632
5/21/2012,0,0,43.25844778,27.09928731,35.17886754
5/22/2012,0,0,42.42683303,27.26412341,34.84547822
5/23/2012,0,0,42.7103172,27.24967072,34.97999396
5/24/2012,0,0,42.96302732,27.9468976,35.45496246
5/25/2012,0,0,42.72677024,27.713347,35.22005862
5/26/2012,0,0,42.21786531,28.91811834,35.56799182
5/27/2012,0,0,42.03412387,28.62727995,35.33070191
5/28/2012,0,0,42.60586435,28.40211493,35.50398964
5/29/2012,0,0,41.43128741,27.9361843,34.68373585
5/30/2012,0,0,42.64128649,28.29431417,35.46780033
5/31/2012,0,0,42.3113505,28.37146684,35.34140867
6/1/2012,0,0,40.39496212,27.91398573,34.15447392
6/2/2012,0,0,41.12799303,27.35831068,34.24315185
6/3/2012,0,0,40.52773499,27.22631291,33.87702395
6/4/2012,0,0,40.63954223,27.27263513,33.95608868
6/5/2012,0,0,39.95889453,27.4534107,33.70615262
6/6/2012,0,1.563121317,38.57618369,26.04916003,32.31267186
6/7/2012,0,0.3344675263,37.91676887,25.45528127,31.68602507
6/8/2012,0,0.07543521634,39.38967011,26.04237967,32.71602489
6/9/2012,0,1.163380461,38.82941646,25.77309245,32.30125446
6/10/2012,0,0.2379947932,36.08562279,24.58270987,30.33416633
6/11/2012,0,0.1696947544,37.22251728,24.16638682,30.69445205
6/12/2012,0,0,39.00548192,25.11277449,32.0591282
6/13/2012,0,0.06066622961,37.68503624,25.34638712,31.51571168
6/14/2012,0,0.0858184283,38.46458133,25.70025477,32.08241805
6/15/2012,0,2.715882522,37.27000046,25.17838392,31.22419219
6/16/2012,0,4.17184815,35.16877691,23.77961673,29.47419682
6/17/2012,0,28.83054902,33.7342602,23.6015511,28.66790565
6/18/2012,426.76,35.9438723,29.17684437,22.10529223,25.6410683
6/19/2012,10.27,4.83467229,30.8213074,21.15013883,25.98572311
6/20/2012,4.61,1.011141583,32.51053249,22.99310294,27.75181771
6/21/2012,0,0.02906459663,32.86717246,23.15890473,28.01303859
6/22/2012,0,5.358306997,34.18975405,23.18142471,28.68558938
6/23/2012,0,0,35.38213698,24.13367636,29.75790667
6/24/2012,0,0,35.67516579,24.76290198,30.21903388
6/25/2012,0,0.008019703604,35.7708381,24.80206178,30.28644994
6/26/2012,0,8.418365069,34.8622644,23.41793753,29.14010096
6/27/2012,0,2.372163213,34.10400686,23.10884138,28.60642412
6/28/2012,0,5.758594716,33.76516594,23.55638638,28.66077616
6/29/2012,0,1.159359307,34.63033035,23.849161,29.23974568
6/30/2012,0,11.20967394,35.30645014,23.30180587,29.304128
7/1/2012,0,0.9898320949,32.67884108,22.9937409,27.83629099
7/2/2012,0,10.39894932,32.72006325,22.44090385,27.58048355
7/3/2012,0,0.0000004100725945,31.6488423,23.18155102,27.41519666
7/4/2012,110.37,12.63410371,32.91457862,22.92619524,27.92038693
7/5/2012,6.21,0.1632009264,33.93838571,23.58638689,28.7623863
7/6/2012,4.38,0.2234086502,31.10103157,23.11516441,27.10809799
7/7/2012,15.86,12.02845426,30.69342181,22.0043246,26.34887321
7/8/2012,5.19,2.528232157,32.44774815,22.22264532,27.33519673
7/9/2012,21.4,23.43444025,30.91400633,22.79096643,26.85248638
7/10/2012,11.54,1.44129879,32.68516411,22.46806655,27.57661533
7/11/2012,6.63,0.3104687599,33.86709891,22.88819293,28.37764592
7/12/2012,5.79,0.07843919885,34.18573831,23.57019167,28.87796499
7/13/2012,3.95,0.007298738106,33.59709846,24.02096771,28.80903308
7/14/2012,0,1.426593593,31.96167958,23.00903298,27.48535628
7/15/2012,0,18.4635249,30.95226281,23.05084035,27.00155158
7/16/2012,0,3.002759577,32.01787398,22.81083885,27.41435641
7/17/2012,0,4.09897594,33.26071156,22.77174298,28.01622727
7/18/2012,0,11.24031979,30.43096756,22.42697051,26.42896903
7/19/2012,5.82,3.161678131,28.83219977,22.73367674,25.78293826
7/20/2012,4.03,8.507888475,29.19032982,21.97148783,25.58090882
7/21/2012,6.45,23.50265124,29.40749132,22.59974447,26.00361789
7/22/2012,5.82,4.941816093,28.00419829,22.21478274,25.10949052
7/23/2012,6.13,1.022486073,31.7012973,21.98516525,26.84323128
7/24/2012,4.16,1.041155813,30.35394275,22.15148813,26.25271544
7/25/2012,3.74,4.92675188,29.87064824,22.38155161,26.12609992
7/26/2012,22.38,24.05201912,28.72774692,21.99781132,25.36277912
7/27/2012,10.37,4.351526938,28.8169077,21.9014242,25.35916595
7/28/2012,6.29,0.4002669133,30.21497282,21.95877783,26.08687532
7/29/2012,4.43,1.284060006,30.92239191,21.87852372,26.40045781
7/30/2012,6.09,4.020913113,29.75052126,21.71871395,25.73461761
7/31/2012,3.99,5.883127536,29.29613197,21.73155199,25.51384198
8/1/2012,3.75,4.815507921,29.62781048,20.89535517,25.26158283
8/2/2012,6.03,2.918155529,30.16136032,21.77813012,25.96974522
8/3/2012,4.13,7.113232108,29.46232698,21.50426066,25.48329382
8/4/2012,4.28,3.821284557,27.97323052,22.2551638,25.11419716
8/5/2012,3.75,0.08837202834,28.89845834,22.33445239,25.61645536
8/6/2012,3.2,2.611753516,29.84516396,23.01245426,26.42880911
8/7/2012,4.3,0.3279123832,31.64993568,22.56264548,27.10629058
8/8/2012,2.88,5.87560173,31.84516396,22.42271002,27.13393699
8/9/2012,2.97,1.422452684,30.76793791,21.8718073,26.3198726
8/10/2012,4.17,1.782654425,30.74342105,22.10709869,26.42525987
8/11/2012,3.08,8.135655632,30.04554677,22.02354961,26.03454819
8/12/2012,3.02,0.000000478418027,30.57909661,21.7745808,26.1768387
8/13/2012,3.8,1.02296067,31.66529169,21.36729089,26.51629129
8/14/2012,2.84,0.6157605721,30.86884161,21.82638684,26.34761422
8/15/2012,2.78,4.579216808,31.51968061,21.86277449,26.69122755
8/16/2012,2.53,1.729819733,31.87239093,22.07748196,26.97493645
8/17/2012,2.83,22.06061798,31.81045679,22.58470831,27.19758255
8/18/2012,15.09,6.346912329,30.7758134,22.13483559,26.45532449
8/19/2012,16.65,0.65929064,27.97155176,21.55884214,24.76519695
8/20/2012,7.21,0.3241116423,31.26516403,22.09329512,26.67922958
8/21/2012,6.38,2.802168767,29.58749162,22.50090332,26.04419747
8/22/2012,6.15,1.919253871,31.10226417,22.22825702,26.66526059
8/23/2012,6,0,33.51600358,22.72193399,28.11896879
8/24/2012,5.84,8.413959886,31.11310378,22.44064793,26.77687585
8/25/2012,5.84,0.03894015992,31.52284754,23.04645008,27.28464881
8/26/2012,4.83,11.83099436,28.67478183,21.91251781,25.29364982
8/27/2012,20.41,17.93087272,29.72980947,21.39426178,25.56203563
8/28/2012,18.15,2.186496959,31.28245454,21.8416148,26.56203467
8/29/2012,9.67,10.95721658,31.80406965,22.0916148,26.94784223
8/30/2012,16.01,7.408340743,31.40039284,22.25426066,26.82732675
8/31/2012,20.81,27.5724176,30.77258236,22.24083915,26.50671075
9/1/2012,42.73,2.692096544,31.35697081,22.13432549,26.74564815
9/2/2012,20.49,1.622188733,31.62606796,22.68542002,27.15574399
9/3/2012,44.52,21.15601181,27.84819375,21.47323052,24.66071214
9/4/2012,77.95,27.8625838,28.34678051,21.74522768,25.0460041
9/5/2012,37.59,14.5083285,28.19825633,21.40058482,24.79942058
9/6/2012,32.24,0.1500215744,30.51709871,21.944453,26.23077585
9/7/2012,18.64,0,30.8163225,21.74103096,26.27867673
9/8/2012,18.15,0.4267873767,31.45928775,22.12464338,26.79196556
9/9/2012,15.86,0.07992488983,31.30987333,22.34561185,26.82774259
9/10/2012,14.71,3.132598887,28.94432513,22.29890585,25.62161549
9/11/2012,15.28,17.41111639,29.43225292,21.46103044,25.44664168
9/12/2012,19.35,3.245128724,30.62625994,21.38006327,26.0031616
9/13/2012,13.6,0.08361767479,31.16716226,21.54470756,26.35593491
9/14/2012,11.87,0,31.5189691,21.81851292,26.66874101
9/15/2012,7.1,0.06103780244,30.88909607,21.44393174,26.16651391
9/16/2012,9.37,0.002174092202,30.87968105,21.41103103,26.14535604
9/17/2012,5.91,0,30.61613166,21.78664184,26.20138675
9/18/2012,5.92,0.2874158842,30.65947858,21.79651402,26.2279963
9/19/2012,6.97,0.1965317838,31.80380448,21.81844898,26.81112673
9/20/2012,6.97,2.474598924,32.3681923,22.35825792,27.36322511
9/21/2012,7.24,2.240909958,31.65180625,21.66174254,26.6567744
9/22/2012,19.16,13.88748377,31.64561109,21.83348514,26.73954811
9/23/2012,13.6,16.22364879,31.77993658,21.72199792,26.75096725
9/24/2012,14.33,0,32.25626066,21.64019137,26.94822601
9/25/2012,10.58,0,32.05825694,21.56638661,26.81232178
9/26/2012,6.39,0,32.58367712,21.53813035,27.06090373
9/27/2012,5.91,0,32.46760939,21.22916034,26.84838486
9/28/2012,6.92,0,32.64529141,21.31541936,26.98035538
9/29/2012,6.3,0,32.90432421,21.6672262,27.2857752
9/30/2012,6.04,0.3981400544,32.11529228,22.10077565,27.10803397
10/1/2012,4.57,0.6066323881,31.01142464,21.82625879,26.41884171
10/2/2012,54.89,52.75677445,28.43213622,21.29413353,24.86313488
10/3/2012,541.23,44.86975769,29.1225188,20.69129707,24.90690794
10/4/2012,111.24,21.9142009,30.01961667,21.21516479,25.61739073
10/5/2012,37.55,1.01005825,30.81206201,22.07535548,26.44370874
10/6/2012,43.74,4.138577802,31.21367628,21.98573928,26.59970778
10/7/2012,90.92,4.325552387,31.37283692,21.18735452,26.28009572
10/8/2012,36.27,0,32.41535736,20.80825694,26.61180715
10/9/2012,31.35,0,32.48438807,19.76974454,26.12706631
10/10/2012,20.63,0,32.46245311,18.6432306,25.55284186
10/11/2012,24.86,0,32.6305861,18.87594009,25.75326309
10/12/2012,20.39,0,32.61148912,17.79226297,25.20187605
10/13/2012,19.53,0,32.70793671,17.358002,25.03296936
10/14/2012,14.71,0,32.91451625,17.31561116,25.11506371
10/15/2012,14.02,0,32.91084096,17.84844793,25.37964445
10/16/2012,13.71,0,32.99174247,17.58258183,25.28716215
10/17/2012,12.43,0,33.09000015,17.5036772,25.29683867
10/18/2012,8.83,0,32.89890432,17.94180699,25.42035566
10/19/2012,6.77,0,32.28432528,17.89096664,25.08764596
10/20/2012,8.62,0,30.29045634,18.9576731,24.62406472
10/21/2012,6.04,0.03373628048,30.43916115,20.10613144,25.27264629
10/22/2012,7.92,0.03509605983,31.32916054,19.87793852,25.60354953
10/23/2012,8.78,0.4983928332,31.81270941,19.79516472,25.80393706
10/24/2012,5.6,0.01118104561,31.93258221,19.78445315,25.85851768
10/25/2012,5.97,0,32.83174262,19.64806512,26.23990387
10/26/2012,5.78,0,33.02006249,19.69051989,26.35529119
10/27/2012,4.99,0,32.39270916,18.95535655,25.67403285
10/28/2012,4.8,0,32.43077558,18.67980833,25.55529195
10/29/2012,0,0,31.719096,17.3597447,24.53942035
10/30/2012,0,0,30.7392245,15.94773689,23.3434807
10/31/2012,0,0,31.42367727,15.41315578,23.41841653
11/1/2012,0,0,27.44968091,18.69980878,23.07474485
11/2/2012,0,0.7011543732,26.40536657,19.28948909,22.84742783
11/3/2012,0,0.3009968826,28.65362405,20.08438846,24.36900625
11/4/2012,0,0.5239794033,30.88026624,20.2240603,25.55216327
11/5/2012,0,0,31.36142328,18.18792856,24.77467592
11/6/2012,0,0,31.22587636,16.96115831,24.09351734
11/7/2012,0,0,31.11942681,17.67083946,24.39513313
11/8/2012,0,0,31.15677998,18.14510116,24.65094057
11/9/2012,0,0,30.36574961,17.96858608,24.16716784
11/10/2012,0,0,30.89226335,16.18478206,23.5385227
11/11/2012,0,0,30.43407072,16.78484637,23.60945855
11/12/2012,0,0,30.50600492,15.91297601,23.20949046
11/13/2012,0,0,30.59510175,14.31387886,22.45449031
11/14/2012,0,0,30.7260044,14.08600397,22.40600419
11/15/2012,0,0,30.0113607,14.15064797,22.08100434
11/16/2012,0,0,29.20594001,12.25445247,20.73019624
11/17/2012,0,0,29.22774692,11.24031875,20.23403284
11/18/2012,0,0,29.49419823,12.15129624,20.82274724
11/19/2012,0,0,30.51709871,11.25838462,20.88774167
11/20/2012,0,0,31.04413353,13.69412372,22.36912862
11/21/2012,0,0,32.08439036,15.98883119,24.03661078
11/22/2012,0,0,31.56793906,17.29328298,24.43061102
11/23/2012,0,0,32.02781027,18.27754492,25.1526776
11/24/2012,0,0,32.07335687,18.82999992,25.4516784
11/25/2012,0,0,32.01432482,18.81638661,25.41535572
11/26/2012,0,0,31.65858661,19.23657849,25.44758255
11/27/2012,0,0,31.12858592,19.07548352,25.10203472
11/28/2012,0,0,31.17510168,18.05522888,24.61516528
11/29/2012,0,0,31.79426158,17.07670495,24.43548326
11/30/2012,0,0,31.6533587,16.40851142,24.03093506
12/1/2012,0,0,31.64329453,15.53328362,23.58828908
12/2/2012,0,0,31.11432503,16.24793745,23.68113124
12/3/2012,0,0,30.8725188,14.44968083,22.66109982
12/4/2012,0,0,31.15793921,14.72148783,22.93971352
12/5/2012,0,0,31.39045655,16.73947851,24.06496753
12/6/2012,0,0,32.33522766,18.37438937,25.35480852
12/7/2012,0,0,33.15329286,17.14929945,25.15129615
12/8/2012,0,0,33.23258144,17.01213614,25.12235879
12/9/2012,0,0,33.6963875,17.79084012,25.74361381
12/10/2012,0,0,33.69264637,17.74812943,25.7203879
12/11/2012,0,0,33.40451793,17.15561132,25.28006462
12/12/2012,0,0,33.17922503,16.3902553,24.78474017
12/13/2012,0,0,33.08722801,16.16631171,24.62676986
12/14/2012,0,0,32.65632456,16.20353875,24.42993165
12/15/2012,0,0,32.38909625,16.38567497,24.38738561
12/16/2012,0,0,32.46909773,15.10167897,23.78538835
12/17/2012,0,0,31.21445346,15.86573844,23.54009595
12/18/2012,0,0,31.09445262,14.35909643,22.72677452
12/19/2012,0,0,30.84180678,13.19277346,22.01729012
12/20/2012,0,0,30.92974439,13.12019091,22.02496765
12/21/2012,0,0,31.39529297,13.48477195,22.44003246
12/22/2012,0,0,31.34865108,14.29090328,22.81977718
12/23/2012,0,0,30.0113607,13.82058489,21.9159728
12/24/2012,0,0,29.42329505,13.49148742,21.45739123
12/25/2012,0,0,29.57613266,13.42052039,21.49832652
12/26/2012,0,0,29.23961772,11.89676945,20.56819358
12/27/2012,0,0,30.10613144,10.50393216,20.3050318
12/28/2012,0,0,30.2607755,10.43638641,20.34858095
12/29/2012,0,0,31.13787482,12.58876755,21.86332118
12/30/2012,0,0,31.12774654,15.72277319,23.42525987
12/31/2012,0,0,31.34071149,18.60491,24.97281075
1/1/2013,0,0,33.15690612,19.96735348,26.5621298
1/2/2013,0,0.2979096379,33.10148699,19.69664168,26.39906434
1/3/2013,0,1.989247843,32.99432437,19.59488917,26.29460677
1/4/2013,0,0,33.51258404,17.74954284,25.63106344
1/5/2013,0,0,33.48819505,16.96095699,25.22457602
1/6/2013,0,0,31.93638727,15.89992625,23.91815676
1/7/2013,0,0,31.00606712,15.60688619,23.30647665
1/8/2013,0,0,30.39690762,15.85353837,23.12522299
1/9/2013,0,0,30.75071134,15.62218943,23.18645039
1/10/2013,0,0,31.2145796,13.84161567,22.52809763
1/11/2013,0,0,30.41045718,13.24342192,21.82693955
1/12/2013,0,0,31.18961675,11.73006356,21.45984016
1/13/2013,0,0,33.1906495,11.53909665,22.36487307
1/14/2013,0,0,34.01697257,12.54916081,23.28306669
1/15/2013,0,0,33.77787403,13.13470763,23.45629083
1/16/2013,0,0,33.17606893,15.08109426,24.1285816
1/17/2013,0,0,32.56806519,15.82592951,24.19699735
1/18/2013,0,0,31.03709899,15.51928817,23.27819358
1/19/2013,0,0,30.78019076,15.23063751,23.00541413
1/20/2013,0,0,30.41812951,14.58696092,22.50254522
1/21/2013,0,0,30.89980955,14.81941545,22.8596125
1/22/2013,0,0,31.43548396,15.33825754,23.38687075
1/23/2013,0,0,31.08155237,15.65619565,23.36887401
1/24/2013,0,0,31.13529274,16.1363863,23.63583952
1/25/2013,0,0,30.25587705,16.32161608,23.28874656
1/26/2013,0,0,30.81419793,16.25645108,23.5353245
1/27/2013,0,0,30.88426156,16.52729074,23.70577615
1/28/2013,0,0,30.98329469,17.29825671,24.1407757
1/29/2013,0,1.392334151,30.83226371,16.39380446,23.61303408
1/30/2013,0,0.2095502841,30.78600387,16.15290146,23.46945266
1/31/2013,0,0.1806575592,31.04697135,16.1122644,23.57961787
2/1/2013,0,0,31.36929894,16.03110524,23.70020209
2/2/2013,0,0,31.73104207,15.58833187,23.65968697
2/3/2013,0,0,32.41503578,15.88678039,24.15090808
2/4/2013,0,0,32.69787602,16.77690696,24.73739149
2/5/2013,0,0,32.87961711,16.52651374,24.70306542
2/6/2013,0,0,32.10193315,18.35361347,25.22777331
2/7/2013,0,0,31.956386,18.41167843,25.18403222
2/8/2013,0,11.33912675,31.83877889,17.85006432,24.84442161
2/9/2013,0,0,32.33768169,17.79709922,25.06739046
2/10/2013,0,0,33.01968234,18.58890486,25.8042936
2/11/2013,0,0,33.32781124,18.94793822,26.13787473
2/12/2013,0,0,33.3497462,18.57793911,25.96384266
2/13/2013,0,0,33.55174349,19.00567563,26.27870956
2/14/2013,0,0,34.40148623,18.47270926,26.43709774
2/15/2013,0,0.001503694426,33.66716399,19.13335824,26.40026112
2/16/2013,0,8.096281191,29.85600356,18.5390976,24.19755058
2/17/2013,0,1.402538049,29.95271054,16.52211395,23.23741224
2/18/2013,0,0,30.55684353,12.99135003,21.77409678
2/19/2013,0,0,32.51852311,13.57122199,23.04487255
2/20/2013,0,0,33.29574975,15.4627099,24.37922982
2/21/2013,0,0,33.33129663,18.02290047,25.67709855
2/22/2013,0,0,33.61600553,19.008841,26.31242326
2/23/2013,0,1.609339687,34.32220145,19.1691607,26.74568107
2/24/2013,0,0.4925986532,34.31980945,18.54935184,26.43458064
2/25/2013,0,0,34.51793808,17.57244429,26.04519119
2/26/2013,0,0,35.22690581,17.97825702,26.60258142
2/27/2013,0,0,35.45148928,18.0890329,26.77026109
2/28/2013,0,0,35.59258205,18.27083966,26.93171086
3/1/2013,0,0,35.11877767,18.17709855,26.64793811
3/2/2013,0,0,35.11335778,17.53993681,26.3266473
3/3/2013,0,0,35.64045655,15.69567443,25.66806549
3/4/2013,0,0,35.72503715,14.64464384,25.18484049
3/5/2013,0,0,35.5441992,16.12786333,25.83603127
3/6/2013,0,0,35.88335824,17.26819383,26.57577603
3/7/2013,0,0,36.31432406,17.8421249,27.07822448
3/8/2013,0,0,36.10697272,18.99432437,27.55064854
3/9/2013,0,0,36.91684241,19.9948362,28.4558393
3/10/2013,0,0,37.42600343,20.11458095,28.77029219
3/11/2013,0,0.9324275043,37.32587674,20.87664199,29.10125936
3/12/2013,0,0.2925097721,37.39406981,21.38722551,29.39064766
3/13/2013,0,0.3848986247,37.45774647,21.07399501,29.26587074
3/14/2013,0,0,36.43516411,21.01857588,28.72686999
3/15/2013,0,0,36.60323159,21.97825702,29.29074431
3/16/2013,0,0,35.39419768,20.08812959,27.74116363
3/17/2013,0,0,35.80961741,18.57968181,27.19464961
3/18/2013,0,0,36.77510223,20.47302911,28.62406567
3/19/2013,0,0,36.71039421,21.73909646,29.22474533
3/20/2013,0,0,37.03697268,21.47825702,29.25761485
3/21/2013,0,0,38.17896895,20.76760863,29.47328879
3/22/2013,0,0,38.79813058,21.56748173,30.18280615
3/23/2013,0,0,38.2525819,21.82741802,30.03999996
3/24/2013,0,0,37.16781139,22.27657767,29.72219453
3/25/2013,0,0,38.41697028,21.87980909,30.14838968
3/26/2013,0,0,39.40896849,22.06123207,30.73510028
3/27/2013,0,0,39.50077527,24.20922381,31.85499954
3/28/2013,0,0,39.58993778,24.31083885,31.95038831
3/29/2013,0,0,39.06567354,23.61180707,31.3387403
3/30/2013,0,0,38.91374098,22.23561124,30.57467611
3/31/2013,0,0,39.35613161,22.39838497,30.87725829
4/1/2013,0,0,39.85871351,23.4393514,31.64903245
4/2/2013,0,3.815823449,38.68239196,23.60573822,31.14406509
4/3/2013,0,0.4085207014,38.59890509,22.37567474,30.48728991
4/4/2013,0,0,39.37386793,22.66561154,31.01973974
4/5/2013,0,0,40.1847728,21.79271069,30.98874174
4/6/2013,0,0,40.73090303,21.60012825,31.16551564
4/7/2013,0,0,40.66806714,22.64954246,31.6588048
4/8/2013,0,0,40.47793717,23.40632265,31.94212991
4/9/2013,0,0,39.98961772,24.39180602,32.19071187
4/10/2013,0,6.168751593,39.84697059,25.16716226,32.50706642
4/11/2013,0,3.822588173,39.96709773,24.80974529,32.38842151
4/12/2013,0,7.388466972,40.22426154,24.39877819,32.31151986
4/13/2013,0,0,40.20490882,25.17755571,32.69123227
4/14/2013,0,8.79382601,39.14574856,24.8863863,32.01606743
4/15/2013,0,0,40.13606801,24.43167889,32.28387345
4/16/2013,0,0,40.36096613,23.97508992,32.16802802
4/17/2013,0,0,39.94012684,23.59063812,31.76538248
4/18/2013,0,0,39.73941631,23.20889453,31.47415542
4/19/2013,0,0,38.95290078,23.82115892,31.38702985
4/20/2013,0,0,37.57084081,23.32225231,30.44654656
4/21/2013,0,0,36.91781139,22.50245403,29.71013271
4/22/2013,0,0,38.30045639,23.29613197,30.79829418
4/23/2013,0,0,38.83406878,23.55690747,31.19548812
4/24/2013,0,0,38.56742896,23.96646133,31.26694515
4/25/2013,0,21.58129381,37.85742988,24.53581362,31.19662175
4/26/2013,0,8.161759846,37.89503879,21.86955294,29.88229587
4/27/2013,0,0,39.83871305,24.43232803,32.13552054
4/28/2013,0,0,41.36142328,24.78497268,33.07319798
4/29/2013,0,0,41.97890616,25.79955325,33.8892297
4/30/2013,0,0,42.09703643,26.52322976,34.31013309
5/1/2013,0,0,42.1742623,26.9343249,34.5542936
5/2/2013,0,0,42.27077573,27.2998731,34.78532441
5/3/2013,0,0,41.74722785,26.93174283,34.33948534
5/4/2013,0,0,42.01251819,25.67044606,33.84148213
5/5/2013,0,0,42.00310143,27.38554692,34.69432418
5/6/2013,0,0,42.03310368,26.7859305,34.40951709
5/7/2013,0,0,42.21684512,27.93773658,35.07729085
5/8/2013,0,0,42.85529396,27.81302926,35.33416161
5/9/2013,0,0,42.81283902,26.72109461,34.76696681
5/10/2013,0,0,42.69922549,27.37825664,35.03874107
5/11/2013,0,0,42.21735348,27.16928874,34.69332111
5/12/2013,0,0,40.55890417,27.63870285,34.09880351
5/13/2013,0,0,41.67670516,25.83399524,33.7553502
5/14/2013,0,0,41.44283662,27.22038327,34.33160994
5/15/2013,0,0,41.27354787,27.18909722,34.23132255
5/16/2013,0,0,41.01677116,27.64083877,34.32880496
5/17/2013,0,2.697517842,40.87760907,27.40689668,34.14225287
5/18/2013,0,0.001904679606,42.61457939,27.47309304,35.04383622
5/19/2013,0,0.006916994358,42.27193496,27.77374159,35.02283827
5/20/2013,0,0,42.0171513,28.07348491,35.04531811
5/21/2013,0,0,43.08489838,28.21632229,35.65061033
5/22/2013,0,0,44.12947807,28.54006312,36.33477059
5/23/2013,0,0,43.74218845,28.26199867,36.00209356
5/24/2013,0,0,42.41689708,27.52322033,34.9700587
5/25/2013,0,0,41.54767308,27.23748181,34.39257744
5/26/2013,0,0,41.34560994,27.82218838,34.58389916
5/27/2013,0,0.2274238521,39.56909655,27.65657857,33.61283756
5/28/2013,0,0,39.80464386,26.32283751,33.06374068
5/29/2013,0,1.598852071,40.15367681,25.94155125,33.04761403
5/30/2013,0,2.962348922,39.81748017,24.77748099,32.29748058
5/31/2013,0,3.853596683,40.18283795,25.87657805,33.029708
6/1/2013,0,0.307845833,36.53380575,25.22052058,30.87716317
6/2/2013,0,0.10414492,38.42844942,25.03632372,31.73238657
6/3/2013,0,3.674947868,38.26515477,24.66935094,31.46725286
6/4/2013,0,17.09756475,35.56580141,22.79457952,29.18019046
6/5/2013,0,0,37.24838361,24.33374106,30.79106233
6/6/2013,0,22.36167739,34.01677116,22.49684407,28.25680761
6/7/2013,0,1.202704471,34.14296525,22.95212534,28.54754529
6/8/2013,0,0.301040669,34.83258373,23.93077558,29.38167965
6/9/2013,0,4.448648312,33.9741225,23.46096651,28.7175445
6/10/2013,0,5.019352608,33.52735485,23.00270995,28.2650324
6/11/2013,0,4.747104882,33.05123201,23.25348522,28.15235861
6/12/2013,0,6.391604686,30.88749259,22.4601383,26.67381544
6/13/2013,0,0.7194487017,30.16994731,22.98594052,26.57794392
6/14/2013,0,4.949584908,26.41439955,20.97413384,23.69426669
6/15/2013,0,9.34685538,28.25658838,21.0725816,24.66458499
6/16/2013,0,0.1138127102,31.02613151,22.01058369,26.5183576
6/17/2013,0,0,32.503869,23.01729051,27.76057976
6/18/2013,0,0,33.47554898,22.67000008,28.07277453
6/19/2013,0,2.206271102,33.50025574,22.42180671,27.96103122
6/20/2013,0,0.9470492101,33.96193359,22.8933473,28.42764044
6/21/2013,0,2.196353334,34.01554608,23.14735378,28.58144993
6/22/2013,0,4.727336197,32.70367605,23.22735371,27.96551488
6/23/2013,0,7.084144388,30.53213643,22.68348552,26.60781098
6/24/2013,0,0.4742271953,28.16188158,22.13884207,25.15036182
6/25/2013,0,14.35023445,26.70503669,20.65806535,23.68155102
6/26/2013,0,4.888182226,29.6868446,22.63115839,26.1590015
6/27/2013,0,1.726566684,32.02251825,22.56728992,27.29490409
6/28/2013,0,0,33.21960609,22.46741741,27.84351175
6/29/2013,0,3.286185798,33.18199718,22.86477119,28.02338419
6/30/2013,0,0,32.88315683,23.01374136,27.94844909
7/1/2013,0,0.1490313414,32.68960714,23.40935245,28.04947979
7/2/2013,0,0,32.90903433,23.32470808,28.1168712
7/3/2013,0,56.99986622,28.62084005,22.01058369,25.31571187
7/4/2013,0,1.970639815,30.90761936,21.91896889,26.41329412
7/5/2013,0,0.9943111582,31.65451619,21.73548337,26.69499978
7/6/2013,0,2.928422713,32.18613309,22.82728998,27.50671154
7/7/2013,0,3.284941482,31.98541943,22.32083907,27.15312925
7/8/2013,0,4.640531605,32.04580095,22.41541957,27.23061026
7/9/2013,0,21.14213823,30.31386864,22.13186973,26.22286918
7/10/2013,0,9.112225744,29.11090393,22.3446446,25.72777426
7/11/2013,1.32,24.72676363,26.33510153,21.50096725,23.91803439
7/12/2013,24.69,30.33412732,25.6218073,21.07728998,23.34954864
7/13/2013,24.3,1.411077871,28.92896912,21.36083982,25.14490447
7/14/2013,21.31,4.409036388,30.11529246,21.9053554,26.01032393
7/15/2013,17.34,3.166296511,28.44477112,22.19748106,25.32112609
7/16/2013,13.29,8.323589369,26.1774184,21.49174247,23.83458043
7/17/2013,84.81,35.65890683,26.00844778,21.08993622,23.549192
7/18/2013,74.37,20.14736256,26.80039263,21.36993673,24.08516468
7/19/2013,56.31,35.77438984,24.89806512,21.2170993,23.05758221
7/20/2013,83.67,38.58565492,27.58180655,21.26625933,24.42403294
7/21/2013,34.9,0.2296672935,29.57638684,21.99903275,25.78770979
7/22/2013,89.86,16.95522446,25.89064852,21.87542056,23.88303454
7/23/2013,199.12,34.00255828,25.23909646,21.09993645,23.16951645
7/24/2013,55.28,9.444932845,28.38290109,21.43812997,24.91051553
7/25/2013,37.38,0.6861507594,29.28813035,22.0390976,25.66361398
7/26/2013,25.43,1.059993599,29.56187003,22.01193473,25.78690238
7/27/2013,20.16,0.4414119518,30.70193353,22.09277403,26.39735378
7/28/2013,20.88,0.7613219293,30.72309304,22.70838443,26.71573874
7/29/2013,20.33,0.5947795143,30.45903357,22.34277403,26.4009038
7/30/2013,17.32,0.005671263723,29.11064801,21.97548314,25.54306557
7/31/2013,20.27,21.45155776,24.56922442,21.36980886,22.96951664
8/1/2013,85.71,31.04996804,25.63722551,20.79806647,23.21764599
8/2/2013,73.67,13.49728974,27.17199851,21.00632303,24.08916077
8/3/2013,42.42,0.1064288794,31.11548426,21.30645031,26.21096729
8/4/2013,33.88,0,31.07212618,21.77729074,26.42470846
8/5/2013,36.49,3.803227379,28.06562233,21.85103157,24.95832695
8/6/2013,25.37,2.988233346,27.82039291,21.84006409,24.8302285
8/7/2013,25.18,1.133448826,30.55993553,21.86000061,26.20996807
8/8/2013,19.81,1.063747373,30.72812898,22.39290131,26.56051515
8/9/2013,21.31,0.225292715,30.0081936,22.2083205,26.10825705
8/10/2013,21.13,0.2983484515,30.52580223,21.49638674,26.01109448
8/11/2013,17.22,6.444725273,31.34561185,21.95283684,26.64922435
8/12/2013,20.49,2.338840775,29.59400663,22.35916123,25.97658393
8/13/2013,24.27,20.36523115,28.58651494,21.56987182,25.07819338
8/14/2013,25.82,1.452038734,30.08541964,21.94722688,26.01632326
8/15/2013,23.91,5.630728871,29.93774792,22.22103067,26.07938929
8/16/2013,24.61,3.045596176,28.82045702,22.19361362,25.50703532
8/17/2013,20.7,7.078215538,29.84690838,22.05819301,25.9525507
8/18/2013,59.31,21.99306166,30.22226327,21.99445224,26.10835775
8/19/2013,47.24,5.928099153,29.74142435,22.04999924,25.89571179
8/20/2013,37.96,0.02049858362,28.55574841,21.36374001,24.95974421
8/21/2013,26.66,0.02438643401,28.92646059,21.32632273,25.12639166
8/22/2013,25.94,0,28.64367659,21.2316783,24.93767744
8/23/2013,20.18,0.06422243492,28.18896918,21.48193404,24.83545161
8/24/2013,18.6,0,28.97928821,21.04019099,25.0097396
8/25/2013,16.44,1.169849872,28.53134999,21.83580187,25.18357593
8/26/2013,18.43,4.847366636,28.02709876,21.41838543,24.72274209
8/27/2013,20.66,0.08710355255,29.3730399,21.67012795,25.52158392
8/28/2013,17.87,0.008541076506,30.19949067,21.83916077,26.01932572
8/29/2013,13.9,0.6022368011,30.4209785,22.09812982,26.25955416
8/30/2013,13.23,0.152001081,32.43987076,22.10922343,27.27454709
8/31/2013,13.22,0.6478141868,32.4842602,23.09393136,27.78909578
9/1/2013,11.72,0.8361924344,33.27142313,22.72025523,27.99583918
9/2/2013,11.54,0.05313316694,32.80135988,22.74109507,27.77122747
9/3/2013,9.53,0.0000006834543242,31.8288426,22.77296441,27.30090351
9/4/2013,7.95,0.3035800856,31.47761905,22.11380394,26.7957115
9/5/2013,7.67,0,32.04026609,21.77096771,26.9056169
9/6/2013,7.12,0,32.38999939,24.26393143,28.32696541
9/7/2013,5.37,0,32.03522843,22.36296456,27.19909649
9/8/2013,5.19,0.149032059,31.13064847,22.32019167,26.72542007
9/9/2013,7.05,13.08835758,30.3528382,21.36806617,25.86045218
9/10/2013,7.12,2.086350179,30.59709863,22.33193443,26.46451653
9/11/2013,6.24,1.526913425,31.06529305,22.2336128,26.64945292
9/12/2013,5.7,1.552503341,32.31406045,22.60199708,27.45802877
9/13/2013,5.24,2.56884927,32.94722515,22.81651448,27.88186981
9/14/2013,5.05,0.05313316694,32.46310398,22.6609671,27.56203554
9/15/2013,4.94,0.4167936887,32.17955432,22.16199828,27.1707763
9/16/2013,5.1,8.00573256,31.2638053,21.95199747,26.60790138
9/17/2013,14.25,6.540580969,30.32735409,22.47954239,26.40344824
9/18/2013,26.35,21.27855169,30.03819429,22.39735378,26.21777403
9/19/2013,93.31,17.3559088,30.65367681,22.30012728,26.47690205
9/20/2013,84.33,20.09010279,30.01381473,22.0536125,26.03371361
9/21/2013,44.62,7.324192798,28.17329505,21.66335893,24.91832699
9/22/2013,32.38,0.4594213495,29.33800172,21.24270972,25.29035572
9/23/2013,20.17,0,30.57935252,21.22277319,25.90106286
9/24/2013,21.42,0.02438643401,31.2139322,20.88993545,26.05193382
9/25/2013,19.45,0.06744171674,31.29947988,21.60651366,26.45299677
9/26/2013,18.26,0.09187369069,32.16289986,22.16296571,27.16293279
9/27/2013,18.18,0.1217169791,32.66831975,22.1212221,27.39477093
9/28/2013,14.34,0,32.42367727,22.46735348,27.44551537
9/29/2013,11.72,0.2919412112,31.77083966,21.99954284,26.88519125
9/30/2013,14.61,0.000001674463094,31.32155214,22.11038266,26.7159674
10/1/2013,11.45,0.09036535082,31.24310311,22.85941541,27.05125926
10/2/2013,9.12,0.0000008543179053,31.66174254,22.91729013,27.28951634
10/3/2013,56.04,22.76136434,29.89646163,22.00167859,25.94907011
10/4/2013,56.64,29.09586807,30.16419813,22.04451732,26.10435773
10/5/2013,35.97,0.05975729923,30.38348628,21.72812898,26.05580763
10/6/2013,27.09,6.921844781,30.91678021,22.21103044,26.56390533
10/7/2013,25.13,1.309855594,32.55800103,22.66567548,27.61183825
10/8/2013,24.85,0.000001366908648,31.96045624,23.03206132,27.49625878
10/9/2013,21.58,2.827754875,31.39239122,22.41277373,26.90258247
10/10/2013,20.32,0.7774214373,30.71426148,20.91277373,25.8135176
10/11/2013,20.53,1.935328517,29.33600484,20.97922427,25.15761456
10/12/2013,24.2,0.919780172,29.62077611,21.37741726,25.49909668
10/13/2013,19.22,2.194143126,31.81993576,21.49283759,26.65638667
10/14/2013,19.7,0.5828480075,31.51419695,22.14193389,26.82806542
10/15/2013,21.5,0.01984942303,32.07084081,22.03296464,27.05190272
10/16/2013,13.11,1.12893391,32.25825753,22.13445354,27.19635553
10/17/2013,14.76,0,32.53283677,21.86019068,27.19651373
10/18/2013,9.43,0,32.67697242,20.39470777,26.53584009
10/19/2013,10.65,0,32.14587644,19.67096733,25.90842188
10/20/2013,8.21,0,32.39052239,19.70825656,26.04938948
10/21/2013,6.62,0,31.18310347,20.44502703,25.81406525
10/22/2013,5.56,0,29.74310294,21.29947988,25.52129141
10/23/2013,5.26,0.1397157223,29.16761942,21.19393174,25.18077558
10/24/2013,4.87,18.96827986,28.29419747,21.56438973,24.9292936
10/25/2013,47.77,27.20823353,27.65839463,21.30594022,24.48216742
10/26/2013,42.04,10.54587508,29.25310317,21.61335778,25.43323047
10/27/2013,28.03,4.730318676,30.88394344,20.92793776,25.9059406
10/28/2013,25.54,0,31.92407032,20.68741673,26.30574352
10/29/2013,21.53,0,31.94697079,19.2746449,25.61080785
10/30/2013,18.27,0,31.3441345,18.15122278,24.74767864
10/31/2013,11.39,0,30.80058444,17.10122181,23.95090312
11/1/2013,10.82,0,31.36258251,18.28502718,24.82380485
11/2/2013,7.8,0,31.61793829,19.49664265,25.55729047
11/3/2013,7.91,0,31.71438935,19.75825753,25.73632344
11/4/2013,6.93,0,31.49335885,19.04174344,25.26755114
11/5/2013,6.4,0,30.61529246,18.0220611,24.31867678
11/6/2013,5.18,0,29.97148783,17.08109522,23.52629152
11/7/2013,4.72,0,29.72135996,16.41535563,23.06835779
11/8/2013,4.72,0,29.74955401,16.7253551,23.23745455
11/9/2013,4.58,0,30.34058535,16.66793753,23.50426144
11/10/2013,4.7,0,29.53593993,15.89542006,22.71568
11/11/2013,4.46,0,29.84264599,15.11329471,22.47797035
11/12/2013,4.28,0,29.7960041,14.91161537,22.35380973
11/13/2013,4.13,0,29.39406981,14.07703502,21.73555241
11/14/2013,4.06,0,29.37503677,13.63161563,21.5033262
11/15/2013,3.55,0,28.89161578,13.0599364,20.97577609
11/16/2013,4.06,0,29.16058505,12.41283766,20.78671136
11/17/2013,3.33,0,28.2549098,16.04334692,22.14912836
11/18/2013,3.68,0,31.20406944,16.03987287,23.62197116
11/19/2013,3.65,0,31.437492,15.73522832,23.58636016
11/20/2013,3.56,0,31.71510086,13.94025463,22.82767774
11/21/2013,3,0,31.4268442,13.64154067,22.53419244
11/22/2013,2.91,0,31.12071217,14.96515449,23.04293333
11/23/2013,2.8,0,28.18646064,18.049798,23.11812932
11/24/2013,2.72,23.78530044,28.44438907,19.74541949,24.09490428
11/25/2013,7.83,4.446511241,31.5144527,19.19491016,25.35468143
11/26/2013,7.3,0,31.19949067,19.23329469,25.21639268
11/27/2013,6.28,0,31.07245546,15.90749218,23.48997382
11/28/2013,5.48,0,29.39406981,14.46103044,21.92755012
11/29/2013,4.38,0.2259795269,26.33258183,17.59870385,21.96564284
11/30/2013,4.39,1.424121211,30.14096664,18.54394329,24.34245496
12/1/2013,5.19,0,31.68348552,17.46942545,24.57645549
12/2/2013,4.03,0,30.57039291,18.69697097,24.63368194
12/3/2013,4.08,1.799309365,29.61697104,19.18258221,24.39977662
12/4/2013,3.95,0.7545151409,29.91587689,18.15245538,24.03416614
12/5/2013,3.85,0,29.7196812,15.32361287,22.52164703
12/6/2013,3.79,0,28.73884228,14.03645072,21.3876465
12/7/2013,3.72,0,27.78574969,11.58561075,19.68568022
12/8/2013,4.7,0,29.62974515,11.30935207,20.46954861
12/9/2013,3.71,0,29.56942566,10.79825758,20.18384162
12/10/2013,3.84,0,30.46625992,11.71967098,21.09296545
12/11/2013,3.72,0,29.74961795,11.52238017,20.63599906
12/12/2013,3.59,0,29.75529185,12.49540927,21.12535056
12/13/2013,3.77,0,29.63355022,11.44889517,20.54122269
12/14/2013,3.67,0,30.05129594,10.85122173,20.45125884
12/15/2013,2.92,0,30.03742828,10.11502615,20.07622721
12/16/2013,0,0,29.61755624,10.95916074,20.28835849
12/17/2013,0,0,29.79677937,10.82657778,20.31167857
12/18/2013,0,0,29.38064847,10.97573897,20.17819372
12/19/2013,0,0,30.06148798,11.29657804,20.67903301
12/20/2013,0,0,30.29968112,11.97735371,21.13851741
12/21/2013,0,0,29.71490888,13.19302851,21.45396869
12/22/2013,0,0,29.00052126,13.61380481,21.30716304
12/23/2013,0,0,28.18323134,14.42535586,21.3042936
12/24/2013,0,0,29.01000023,14.51231678,21.76115851
12/25/2013,0,0,29.29877798,14.61031864,21.95454831
12/26/2013,0,0,28.51419678,13.99941567,21.25680622
12/27/2013,0,0,28.60968076,14.36496309,21.48732192
12/28/2013,0,0,29.52329369,14.33380412,21.92854891
12/29/2013,0,0,28.70497259,14.88896907,21.79697083
12/30/2013,0,0,28.845292,14.41123245,21.62826222
12/31/2013,0,0,29.33993622,13.98348571,21.66171096
1/1/2014,0,0,28.99823116,14.31574085,21.65698601
1/2/2014,0,0,29.43578893,14.043643,21.73971597
1/3/2014,0,0,30.04619567,14.02274965,22.03447266
1/4/2014,0,0,30.59913265,14.57710784,22.58812024
1/5/2014,0,0,29.98105546,14.55138954,22.2662225
1/6/2014,0,0,29.72963412,15.08453756,22.40708584
1/7/2014,0,0,29.93714627,15.69810882,22.81762754
1/8/2014,0,0,30.40555784,14.67275095,22.53915439
1/9/2014,0,0,30.70234895,14.88889733,22.79562314
1/10/2014,0,0,30.77941694,15.80870131,23.29405912
1/11/2014,0,0,29.48962277,16.24749399,22.86855838
1/12/2014,0,0,29.98806476,15.94401772,22.96604124
1/13/2014,0,0,30.39294351,15.67352751,23.03323551
1/14/2014,0,0,30.41824396,15.61096498,23.01460447
1/15/2014,0,0,30.92530631,15.794984,23.36014515
1/16/2014,0,0,31.2269453,15.81469799,23.52082165
1/17/2014,0,0,30.69601458,17.30789506,24.00195482
1/18/2014,0,0,28.30286833,16.92106423,22.61196628
1/19/2014,0,0,29.81539336,16.37727316,23.09633326
1/20/2014,0,0,30.60253235,16.00812172,23.30532703
1/21/2014,0,0,29.83447915,16.53032643,23.18240279
1/22/2014,0,0,29.84277931,16.54786375,23.19532153
1/23/2014,0,0,28.60343175,17.23359982,22.91851578
1/24/2014,0,0,29.25625005,16.73599724,22.99612365
1/25/2014,0,0,29.66835534,16.02160182,22.84497858
1/26/2014,0,0,29.58471178,15.74369375,22.66420277
1/27/2014,0,0,28.97013276,15.07954895,22.02484086
1/28/2014,0,0,29.18049726,13.10166964,21.14108345
1/29/2014,0,0,29.6672778,14.13195828,21.89961804
1/30/2014,0,0,29.80588021,14.17812503,21.99200262
1/31/2014,0,0,29.88885229,13.83649858,21.86267543
2/1/2014,0,0,30.30001661,13.75221755,22.02611708
2/2/2014,0,0,30.97678455,14.27244152,22.62461303
2/3/2014,0,0,31.596674,13.90597154,22.75132277
2/4/2014,0,0,32.79704522,14.1350361,23.46604066
2/5/2014,0,0,33.40842237,14.61104913,24.00973575
2/6/2014,0,0,34.29416226,15.57238967,24.93327596
2/7/2014,0,0,34.05526081,16.11023274,25.08274677
2/8/2014,0,0,33.85197986,16.24080824,25.04639405
2/9/2014,0,0,32.53797662,16.10800071,24.32298866
2/10/2014,0,0,32.08428692,15.14982531,23.61705611
2/11/2014,0,0,31.71698919,14.63602485,23.17650702
2/12/2014,0,0,32.24545312,15.2642693,23.75486121
2/13/2014,0,0,31.24141552,17.50761413,24.37451483
2/14/2014,0,0,29.95696277,17.1756669,23.56631484
2/15/2014,0,0,30.20852421,16.96041324,23.58446873
2/16/2014,0,0,28.77577445,15.97985965,22.37781705
2/17/2014,0,0,29.0007811,14.09509335,21.54793723
2/18/2014,0,0,29.97186022,13.20928793,21.59057407
2/19/2014,0,0,31.88440657,14.4147914,23.14959898
2/20/2014,0,0,33.03822431,16.59924047,24.81873239
2/21/2014,0,0,32.6597775,18.83140478,25.74559114
2/22/2014,0,0,32.15742912,20.13266958,26.14504935
2/23/2014,0,0,32.38064472,19.33399235,25.85731854
2/24/2014,0,1.278774785,31.97825763,18.19611778,25.08718771
2/25/2014,0,0,32.88011566,17.62303402,25.25157484
2/26/2014,0,0,33.43934821,17.6060253,25.52268676
2/27/2014,0,1.144168037,32.92900014,18.42415996,25.67658005
2/28/2014,0,11.38275963,30.66639633,18.44192959,24.55416296
3/1/2014,0,0.9799458635,30.15719964,17.65674079,23.90697022
3/2/2014,0,0.2162960844,30.33973977,16.65437082,23.4970553
3/3/2014,0,0.09895599562,30.23312764,17.36142062,23.79727413
3/4/2014,0,18.38592825,26.40515051,16.46377432,21.43446242
3/5/2014,0,9.726457257,28.77596991,16.29530602,22.53563796
3/6/2014,0,7.270468561,27.7422845,17.40257014,22.57242732
3/7/2014,0,3.050254132,29.77746176,16.9710453,23.37425353
3/8/2014,0,0.7934391308,29.75907658,18.62192287,24.19049972
3/9/2014,0,17.2710753,29.3901955,16.72925022,23.05972286
3/10/2014,0,20.13220601,29.8196755,16.75271776,23.28619663
3/11/2014,3.89,5.624633479,32.88405355,18.09512764,25.48959059
3/12/2014,3.57,2.09801249,32.28031411,20.00823875,26.14427643
3/13/2014,3.89,0,33.56090636,19.37083853,26.46587245
3/14/2014,3.72,0.05372209577,34.50832587,19.22302073,26.8656733
3/15/2014,3.7,0,35.37324106,20.14992056,27.76158081
3/16/2014,3.12,0.3286614722,35.65491167,20.41176105,28.03333636
3/17/2014,0,0,36.11715963,20.57470686,28.34593325
3/18/2014,0,0,36.0741918,22.08353337,29.07886258
3/19/2014,0,0,36.60303625,21.16463631,28.88383628
3/20/2014,0,0,37.54380344,20.9211161,29.23245977
3/21/2014,0,0,37.27311663,20.89614452,29.08463058
3/22/2014,0,0,36.86378938,21.09214866,28.97796902
3/23/2014,0,0,37.22710093,20.40678143,28.81694118
3/24/2014,0,0,37.3543844,21.88611544,29.62024992
3/25/2014,0,0,36.75250131,22.08641364,29.41945747
3/26/2014,0,0,37.80845426,22.32701931,30.06773679
3/27/2014,0,0,38.13026011,22.55073278,30.34049645
3/28/2014,0,0,38.63990411,22.28560189,30.462753
3/29/2014,0,0,39.02974158,22.71190121,30.8708214
3/30/2014,0,0,39.28816009,22.59197764,30.94006886
3/31/2014,0,0,39.32779176,23.46791603,31.39785389
4/1/2014,0,0.1244531622,38.31291294,23.35420597,30.83355946
4/2/2014,0,0,37.66013971,22.35938151,30.00976061
4/3/2014,0,0,38.30635019,22.09937646,30.20286332
4/4/2014,0,0,38.88738672,22.17378189,30.5305843
4/5/2014,0,0,39.78752867,22.27186835,31.02969851
4/6/2014,0,0,39.99482235,22.77945429,31.38713832
4/7/2014,0,0,39.71918074,23.47954443,31.59936258
4/8/2014,0,0,37.31772308,24.05289764,30.68531036
4/9/2014,0,0.1768357469,37.93407727,23.83672236,30.88539982
4/10/2014,0,0.0245925424,37.98837015,21.54879066,29.76858041
4/11/2014,0,0,38.85770431,22.5169625,30.6873334
4/12/2014,0,0,38.5743806,22.96440301,30.7693918
4/13/2014,0,0,38.85368982,22.56104966,30.70736974
4/14/2014,0,0,38.80068245,22.96983306,30.88525775
4/15/2014,0,0.0000009910087701,38.24259535,23.53202883,30.88731209
4/16/2014,0,0,39.71119987,23.88365964,31.79742975
4/17/2014,0,3.223131292,39.75234012,24.37099191,32.06166601
4/18/2014,0,0.339031046,37.79360029,24.02041494,30.90700762
4/19/2014,0,0,37.91351318,23.14655548,30.53003433
4/20/2014,0,8.272894879,38.20640337,22.04499767,30.12570052
4/21/2014,0,0.6160821127,38.60905126,23.07509051,30.84207089
4/22/2014,0,0.1380526137,37.88024246,24.03209427,30.95616837
4/23/2014,0,0,38.98713422,24.30480557,31.64596989
4/24/2014,0,0,39.80959366,25.12340319,32.46649842
4/25/2014,0,0,40.56245668,25.15121262,32.85683465
4/26/2014,0,0,41.18158075,24.99108489,33.08633282
4/27/2014,0,0,41.16597222,25.45638856,33.31118039
4/28/2014,0,0,41.61690107,25.1221316,33.36951634
4/29/2014,0,0.7852127527,41.74785578,25.48650113,33.61717845
4/30/2014,0,1.277888027,40.52304772,26.34852372,33.43578572
5/1/2014,0,0,41.08395348,25.05727124,33.07061236
5/2/2014,0,0.0000003758998783,41.41907461,25.86207502,33.64057482
5/3/2014,0,0.6535979512,39.46997649,25.62214394,32.54606021
5/4/2014,0,2.192164966,39.11806543,23.08818784,31.10312664
5/5/2014,0,0,39.04523171,24.58789233,31.81656202
5/6/2014,0,0.7214736388,38.77434292,24.28603396,31.53018844
5/7/2014,0,0.007117486948,39.08908273,25.35354304,32.22131288
5/8/2014,0,0,36.25919816,25.55190987,30.90555402
5/9/2014,0,2.876813554,33.41790027,21.6564977,27.53719899
5/10/2014,0,1.743867681,37.51759129,22.75634176,30.13696653
5/11/2014,0,0,38.49072748,23.88436456,31.18754602
5/12/2014,0,0,39.06211446,24.00713262,31.53462354
5/13/2014,0,0,39.59488029,24.04303669,31.81895849
5/14/2014,0,0,38.9109759,25.11026391,32.01061991
5/15/2014,0,0,38.27201097,25.00811694,31.64006395
5/16/2014,0,0,39.05050258,25.39673381,32.22361819
5/17/2014,0,0,38.96191793,26.09440938,32.52816365
5/18/2014,0,0,40.51766137,26.16806186,33.34286161
5/19/2014,0,0,40.74438738,27.10036904,33.92237821
5/20/2014,0,8.184779914,40.01855635,24.79578501,32.40717068
5/21/2014,0,0.2845394329,40.45684569,25.64139593,33.04912081
5/22/2014,0,0,41.20175469,26.04392574,33.62284022
5/23/2014,0,0,42.07767511,26.12478689,34.101231
5/24/2014,0,0,42.04379783,26.20405548,34.12392666
5/25/2014,0,0,42.28939744,26.88547608,34.58743676
5/26/2014,0,0.147993562,39.46945575,25.06654024,32.267998
5/27/2014,0,0,40.44166225,26.47935252,33.46050738
5/28/2014,0,0,41.23800412,24.89755013,33.06777713
5/29/2014,0,0,41.72493704,26.33581822,34.03037763
5/30/2014,0,0.000002084535689,41.34792634,26.91539948,34.13166291
5/31/2014,0,0.0000008543179053,41.66827716,26.44243186,34.05535451
6/1/2014,0,0,42.45868252,26.50267454,34.48067853
6/2/2014,0,0,41.24555875,27.2544848,34.25002178
6/3/2014,0,0.08774014957,38.35639701,23.69871125,31.02755413
6/4/2014,0,0,40.68455211,25.74797328,33.21626269
6/5/2014,0,0.4221750246,41.1438633,25.71166018,33.42776174
6/6/2014,0,0,41.81704447,26.49349004,34.15526726
6/7/2014,0,2.105205264,41.1290994,25.18988864,33.15949402
6/8/2014,0,0,39.06679195,27.22211735,33.14445465
6/9/2014,0,0,38.41077633,26.75025691,32.58051662
6/10/2014,0,0,38.84229326,26.41274284,32.62751805
6/11/2014,0,0.5140775809,38.24444934,24.59284811,31.41864873
6/12/2014,0,0,37.61117401,24.91740511,31.26428956
6/13/2014,0,0.06003127574,38.02392447,26.1639946,32.09395954
6/14/2014,0,13.63302582,36.52600309,23.86705948,30.19653129
6/15/2014,0,2.725584577,35.71085461,24.20587469,29.95836465
6/16/2014,0,2.904286266,36.41885839,24.52083709,30.46984774
6/17/2014,0,0.28441035,35.91532048,25.6067092,30.76101484
6/18/2014,0,2.020345206,33.60229973,23.73587375,28.66908674
6/19/2014,0,7.586451023,34.62876278,24.67193397,29.65034838
6/20/2014,0,5.704731007,35.06438628,23.64039884,29.35239256
6/21/2014,0,0.03390769367,35.52067746,24.86538809,30.19303278
6/22/2014,0,0,35.81179775,25.0370933,30.42444552
6/23/2014,0,0,36.29598127,24.78230135,30.53914131
6/24/2014,0,0,37.42388194,24.58189719,31.00288957
6/25/2014,0,0,36.93948738,24.68986858,30.81467798
6/26/2014,0,0,36.83169031,25.04688875,30.93928953
6/27/2014,0,0.07193622943,37.10698589,24.75997205,30.93347897
6/28/2014,0,0.3252159202,34.19931472,24.84354945,29.52143209
6/29/2014,0,0.000002289571986,35.56266611,25.16957173,30.36611892
6/30/2014,0,0,37.3977932,24.64585499,31.02182409
7/1/2014,0,0,37.63564077,25.17722328,31.40643202
7/2/2014,0,4.965126209,37.41991821,24.90079661,31.16035741
7/3/2014,0,0,37.05713072,24.60969305,30.83341189
7/4/2014,0,0.3965293533,36.03309934,24.69814721,30.36562327
7/5/2014,0,1.123201006,36.04909415,24.42571597,30.23740506
7/6/2014,0,5.530466756,33.84301144,24.44415886,29.14358515
7/7/2014,0,0.2410325986,33.39077209,23.37785845,28.38431527
7/8/2014,0,19.67216076,34.22187151,22.63120787,28.42653969
7/9/2014,0,12.2819702,31.62833118,22.34379472,26.98606295
7/10/2014,0,0.6128923331,33.26643363,22.66265974,27.96454669
7/11/2014,0,0.07112293413,32.55880691,22.7910584,27.67493266
7/12/2014,0,0,32.77158538,23.01737641,27.89448089
7/13/2014,0,0.03416430603,32.83602523,22.54257727,27.68930125
7/14/2014,0,6.084205785,30.92849622,22.7451169,26.83680656
7/15/2014,0,5.916061423,30.17687497,22.49404848,26.33546172
7/16/2014,0,2.585684783,31.67572894,22.11742891,26.89657893
7/17/2014,0,0,31.82685542,23.08531879,27.4560871
7/18/2014,0,0,32.38663013,22.77053249,27.57858131
7/19/2014,0,0,30.06251957,23.54417208,26.80334582
7/20/2014,0,0.251691977,28.4088563,22.56258966,25.48572298
7/21/2014,0,2.609721455,28.92658876,22.94613438,25.93636157
7/22/2014,0,5.592595716,27.09718498,21.70866942,24.4029272
7/23/2014,0,0.350920006,26.64884294,21.58938678,24.11911486
7/24/2014,0,0.2477821793,30.88100503,21.45308234,26.16704369
7/25/2014,0,4.125152618,32.58447866,21.78365073,27.18406469
7/26/2014,0,0.6058871203,33.12046902,22.66216448,27.89131675
7/27/2014,0,1.518852003,28.734988,22.4253453,25.58016665
7/28/2014,0,9.58536489,27.95370012,22.13939528,25.0465477
7/29/2014,0,11.02598422,29.4837136,22.01608881,25.7499012
7/30/2014,0,0.04783002844,30.09813605,22.31735175,26.2077439
7/31/2014,0,0.02904041192,30.55590352,22.50903465,26.53246909
8/1/2014,0,2.238954754,31.95971616,22.39561278,27.17766447
8/2/2014,0,0.0689845817,31.88998378,22.23681199,27.06339789
8/3/2014,0,0,31.84783755,22.62839545,27.2381165
8/4/2014,0,0.007939769212,30.10964627,23.09903719,26.60434173
8/5/2014,0,11.5446606,27.88674158,22.13204473,25.00939316
8/6/2014,0,3.084729378,31.15102743,22.03906167,26.59504455
8/7/2014,0,0.6173266183,32.14598497,21.94405311,27.04501904
8/8/2014,0,0.4991694675,31.98912656,22.05924687,27.02418672
8/9/2014,0,0.2002713296,33.09146615,22.17424748,27.63285681
8/10/2014,0,0.7667759241,32.94586728,22.7636243,27.85474579
8/11/2014,0,6.299568625,32.84345343,22.74858228,27.79601786
8/12/2014,0,0.7029962188,32.85455471,22.76600223,27.81027847
8/13/2014,0,1.110519578,32.96206899,22.48577353,27.72392126
8/14/2014,0,0,32.80947552,22.69420534,27.75184043
8/15/2014,0,0,33.21415182,23.03248612,28.12331897
8/16/2014,0,0.03762795366,32.5347672,22.73427701,27.63452211
8/17/2014,0,0.04335064471,32.64789739,22.82543457,27.73666598
8/18/2014,0,0.05498690014,34.10058777,22.78903861,28.44481319
8/19/2014,0,0.1801940735,35.18400406,23.39571093,29.2898575
8/20/2014,0,3.290872215,34.34532411,23.62090435,28.98311423
8/21/2014,0,12.37337171,33.78277095,23.3253024,28.55403667
8/22/2014,10.9,21.2117589,31.72330535,21.97094922,26.84712729
8/23/2014,0,0.3160946772,32.47522128,22.47458226,27.47490177
8/24/2014,0,0,33.22816725,23.071242,28.14970463
8/25/2014,0,2.066282926,32.98605277,22.65338844,27.8197206
8/26/2014,0,18.61352284,30.75005807,22.3179817,26.53401989
8/27/2014,84.66,47.31263245,29.54421407,21.69657191,25.62039299
8/28/2014,19.33,8.412154892,27.39400838,21.145842,24.26992519
8/29/2014,9.7,3.976421416,28.20995336,21.65231996,24.93113666
8/30/2014,36.2,48.27537572,29.13770259,21.89193167,25.51481713
8/31/2014,102.94,16.62729647,28.30170371,21.99367248,25.1476881
9/1/2014,68.56,4.859750065,27.81810031,21.5680664,24.69308335
9/2/2014,26.85,0,29.82034233,21.57453332,25.69743783
9/3/2014,14.52,0.3672131361,30.86869504,21.91962026,26.39415765
9/4/2014,11.21,0.04843930853,31.2632336,22.20944285,26.73633822
9/5/2014,9.58,0.01879036831,30.47304305,22.37731035,26.4251767
9/6/2014,8.23,5.866741988,28.38256649,22.06334065,25.22295357
9/7/2014,8,1.008559608,25.2683505,21.59678653,23.43256851
9/8/2014,8.28,8.034837409,26.95319266,21.10997054,24.0315816
9/9/2014,7.81,0.05271726994,28.79269705,21.43358947,25.11314326
9/10/2014,7.06,0.7209748875,29.38593699,21.51356259,25.44974979
9/11/2014,6.16,0.09036435981,30.12024212,21.96198033,26.04111122
9/12/2014,5.85,0,31.04291733,21.96643709,26.50467721
9/13/2014,5.19,2.01051788,31.18764855,22.31362222,26.75063539
9/14/2014,4.6,0,30.78565949,22.70253302,26.74409626
9/15/2014,3.96,0.160556421,31.15004106,22.40002083,26.77503094
9/16/2014,3.77,6.993468534,31.45155727,22.1581867,26.80487199
9/17/2014,3.55,1.09250607,31.41742633,21.81070341,26.61406487
9/18/2014,2.44,0.6493330048,30.84791183,22.26225324,26.55508253
9/19/2014,2.31,2.541769333,31.69765611,22.31448474,27.00607042
9/20/2014,3.53,7.931524271,29.9827639,22.28096773,26.13186581
9/21/2014,2.84,0.01952556434,31.2348385,21.95187821,26.59335836
9/22/2014,2.29,0,32.23001147,21.98961918,27.10981532
9/23/2014,0,0,32.66330915,22.26209352,27.46270134
9/24/2014,0,0.09825076788,33.24342729,22.50260574,27.87301652
9/25/2014,0,0,33.78287224,22.16148234,27.97217729
9/26/2014,0,0,33.69195682,21.34291224,27.51743453
9/27/2014,0,0,33.84206566,21.52014033,27.681103
9/28/2014,0,0,33.99974046,21.89141672,27.94557859
9/29/2014,0,0,33.82899671,21.67613789,27.7525673
9/30/2014,0,0,34.15356352,21.65241689,27.90299021
10/1/2014,0,0,34.42617082,21.46692111,27.94654597
10/2/2014,0,0,34.94428943,21.39004331,28.16716637
10/3/2014,0,0,35.19226806,21.67415279,28.43321042
10/4/2014,0,0,35.54348967,22.06729332,28.8053915
10/5/2014,0,0,35.57324034,22.47418075,29.02371054
10/6/2014,0,0,34.87367865,22.41655116,28.6451149
10/7/2014,0,0,33.620602,21.51561223,27.56810711
10/8/2014,0,0.000002323744702,32.37279617,22.22468471,27.29874044
10/9/2014,0,9.440359744,33.19889346,22.14580913,27.6723513
10/10/2014,0,0.0000005125907432,34.18573347,22.45321433,28.3194739
10/11/2014,0,0,34.35177006,22.59720244,28.47448625
10/12/2014,0,0,33.75716314,20.2768811,27.01702212
10/13/2014,0,0,34.03346844,21.85245175,27.9429601
10/14/2014,0,0,35.31469957,21.71367784,28.5141887
10/15/2014,0,0,33.93763534,23.27963153,28.60863344
10/16/2014,0,0.4442647959,33.57873135,22.97575443,28.27724289
10/17/2014,0,0.0000005125907432,33.70529435,22.77278226,28.23903831
10/18/2014,0,0.0000005467634594,33.5762276,21.8235283,27.69987795
10/19/2014,0,0,33.7146054,21.24674702,27.48067621
10/20/2014,0,0,33.98893269,20.62318556,27.30605913
10/21/2014,0,0,33.54096816,20.82204315,27.18150565
10/22/2014,0,0,33.03801929,20.82982549,26.93392239
10/23/2014,0,0,33.09509485,19.89588625,26.49549055
10/24/2014,0,0,32.90279979,19.52161582,26.2122078
10/25/2014,0,0,26.66220982,21.9532217,24.30771576
10/26/2014,0,0.05300991097,24.05128015,18.45247326,21.2518767
10/27/2014,0,2.017252373,27.27622034,17.4516261,22.36392322
10/28/2014,0,0,30.61348386,17.06884164,23.84116275
10/29/2014,0,0,31.38373511,16.64111773,24.01242642
10/30/2014,0,0,31.74700616,15.87605564,23.8115309
10/31/2014,0,0,32.44764692,16.71964166,24.58364429
11/1/2014,0,0,31.05774993,16.96508501,24.01141747
11/2/2014,0,0,32.34504461,16.4368389,24.39094176
11/3/2014,0,0,32.5804887,17.02043655,24.80046262
11/4/2014,0,0,32.97930526,16.09218273,24.535744
11/5/2014,0,0,32.79346994,16.83409077,24.81378035
11/6/2014,0,0,32.66914796,17.53012398,25.09963597
11/7/2014,0,0,32.28803486,17.01234417,24.65018952
11/8/2014,0,0,31.38155289,15.65237021,23.51696155
11/9/2014,0,0,30.10321945,17.12278052,23.61299999
11/10/2014,0,2.241472001,31.12698993,18.45535053,24.79117023
11/11/2014,0,0.4195906247,32.55995931,19.98114758,26.27055345
11/12/2014,0,0,32.58371795,19.33987376,25.96179586
11/13/2014,0,2.98301482,29.69411907,19.47267307,24.58339607
11/14/2014,0,0.6259979561,30.41144059,20.56868046,25.49006053
11/15/2014,0,0.01149744764,30.11718229,20.02527418,25.07122823
11/16/2014,0,0.5614496049,30.79870241,19.61580061,25.20725151
11/17/2014,0,0.05122585677,31.25097417,19.17925297,25.21511357
11/18/2014,0,0,31.25711125,20.08424386,25.67067755
11/19/2014,0,0,30.6887272,18.38915394,24.53894057
11/20/2014,0,0,30.90245992,16.32206244,23.61226118
11/21/2014,0,0,31.14935723,15.78514215,23.46724969
11/22/2014,0,0,31.07955073,15.77294384,23.42624728
11/23/2014,0,0,30.76873295,16.18889586,23.4788144
11/24/2014,0,0,30.67356788,16.40060753,23.5370877
11/25/2014,0,0,30.32950246,14.95437654,22.6419395
11/26/2014,0,0,30.83356079,14.11057945,22.47207012
11/27/2014,0,0,30.72558957,14.56355413,22.64457185
11/28/2014,0,0,31.12549652,14.81772036,22.97160844
11/29/2014,0,0,31.12504505,14.74057353,22.93280929
11/30/2014,0,0,31.42381661,14.60190503,23.01286082
12/1/2014,0,0,31.20482119,14.03402947,22.61942533
12/2/2014,0,0,31.03729154,14.39569084,22.71649119
12/3/2014,0,0,31.04314799,14.4130903,22.72811914
12/4/2014,0,0,30.88852523,13.48012296,22.1843241
12/5/2014,0,0,30.26601957,13.31922994,21.79262475
12/6/2014,0,0,30.40392144,12.92215361,21.66303752
12/7/2014,0,0,30.39955801,12.88032436,21.63994119
12/8/2014,0,0,31.11916108,13.68093441,22.40004774
12/9/2014,0,0,32.20104758,15.3257966,23.76342209
12/10/2014,0,0,31.58070124,16.97206474,24.27638299
12/11/2014,0,0,29.78738375,17.90131402,23.84434888
12/12/2014,0,0.000000649281608,27.58116663,18.85331193,23.21723928
12/13/2014,0,4.444443393,26.1397883,18.93134379,22.53556605
12/14/2014,0,0,29.37924295,17.94686681,23.66305488
12/15/2014,0,0,28.48547595,17.30355313,22.89451454
12/16/2014,0,0,27.84905536,15.6644669,21.75676113
12/17/2014,0,0,25.85554235,13.674612,19.76507717
12/18/2014,0,0,26.67753601,10.459438,18.568487
12/19/2014,0,0,27.82461671,12.22097219,20.02279445
12/20/2014,0,0,27.48392343,11.20198984,19.34295663
12/21/2014,0,0,28.05973811,11.33001259,19.69487535
12/22/2014,0,0,28.69120871,10.38507435,19.53814153
12/23/2014,0,0,29.45169241,11.55689424,20.50429333
12/24/2014,0,0,29.48957919,12.89206966,21.19082442
12/25/2014,0,0,29.17218261,12.63942872,20.90580566
12/26/2014,0,0,27.44229837,12.58215663,20.0122275
12/27/2014,0,0,26.63577167,11.97779741,19.30678454
12/28/2014,0,0,26.84977754,10.81427049,18.83202402
12/29/2014,0,0,28.81007492,11.86663699,20.33835595
12/30/2014,0,0,30.36790773,13.45478985,21.91134879
12/31/2014,0,0,30.02105906,16.97560816,23.49833361
1/1/2015,0,1.118883337,26.94021554,18.51575425,22.72798489
1/2/2015,0,5.881141837,28.78031745,17.23534462,23.00783104
1/3/2015,0,1.867500011,28.10965383,18.37684899,23.24325141
1/4/2015,0,0.384969612,27.85758508,17.97553014,22.91655761
1/5/2015,0,0,28.54093268,15.19948193,21.87020731
1/6/2015,0,0,29.21170253,13.87809881,21.54490067
1/7/2015,0,0,29.84747856,13.61096704,21.7292228
1/8/2015,0,0,29.49529549,13.18727715,21.34128632
1/9/2015,0,0,28.83720742,12.06405023,20.45062882
1/10/2015,0,0,29.66212843,10.39132957,20.026729
1/11/2015,0,0,29.10768279,10.33695136,19.72231708
1/12/2015,0,0,29.93531919,10.13860532,20.03696225
1/13/2015,0,0,29.73048211,9.736739085,19.7336106
1/14/2015,0,0,30.36379047,10.59892962,20.48136004
1/15/2015,0,0,29.38988408,11.90507957,20.64748182
1/16/2015,0,0,30.14551017,12.26995799,21.20773408
1/17/2015,0,0,29.33359461,12.46659003,20.90009232
1/18/2015,0,0,30.08484321,12.24664991,21.16574656
1/19/2015,0,0,29.84810667,12.86488245,21.35649456
1/20/2015,0,0,29.88652074,14.86282967,22.37467521
1/21/2015,0,0,29.60838964,16.07233512,22.84036238
1/22/2015,0,0,30.43873812,16.01920845,23.22897329
1/23/2015,0,0,30.60355926,15.83516281,23.21936103
1/24/2015,0,0,31.45324879,16.70092493,24.07708686
1/25/2015,0,0,31.78202433,16.39096065,24.08649249
1/26/2015,0,0,31.08656314,16.52405004,23.80530659
1/27/2015,0,0,31.56273197,15.70580796,23.63426997
1/28/2015,0,0,30.79443005,14.86636371,22.83039688
1/29/2015,0,0,31.36162452,15.44212109,23.4018728
1/30/2015,0,0,30.49693681,15.74872461,23.12283071
1/31/2015,0,0,30.41331427,15.6933744,23.05334433
2/1/2015,0,0,31.88899256,14.69372994,23.29136125
2/2/2015,0,0,32.35241055,15.3865418,23.86947617
2/3/2015,0,0,31.48007683,16.77347125,24.12677404
2/4/2015,0,0,32.49764044,15.01264463,23.75514254
2/5/2015,0,0,32.28294874,15.14202545,23.7124871
2/6/2015,0,0,32.79029393,16.02478068,24.4075373
2/7/2015,0,0,32.87034543,15.439037,24.15469122
2/8/2015,0,0,32.5993857,17.05768592,24.82853581
2/9/2015,0,0,32.62855456,17.33958877,24.98407166
2/10/2015,0,0,32.62094041,17.49825124,25.05959582
2/11/2015,0,0,31.81490154,16.48843803,24.15166979
2/12/2015,0,0,33.10150287,16.17417483,24.63783885
2/13/2015,0,0,33.64116552,16.51303699,25.07710126
2/14/2015,0,0,34.0029903,16.83807563,25.42053297
2/15/2015,0,0,35.02153961,15.74360378,25.3825717
2/16/2015,0,0,35.48731036,16.15112086,25.81921561
2/17/2015,0,0,36.13089002,15.63312354,25.88200678
2/18/2015,0,0,35.97288757,17.01500701,26.49394729
2/19/2015,0,0,35.27002474,17.5880449,26.42903482
2/20/2015,0,0,34.688192,18.10904216,26.39861708
2/21/2015,0,0,34.72127701,17.7912713,26.25627416
2/22/2015,0,0,35.22330009,17.70631686,26.46480848
2/23/2015,0,0,35.361279,17.44373185,26.40250543
2/24/2015,0,0,35.94729588,18.00160212,26.974449
2/25/2015,0,0,35.66905697,18.36864482,27.0188509
2/26/2015,0,0,35.64564269,18.15642265,26.90103267
2/27/2015,0,0,35.14886802,18.67588083,26.91237442
2/28/2015,0,0,33.67016612,19.61828678,26.64422645
3/1/2015,0,10.2620282,26.07898064,16.78661848,21.43279956
3/2/2015,0,8.024439293,30.2887779,18.5981654,24.44347165
3/3/2015,0,0.03390765949,30.3948078,18.52153122,24.45816951
3/4/2015,0,0,31.40817476,16.40773407,23.90795442
3/5/2015,0,0,33.96392498,17.06938398,25.51665448
3/6/2015,0,0,34.17099834,19.54750315,26.85925074
3/7/2015,0,0.008541076506,34.74121904,19.41651594,27.07886749
3/8/2015,0,0,35.13318132,20.45536314,27.79427223
3/9/2015,0,13.19178636,30.92397024,18.42352376,24.673747
3/10/2015,0,0.03511082007,31.88720777,19.70301007,25.79510892
3/11/2015,0,0,34.36381071,19.75036453,27.05708762
3/12/2015,0,0,34.0640546,18.55775341,26.31090401
3/13/2015,0,0,35.38743158,19.70150331,27.54446744
3/14/2015,0,0,35.0932133,19.23235985,27.16278658
3/15/2015,0,0,35.20856077,20.78683436,27.99769757
3/16/2015,0,2.231140931,34.95893819,21.40874455,28.18384137
3/17/2015,0,4.046354216,35.85681381,21.03534094,28.44607737
3/18/2015,0,0,36.2609252,21.08679953,28.67386237
3/19/2015,0,0,36.60277953,21.02969274,28.81623614
3/20/2015,0,0,37.57880188,20.96980936,29.27430562
3/21/2015,0,0,37.88972772,21.34985499,29.61979135
3/22/2015,0,0,38.74073876,22.1912406,30.46598968
3/23/2015,0,0,39.07156568,22.60797861,30.83977214
3/24/2015,0,0,39.18024233,22.41666498,30.79845366
3/25/2015,0,0,39.2392135,22.48649021,30.86285185
3/26/2015,0,0,38.47290637,22.74679744,30.6098519
3/27/2015,0,0,38.64692972,22.24575642,30.44634307
3/28/2015,0,0,38.87017632,22.69812759,30.78415195
3/29/2015,0,0,37.1944053,24.11400928,30.65420729
3/30/2015,0,0,35.12139422,23.65967464,29.39053443
3/31/2015,0,0,37.4489017,22.08656424,29.76773297
4/1/2015,0,0,38.68057679,22.92378666,30.80218172
4/2/2015,0,0.003105846002,38.87751192,23.58708727,31.23229959
4/3/2015,0,0,39.68031384,23.48277891,31.58154638
4/4/2015,0,0,39.40528091,23.24812047,31.32670069
4/5/2015,0,0,39.67000288,22.39875565,31.03437927
4/6/2015,0,0,39.23317734,23.25878095,31.24597914
4/7/2015,0,0,39.74790955,24.11255062,31.93023009
4/8/2015,0,0.1904481914,38.82801366,23.51453802,31.17127584
4/9/2015,0,13.2282633,38.63259256,23.53636651,31.08447954
4/10/2015,0,0.1427843567,38.25085899,23.83031409,31.04058654
4/11/2015,0,4.146735716,33.99886101,21.63741195,27.81813648
4/12/2015,0,22.101381,29.00531601,18.76442151,23.88486876
4/13/2015,0,8.379944496,31.32414873,17.28140366,24.3027762
4/14/2015,0,6.908860734,30.91958986,17.59227165,24.25593075
4/15/2015,0,0,33.16239763,19.19933521,26.18086642
4/16/2015,0,3.620761158,33.42607022,20.40711138,26.9165908
4/17/2015,0,2.011593184,34.81556149,20.79002734,27.80279442
4/18/2015,0,0,38.38917941,21.77040363,30.07979152
4/19/2015,0,0,39.17137674,23.82679118,31.49908396
4/20/2015,0,0,39.99644517,24.96890178,32.48267347
4/21/2015,0,0,40.1532125,25.32292767,32.73807008
4/22/2015,0,0,39.56181132,25.67102882,32.61642007
4/23/2015,0,4.741349169,39.4226601,25.04228615,32.23247313
4/24/2015,0,0.2067916587,38.12909458,23.20503611,30.66706535
4/25/2015,0,0,38.86637312,23.57580599,31.22108956
4/26/2015,0,0,38.86503074,23.79158622,31.32830848
4/27/2015,0,0.2587452757,38.88762894,23.93399512,31.41081203
4/28/2015,0,0.0000008201451891,40.96745195,25.41184294,33.18964744
4/29/2015,0,0,41.88696904,26.02275582,33.95486243
4/30/2015,0,0,41.70329391,25.91365479,33.80847435
5/1/2015,0,0,42.01136646,25.59487159,33.80311902
5/2/2015,0,0,42.09655287,26.31128532,34.2039191
5/3/2015,0,0,41.41380712,26.23232351,33.82306531
5/4/2015,0,0,40.04953586,25.95397903,33.00175745
5/5/2015,0,8.69862053,39.42583467,23.54560557,31.48572012
5/6/2015,0,2.026404586,40.07060365,24.15665828,32.11363096
5/7/2015,0,0,40.345315,25.46718907,32.90625204
5/8/2015,0,0,41.69042856,25.89805153,33.79424005
5/9/2015,0,0,41.99404637,27.14711819,34.57058228
5/10/2015,0,1.376538988,39.22916989,27.13313971,33.1811548
5/11/2015,0,0,40.22945207,26.56778984,33.39862095
5/12/2015,0,8.003009574,39.77277612,25.59330376,32.68303994
5/13/2015,0,0.0000007517997566,39.30325178,27.11736399,33.21030789
5/14/2015,0,1.406628562,37.83150794,24.48052664,31.15601729
5/15/2015,0,0.7624781337,36.21827654,26.36707432,31.29267543
5/16/2015,0,11.35948818,37.59033469,23.81719121,30.70376295
5/17/2015,0,0,40.13360535,25.18386118,32.65873327
5/18/2015,0,0,42.11957436,26.58461057,34.35209246
5/19/2015,0,0,43.89404793,27.37648572,35.63526682
5/20/2015,0,0,44.26117483,27.64871417,35.9549445
5/21/2015,0,0,44.75615742,28.26161522,36.50888632
5/22/2015,0,0,44.18146702,28.01560942,36.09853822
5/23/2015,0,0,42.91832174,27.80241696,35.36036935
5/24/2015,0,0,42.3141416,27.55011685,34.93212923
5/25/2015,0,0,42.18288024,27.65910258,34.92099141
5/26/2015,0,0,42.97312562,27.63863454,35.30588008
5/27/2015,0,0,43.8311694,28.14049864,35.98583402
5/28/2015,0,0,42.84027981,27.53707062,35.18867521
5/29/2015,0,2.552765546,43.96182482,28.04382958,36.0028272
5/30/2015,0,0.7973424555,42.10808181,25.9428091,34.02544546
5/31/2015,0,0,43.08154533,28.87341806,35.9774817
6/1/2015,0,0.7755115639,38.01658422,25.89537355,31.95597889
6/2/2015,0,0,40.33193369,25.96470513,33.14831941
6/3/2015,0,1.216595714,40.00818928,24.96803144,32.48811036
6/4/2015,0,0.0000004442453107,40.33021323,27.49018478,33.910199
6/5/2015,0,9.003749803,37.77897102,24.59501103,31.18699102
6/6/2015,0,0,38.13155212,26.31878202,32.22516707
6/7/2015,0,0,37.82236945,25.70597862,31.76417403
6/8/2015,,5.448552282,37.63344769,24.52273113,31.07808941
6/9/2015,,9.189456127,36.21696224,24.16177619,30.18936921
6/10/2015,,0,38.67713844,25.54077395,32.1089562
6/11/2015,,1.025467646,38.4204409,25.68590588,32.05317339
6/12/2015,,0.5649158322,35.00626381,24.86837618,29.93732
6/13/2015,,18.77320349,33.15532216,23.18995813,28.17264014
6/14/2015,,10.88140059,32.58885746,22.77840337,27.68363042
6/15/2015,,11.47349076,32.44622071,22.78800852,27.61711462
6/16/2015,,2.810681068,33.16389038,23.02452003,28.09420521
6/17/2015,,12.31480534,32.37696936,23.20554114,27.79125525
6/18/2015,,12.17555303,32.02493496,23.03014865,27.5275418
6/19/2015,,3.768884897,31.28949695,22.49926929,26.89438312
6/20/2015,,0.5362245606,31.40926968,22.68104528,27.04515748
6/21/2015,,1.306658977,27.68276417,23.04107066,25.36191741
6/22/2015,,3.319018925,30.65333147,22.43995213,26.5466418
6/23/2015,,0.8271240669,33.09397156,22.786567,27.94026928
6/24/2015,,0,33.72697033,24.06689218,28.89693125
6/25/2015,,0,33.9673232,24.39632233,29.18182277
6/26/2015,,0.1807287538,34.11545285,24.03779281,29.07662283
6/27/2015,,4.823350904,33.92171951,23.31398443,28.61785197
6/28/2015,,0.3666925565,34.77387212,23.94468992,29.35928102
6/29/2015,,0,35.52518286,24.1831876,29.85418523
6/30/2015,,3.891527285,35.92903288,24.40163989,30.16533638
7/1/2015,,0.1112414387,35.16894897,23.7158372,29.44239309
7/2/2015,,9.512896899,33.62696926,23.43848631,28.53272779
7/3/2015,,0,35.68901772,24.0835064,29.88626206
7/4/2015,,0,36.55151569,24.33349986,30.44250777
7/5/2015,,0,36.17221122,24.17177118,30.1719912
7/6/2015,,0,35.59632787,24.03863379,29.81748083
7/7/2015,,0,35.6413946,24.54389397,30.09264429
7/8/2015,,0,35.63048901,24.84201203,30.23625052
7/9/2015,,0,35.10602782,24.89808479,30.00205631
7/10/2015,,0,34.92880847,25.25684055,30.09282451
7/11/2015,,0.7155303109,35.43006775,24.80061204,30.11533989
7/12/2015,,0.1974847749,36.59325824,24.52875541,30.56100683
7/13/2015,,4.545037082,36.61921117,25.49641988,31.05781553
7/14/2015,,0.3886400092,37.29154361,25.82561239,31.558578
7/15/2015,,4.028674187,35.19080941,24.2898696,29.7403395
7/16/2015,,0,35.93542157,24.4381927,30.18680714
7/17/2015,,0,35.00504262,24.58459672,29.79481967
7/18/2015,,2.97110013,34.62783698,23.60971431,29.11877564
7/19/2015,,6.339938386,32.63095007,23.37843803,28.00469405
7/20/2015,,1.333581644,32.3951933,23.14668242,27.77093786
7/21/2015,,3.107696006,32.34279246,23.29997761,27.82138503
7/22/2015,,0.6732156533,32.10627489,23.45599751,27.7811362
7/23/2015,,3.784384049,32.67250713,23.44599122,28.05924918
7/24/2015,,4.190592765,33.5682518,23.5230906,28.5456712
7/25/2015,,1.113141562,33.25803175,23.30973016,28.28388095
7/26/2015,,1.392916316,33.05291326,23.52662065,28.28976695
7/27/2015,,0.04428534221,33.31256252,23.01606157,28.16431204
7/28/2015,,0.3252014632,34.8292805,23.02954757,28.92941404
7/29/2015,,0,34.43830637,23.05186133,28.74508385
7/30/2015,,0.3718019032,32.65352117,23.284672,27.96909659
7/31/2015,,0.000002699644581,33.78160474,23.12155667,28.4515807
8/1/2015,,3.431306626,34.40292962,22.94296085,28.67294524
8/2/2015,,4.028076404,33.91937799,23.72772007,28.82354903
8/3/2015,,2.320095751,33.5544061,24.14596428,28.85018519
8/4/2015,,1.418395298,28.7940333,23.5871964,26.19061485
8/5/2015,,0.9564063509,30.20790207,22.23806262,26.22298234
8/6/2015,,0.3235505164,30.306974,22.2823215,26.29464775
8/7/2015,,0.3083834518,32.19385238,22.89124844,27.54255041
8/8/2015,,1.958937045,31.67353503,22.67444294,27.17398898
8/9/2015,,2.284261165,30.83407603,22.63811899,26.73609751
8/10/2015,,2.970390028,32.06575202,23.70294538,27.8843487
8/11/2015,,5.767420182,31.33182248,23.19287656,27.26234952
8/12/2015,,9.962947178,28.28900701,22.76099701,25.52500201
8/13/2015,,7.435617196,27.66364235,22.31664649,24.99014442
8/14/2015,,3.186685848,31.69167966,22.54866251,27.12017108
8/15/2015,,2.970848156,33.04016743,23.03245564,28.03631154
8/16/2015,,6.173958009,30.50300248,23.13203977,26.81752113
8/17/2015,,0.51128868,32.67482438,23.26876382,27.9717941
8/18/2015,,1.858119223,33.3164188,23.4764319,28.39642535
8/19/2015,,2.350874497,34.67358083,24.02752386,29.35055235
8/20/2015,,24.92336241,31.68012176,22.50893508,27.09452842
8/21/2015,,8.902825333,32.23102295,23.10177708,27.66640002
8/22/2015,,0.1657401673,31.96987795,23.04148085,27.5056794
8/23/2015,,0.1644779947,33.0170955,23.19590521,28.10650036
8/24/2015,,0,33.5991477,23.0884008,28.34377425
8/25/2015,,0.0000007859724728,33.52880893,22.90223891,28.21552392
8/26/2015,,0.000001537772229,33.24365417,22.81442296,28.02903856
8/27/2015,,0.4557152893,32.1541047,23.14511914,27.64961192
8/28/2015,,2.050146414,31.29045637,22.77181876,27.03113756
8/29/2015,,4.964878782,30.47918491,22.01428884,26.24673688
8/30/2015,,0.305733492,31.7276124,22.93664126,27.33212683
8/31/2015,,4.982799947,32.4596746,22.97837247,27.71902353
9/1/2015,,3.097398248,33.2324009,22.97499557,28.10369823
9/2/2015,,0,33.708974,23.5893415,28.64915775
9/3/2015,,0,34.57188206,23.64801277,29.10994742
9/4/2015,,7.226053565,34.9468149,23.75060082,29.34870786
9/5/2015,,5.875974853,34.94264428,23.0672141,29.00492919
9/6/2015,,1.827727545,33.70213414,23.13121042,28.41667228
9/7/2015,,33.99559417,31.95452834,22.85116231,27.40284532
9/8/2015,,5.145686844,32.38851211,21.81263062,27.10057137
9/9/2015,,3.686085848,32.02629359,22.40430203,27.21529781
9/10/2015,,7.510803222,31.70974597,22.06377923,26.8867626
9/11/2015,,1.002197403,33.14912132,21.99061255,27.56986693
9/12/2015,,2.539810947,32.0146501,22.54102315,27.27783662
9/13/2015,,3.866679822,32.67029672,22.41956211,27.54492942
9/14/2015,,14.58657644,31.38213288,22.25829342,26.82021315
9/15/2015,,10.70139577,30.57174904,22.32927581,26.45051242
9/16/2015,,0.775126705,30.91104922,22.25434454,26.58269688
9/17/2015,,2.709065537,29.02986869,22.42349302,25.72668085
9/18/2015,,9.150061012,30.38898948,22.1128763,26.25093289
9/19/2015,,0.3079193627,32.28788891,21.99533844,27.14161367
9/20/2015,,1.276908689,31.6433205,22.31188518,26.97760284
9/21/2015,,0.02552068675,32.18779507,21.86292915,27.02536211
9/22/2015,,0,33.30178737,22.92554743,28.1136674
9/23/2015,,0,34.14152423,22.92887442,28.53519933
9/24/2015,,17.96768592,34.21127158,23.18280784,28.69703971
9/25/2015,,0.000002084535689,34.18089102,23.6197548,28.90032291
9/26/2015,,4.3505644,32.29847595,22.58551062,27.44199328
9/27/2015,,0,33.38009793,21.46505741,27.42257767
9/28/2015,,0,33.1866731,21.23819032,27.21243171
9/29/2015,,0,33.48214828,22.41980762,27.95097795
9/30/2015,,0.000001435254081,33.03333156,22.47378357,27.75355757
10/1/2015,,1.876647087,33.12017389,23.20778479,28.16397934
10/2/2015,,4.503750085,33.76404108,23.22778477,28.49591293
10/3/2015,,0.7710939073,33.87427265,22.90610913,28.39019089
10/4/2015,,9.198237473,33.08326557,22.81301935,27.94814246
10/5/2015,,0.03756208263,33.34500952,22.04080507,27.69290729
10/6/2015,,0,34.0290198,20.31593488,27.17247734
10/7/2015,,0,34.19894779,20.09547407,27.14721093
10/8/2015,,0,34.38239611,19.9295863,27.1559912
10/9/2015,,0,35.18744601,21.00792221,28.09768411
10/10/2015,,0,35.39190939,22.47348115,28.93269527
10/11/2015,,8.919607282,33.77321769,22.24217829,28.00769799
10/12/2015,,0,35.24699641,22.14798882,28.69749261
10/13/2015,,0,35.7035376,20.85174787,28.27764273
10/14/2015,,0,36.08496631,20.06118706,28.07307668
10/15/2015,,0,35.92764481,20.49606845,28.21185663
10/16/2015,,0,34.58870985,22.32353073,28.45612029
10/17/2015,,0,34.08547065,22.06563932,28.07555498
10/18/2015,,0,34.83720665,21.86179768,28.34950216
10/19/2015,,0,35.21153339,21.10758436,28.15955887
10/20/2015,,0,35.50747527,21.03264109,28.27005818
10/21/2015,,0,35.96839274,20.32892441,28.14865858
10/22/2015,,0,35.87009781,20.60923411,28.23966596
10/23/2015,,0,35.64583884,21.374252,28.51004542
10/24/2015,,0,35.40494408,21.43993502,28.42243955
10/25/2015,,0,34.199781,21.85251538,28.02614819
10/26/2015,,0,34.07670304,21.29242458,27.68456381
10/27/2015,,0,34.2966101,20.55026594,27.42343802
10/28/2015,,0,33.96302128,20.23031364,27.09666746
10/29/2015,,0,33.96904444,21.39824434,27.68364439
10/30/2015,,1.0957401,33.03547349,21.20668603,27.12107976
10/31/2015,,0,33.17626867,20.69417064,26.93521965
11/1/2015,,0,33.02762795,20.03754204,26.53258499
11/2/2015,,0,33.51786455,20.45945707,26.98866081
11/3/2015,,0,33.3760097,20.83818529,27.10709749
11/4/2015,,0,33.99599587,20.01604946,27.00602266
11/5/2015,,0,34.12575777,20.15502785,27.14039281
11/6/2015,,0,34.20384369,19.95976505,27.08180437
11/7/2015,,0,33.97932587,19.50888195,26.74410391
11/8/2015,,0,34.10186789,20.02027782,27.06107286
11/9/2015,,0,32.22161419,18.33007452,25.27584436
11/10/2015,,0,31.65244269,17.74156011,24.6970014
11/11/2015,,0,33.19130269,18.77798707,25.98464488
11/12/2015,,0,33.73977765,17.68616813,25.71297289
11/13/2015,,0,33.65456049,17.06992259,25.36224154
11/14/2015,,0,33.36374573,17.83950844,25.60162708
11/15/2015,,0,33.48987525,17.33997116,25.41492321
11/16/2015,,0,31.56353848,18.34541497,24.95447673
11/17/2015,,0,32.06039137,17.50350569,24.78194853
11/18/2015,,0,32.0314124,16.23081396,24.13111318
11/19/2015,,0,32.00847806,16.62973993,24.31910899
11/20/2015,,0,30.46552709,18.60268033,24.53410371
11/21/2015,,0,31.17045189,19.50936056,25.33990622
11/22/2015,,0,32.14370321,20.56740481,26.35555401
11/23/2015,,0,32.39544513,19.95996223,26.17770368
11/24/2015,,0,32.69600022,19.88628028,26.29114025
11/25/2015,,0,32.39502785,18.57787144,25.48644964
11/26/2015,,0,32.99373315,17.41017305,25.2019531
11/27/2015,,0,34.07058344,17.79603979,25.93331162
11/28/2015,,0,33.53033446,19.67484356,26.60258901
11/29/2015,,0,33.05975009,19.2757028,26.16772644
11/30/2015,,0,31.93016257,19.52757059,25.72886658
12/1/2015,,0,32.29783638,19.3503497,25.82409304
12/2/2015,,0,31.85373629,19.59937998,25.72655813
12/3/2015,,0,32.54220454,19.09517546,25.81869
12/4/2015,,0,32.37784879,18.24172654,25.30978766
12/5/2015,,0,32.15911298,17.2680834,24.71359819
12/6/2015,,0,31.77967832,16.25349343,24.01658588
12/7/2015,,0,31.84935203,15.3898733,23.61961266
12/8/2015,,0,32.06239843,14.89417201,23.47828522
12/9/2015,,0,32.28563484,15.84235751,24.06399618
12/10/2015,,0,33.04467037,16.69345018,24.86906027
12/11/2015,,0,32.8933747,19.6080715,26.2507231
12/12/2015,,0,33.91583095,20.05684459,26.98633777
12/13/2015,,0,34.56981914,19.9867127,27.27826592
12/14/2015,,0.08361767479,34.44646044,19.95418445,27.20032245
12/15/2015,,0,33.96738681,18.84657609,26.40698145
12/16/2015,,0,34.73321125,17.99454568,26.36387846
12/17/2015,,0,33.68854064,18.61626305,26.15240185
12/18/2015,,0,32.49164607,18.23638832,25.3640172
12/19/2015,,0,32.19926602,17.77328493,24.98627547
12/20/2015,,0,33.39253437,18.60117585,25.99685511
12/21/2015,,0,32.9840547,18.6870988,25.83557675
12/22/2015,,0,33.58527639,18.40657467,25.99592553
12/23/2015,,0,32.61214349,17.53933229,25.07573789
12/24/2015,,0,30.62885724,16.07347328,23.35116526
12/25/2015,,0,28.15921324,14.08000479,21.11960901
12/26/2015,,0,29.14785422,11.80483249,20.47634335
12/27/2015,,0,30.08002973,12.13185894,21.10594434
12/28/2015,,0,32.5008304,12.46448165,22.48265602
12/29/2015,,0,33.60692868,12.91421097,23.26056983
12/30/2015,,0,34.13101141,13.86708991,23.99905066
12/31/2015,,0,34.26068499,14.10974804,24.18521652
1/1/2016,,0,34.08050974,14.74878006,24.4146449
1/2/2016,,0,33.35165592,15.34748375,24.34956984
1/3/2016,,0,32.98995977,14.6546222,23.82229098
1/4/2016,,0,32.37403865,15.19140568,23.78272216
1/5/2016,,0,31.40894989,15.09411314,23.25153152
1/6/2016,,0,31.87571441,15.23230348,23.55400894
1/7/2016,,0,31.79967026,15.8493028,23.82448653
1/8/2016,,0,32.04773405,14.97272151,23.51022778
1/9/2016,,0,32.38511423,14.61570265,23.50040844
1/10/2016,,0,32.40422595,14.43795776,23.42109186
1/11/2016,,0,32.15288684,14.37231996,23.2626034
1/12/2016,,0,32.05771288,14.3622826,23.20999774
1/13/2016,,0,31.8976661,14.45564435,23.17665522
1/14/2016,,0,31.83048594,15.31134052,23.57091323
1/15/2016,,0,30.8789391,16.59336805,23.73615358
1/16/2016,,0,31.35138623,16.78918864,24.07028744
1/17/2016,,0,31.03963275,17.66065088,24.35014181
1/18/2016,,0,31.28462643,17.37243413,24.32853028
1/19/2016,,0.6539264592,29.24167705,18.32674722,23.78421213
1/20/2016,,0,28.91453135,15.81732181,22.36592658
1/21/2016,,0,28.7577623,13.7923116,21.27503695
1/22/2016,,0,29.52523383,12.95681225,21.24102304
1/23/2016,,0,30.31062527,12.77056893,21.5405971
1/24/2016,,0,31.14533362,13.3557422,22.25053791
1/25/2016,,0,31.55018775,15.73382048,23.64200412
1/26/2016,,0,32.39188778,16.32846771,24.36017774
1/27/2016,,0,33.73050297,16.93270033,25.33160165
1/28/2016,,0,33.64870856,15.13808653,24.39339754
1/29/2016,,0,34.11556613,15.32660919,24.72108766
1/30/2016,,0,35.50338486,15.7722179,25.63780138
1/31/2016,,0,35.93287602,16.34837419,26.1406251
2/1/2016,,0,36.30662939,16.80865449,26.55764194
2/2/2016,,0,36.09648369,17.33402973,26.71525671
2/3/2016,,0,35.41624793,16.5822872,25.99926757
2/4/2016,,0,34.8751385,15.55334981,25.21424415
2/5/2016,,0,35.04400056,17.05420524,26.0491029
2/6/2016,,0,35.04275402,18.48465127,26.76370264
2/7/2016,,0,34.4217597,18.73946203,26.58061086
2/8/2016,,0,34.40770631,18.01381038,26.21075834
2/9/2016,,0,35.02661154,19.06360652,27.04510903
2/10/2016,,0,35.61515759,19.95104342,27.7831005
2/11/2016,,0,34.6260477,20.70987524,27.66796147
2/12/2016,,0,34.98631423,19.79711608,27.39171515
2/13/2016,,0,34.85083271,19.09860039,26.97471655
2/14/2016,,0,34.86955401,19.4074085,27.13848125
2/15/2016,,0,35.45947169,20.3897981,27.92463489
2/16/2016,,0,35.09657196,18.51893745,26.8077547
2/17/2016,,0,35.68915688,18.24341567,26.96628628
2/18/2016,,0,36.24318381,18.5403644,27.39177411
2/19/2016,,0,36.62518605,18.77944882,27.70231744
2/20/2016,,0,36.94297002,19.13338035,28.03817518
2/21/2016,,0,37.96189911,19.5977179,28.7798085
2/22/2016,,0,38.63815183,21.69100212,30.16457697
2/23/2016,,0,38.05550332,22.25629986,30.15590159
2/24/2016,,0,37.67425304,21.821007,29.74763002
2/25/2016,,0,37.22813056,21.28943314,29.25878185
2/26/2016,,0,36.17483081,21.76390882,28.96936982
2/27/2016,,0,35.87682062,22.89552924,29.38617493
2/28/2016,,5.153656177,36.02818655,21.95495207,28.99156931
2/29/2016,,0.0000007176270404,35.9873684,21.82290868,28.90513854
3/1/2016,,1.357935338,34.2719205,19.99992416,27.13592233
3/2/2016,,10.18324063,35.15160784,20.94239483,28.04700133
3/3/2016,,5.660324285,34.6361025,21.29665608,27.96637929
3/4/2016,,0,35.69960791,21.33577361,28.51769076
3/5/2016,,1.726758687,35.80584372,21.04795092,28.42689732
3/6/2016,,0,37.10224521,21.71725188,29.40974855
3/7/2016,,0,37.20292268,21.38778185,29.29535226
3/8/2016,,0,37.65328498,21.98915624,29.82122061
3/9/2016,,0,37.16417207,22.96978833,30.0669802
3/10/2016,,0,38.83369834,22.03777346,30.4357359
3/11/2016,,0,39.38503389,22.33789155,30.86146272
3/12/2016,,0,39.55862816,23.58038565,31.56950691
3/13/2016,,0,38.49281134,22.46052244,30.47666689
3/14/2016,,0,36.79279653,21.85554066,29.32416859
3/15/2016,,0,37.09410556,20.78321842,28.93866199
3/16/2016,,0,37.67475566,21.78223098,29.72849332
3/17/2016,,0,39.17701351,22.74240566,30.95970958
3/18/2016,,0,40.16586037,23.74586364,31.955862
3/19/2016,,0,40.2072305,24.63520692,32.42121871
3/20/2016,,0,40.35639104,23.97837256,32.1673818
3/21/2016,,0,39.85601396,23.05341897,31.45471646
3/22/2016,,0,40.62480609,21.80557575,31.21519092
3/23/2016,,0,40.70605684,21.99223763,31.34914724
3/24/2016,,0,40.33537504,22.8862504,31.61081272
3/25/2016,,0,40.52837614,24.10961844,32.31899729
3/26/2016,,0,40.59662464,24.03254377,32.31458421
3/27/2016,,0,40.54349778,24.67518206,32.60933992
3/28/2016,,0.3840540453,39.01461681,23.16733575,31.09097628
3/29/2016,,0,39.89912735,23.96476705,31.9319472
3/30/2016,,0.0200815294,40.61987207,24.11527686,32.36757447
3/31/2016,,0.008835692506,40.66159578,24.35089812,32.50624695
4/1/2016,,0,40.91329997,23.2286582,32.07097909
4/2/2016,,0,41.73098862,24.9199934,33.32549101
4/3/2016,,0,41.87736909,25.68119855,33.77928382
4/4/2016,,0,41.78766058,25.73776831,33.76271445
4/5/2016,,0.2276644152,39.8817681,26.24857475,33.06517142
4/6/2016,,0.6945144079,39.90244131,24.66727717,32.28485924
4/7/2016,,0.3650185484,40.07481278,24.14167893,32.10824585
4/8/2016,,0,40.74610021,24.61565057,32.68087539
4/9/2016,,0,40.53652834,25.28858223,32.91255529
4/10/2016,,0.000001708635811,41.10689658,25.48765771,33.29727715
4/11/2016,,0,41.63907113,26.24954894,33.94431003
4/12/2016,,0,42.27036317,25.71229758,33.99133037
4/13/2016,,0,42.02021649,26.57966519,34.29994084
4/14/2016,,0,42.8635848,25.69368056,34.27863268
4/15/2016,,0,43.0318414,26.8291825,34.93051195
4/16/2016,,0,43.30682338,27.42024304,35.36353321
4/17/2016,,6.652078578,42.8159641,27.32213653,35.06905032
4/18/2016,,0,41.87441858,26.69233093,34.28337475
4/19/2016,,0,42.15128642,27.07181211,34.61154926
4/20/2016,,0,42.89234495,27.70773866,35.30004181
4/21/2016,,0,43.76309562,28.10080493,35.93195028
4/22/2016,,0,43.10518107,28.95790298,36.03154203
4/23/2016,,0,42.10483343,25.80668028,33.95575686
4/24/2016,,0,42.40288038,25.70747848,34.05517943
4/25/2016,,0,43.06670565,25.37119465,34.21895015
4/26/2016,,0,43.28158354,27.19438799,35.23798577
4/27/2016,,0,42.72714237,26.2190408,34.47309159
4/28/2016,,17.6193854,42.61986388,26.11195334,34.36590861
4/29/2016,,0,42.63834478,27.41948126,35.02891302
4/30/2016,,0.808758539,42.45690859,25.93549801,34.1962033
5/1/2016,,0.2260456129,42.41321778,26.43823474,34.42572626
5/2/2016,,0,42.61767989,26.9733738,34.79552685
5/3/2016,,0,42.73031758,26.99540202,34.8628598
5/4/2016,,0.002329384502,41.54116514,25.89869309,33.71992912
5/5/2016,,4.186462757,39.47646592,23.46828539,31.47237565
5/6/2016,,20.71459992,36.45178868,22.0972552,29.27452194
5/7/2016,,1.95371046,39.27127573,23.53178655,31.40153114
5/8/2016,,0.1598587059,39.08602061,23.62653874,31.35627967
5/9/2016,,0.3617236808,39.6960538,24.6096321,32.15284295
5/10/2016,,1.576417301,38.5701075,23.26850838,30.91930794
5/11/2016,,0,40.21606003,25.51194083,32.86400043
5/12/2016,,0.406710029,41.29596725,26.10635669,33.70116197
5/13/2016,,0.0000005809361756,42.53280649,27.6466265,35.0897165
5/14/2016,,0.1419712142,43.01851478,27.57036902,35.2944419
5/15/2016,,0,42.18562194,27.33980498,34.76271346
5/16/2016,,0,41.5881382,27.83357036,34.71085428
5/17/2016,,0,41.20423744,27.73547898,34.46985821
5/18/2016,,0,40.52046723,27.71501075,34.11773899
5/19/2016,,0,39.32393914,27.43323225,33.37858569
5/20/2016,,0,40.80532459,26.36469168,33.58500814
5/21/2016,,0.03944424423,41.55667251,25.59836258,33.57751754
5/22/2016,,0,42.35367499,26.3448464,34.34926069
5/23/2016,,0,41.78585547,26.8833865,34.33462098
5/24/2016,,0,42.16891962,27.27091733,34.71991847
5/25/2016,,0,41.5374778,27.15172356,34.34460068
5/26/2016,,0,41.71212615,27.02198823,34.36705719
5/27/2016,,0,41.33516248,27.14350618,34.23933433
5/28/2016,,0,41.44457364,27.74124221,34.59290792
5/29/2016,,0,40.33988739,26.8448006,33.592344
5/30/2016,,0.002795261402,40.46541307,27.13425718,33.79983513
5/31/2016,,0,41.18191134,27.43779723,34.30985428
6/1/2016,0,0.0000004442453107,41.52477243,27.58626979,34.55552111
6/2/2016,0,0.0000004442453107,38.79580666,27.2469236,33.02136513
6/3/2016,0,4.365556504,41.42353031,25.16335474,33.29344253
6/4/2016,0,7.052305778,38.06492033,23.38458588,30.7247531
6/5/2016,0,14.07711766,35.33134074,22.38289356,28.85711715
6/6/2016,0,1.286347245,34.38984125,22.37544196,28.38264161
6/7/2016,0,0.8968085709,34.89884651,22.25568421,28.57726536
6/8/2016,0,6.835964642,32.91175432,23.48213025,28.19694229
6/9/2016,0,41.20148822,35.8897762,23.95010105,29.91993862
6/10/2016,4.97,0.7605003288,36.36800756,24.18814566,30.27807661
6/11/2016,5.07,4.693285824,34.8679241,25.48043139,30.17417775
6/12/2016,5.07,0.1535218521,35.70442329,24.51865732,30.11154031
6/13/2016,0,0.08086299187,35.48895808,25.10196314,30.29546061
6/14/2016,0,0,37.63322027,24.71241718,31.17281873
6/15/2016,0,0,37.59371887,24.87480084,31.23425985
6/16/2016,0,0,38.15401332,25.45363611,31.80382471
6/17/2016,0,0,37.71415822,26.1430641,31.92861116
6/18/2016,0,8.560182331,32.36971208,23.2683189,27.81901549
6/19/2016,0,21.52030953,30.66516509,21.97976323,26.32246416
6/20/2016,0,9.815555186,31.28314601,22.70754468,26.99534535
6/21/2016,0,5.237114997,35.03708928,23.58662843,29.31185885
6/22/2016,0,2.775332564,34.98535177,23.55583605,29.27059391
6/23/2016,0,0.1397479751,34.89044692,23.74207612,29.31626152
6/24/2016,0,3.649832423,33.89642086,23.78894054,28.8426807
6/25/2016,4.87,10.28678139,33.58392275,23.0331218,28.30852228
6/26/2016,4.87,10.76345931,32.47614224,22.8191595,27.64765087
6/27/2016,0,0.323105398,33.02838601,23.06892484,28.04865543
6/28/2016,4.57,11.88747847,29.96338729,22.82122856,26.39230792
6/29/2016,0,1.526697102,28.51688474,22.84910096,25.68299285
6/30/2016,0,8.374238225,28.53538471,21.88557087,25.21047779
7/1/2016,0,1.241525502,30.38280263,22.78778877,26.5852957
7/2/2016,0,0,31.76524527,23.44918408,27.60721467
7/3/2016,0,0,30.63303446,23.35891681,26.99597564
7/4/2016,0,0,31.31895283,23.80413294,27.56154289
7/5/2016,0,7.966573918,31.12094235,23.14955259,27.13524747
7/6/2016,0,23.72179755,30.94022699,23.05999197,27.00010948
7/7/2016,0,0,29.77795114,23.02579719,26.40187417
7/8/2016,0,0,28.81143436,23.18300415,25.99721925
7/9/2016,0,2.164358787,27.21667174,22.44692709,24.83179941
7/10/2016,0,6.724685433,26.78623821,21.84594658,24.3160924
7/11/2016,0,1.783431597,26.17818131,21.96045014,24.06931572
7/12/2016,12.56,25.39576677,29.46168284,22.07128971,25.76648627
7/13/2016,13.83,1.547049048,32.04815164,22.47072631,27.25943897
7/14/2016,9.63,0.5074706481,32.81814823,22.39151367,27.60483095
7/15/2016,0,0,33.84680385,23.51452692,28.68066539
7/16/2016,0,1.069163646,33.26400196,23.4170911,28.34054653
7/17/2016,0,0,33.71601793,23.63612972,28.67607382
7/18/2016,0,0.1168386396,31.05709312,23.33859002,27.19784157
7/19/2016,0,5.043583781,29.51327379,22.64163123,26.07745251
7/20/2016,0,14.08842339,30.16997166,21.70480579,25.93738873
7/21/2016,0,14.76763066,29.77465811,21.92900966,25.85183389
7/22/2016,0,33.88658701,29.06976307,22.42152949,25.74564628
7/23/2016,0,4.150523196,29.95799958,21.74031617,25.84915788
7/24/2016,13.75,0.575598941,30.84190848,22.32487295,26.58339072
7/25/2016,9.34,3.669203436,31.54409129,22.55485412,27.04947271
7/26/2016,14.47,6.823977201,31.44236513,22.93422266,27.18829389
7/27/2016,9.59,24.52520297,30.81095866,22.21201457,26.51148661
7/28/2016,9.59,29.26977208,31.50538114,22.55759328,27.03148721
7/29/2016,9.59,8.539754705,30.10329781,22.63249639,26.3678971
7/30/2016,9.59,13.38063116,30.94289794,22.46066997,26.70178396
7/31/2016,9.59,34.36464368,28.99622292,21.83251439,25.41436866
8/1/2016,9.59,16.28442816,28.1953486,21.5740974,24.884723
8/2/2016,15.31,0.1823543491,27.67279943,21.99875669,24.83577806
8/3/2016,22.93,13.04975982,27.49763405,21.88430562,24.69096984
8/4/2016,14.36,4.282420563,30.54877072,22.07945799,26.31411435
8/5/2016,13.68,4.165494234,30.27570587,22.16223579,26.21897083
8/6/2016,13.78,3.472870439,30.09057812,22.49236575,26.29147194
8/7/2016,13.78,0.1314111527,30.47877801,22.261823,26.37030051
8/8/2016,5.99,0.3910907183,31.6666231,21.86243769,26.76453039
8/9/2016,5.8,6.757956555,31.32609195,22.11391209,26.72000202
8/10/2016,5.35,0,31.5213355,22.46482165,26.99307857
8/11/2016,4.95,0.9660917192,31.87305071,22.48346223,27.17825647
8/12/2016,3.69,0.4962172702,31.7126529,22.75922965,27.23594127
8/13/2016,3.57,1.34672307,30.91156285,22.04432807,26.47794546
8/14/2016,3.57,2.09138964,30.17544933,22.18342824,26.17943879
8/15/2016,3.57,0.1282323872,30.84175101,21.51406537,26.17790819
8/16/2016,1.96,0,31.34932487,21.49857012,26.4239475
8/17/2016,1.86,0,31.75897891,21.1207397,26.4398593
8/18/2016,1.8,0,32.28949739,21.71438024,27.00193882
8/19/2016,1.84,2.187108275,32.31077797,21.72670731,27.01874264
8/20/2016,1.65,1.029381896,32.207978,21.80516601,27.00657201
8/21/2016,1.65,0.001403448131,33.20616327,22.10619153,27.6561774
8/22/2016,0,0,32.88314436,22.25701172,27.57007804
8/23/2016,0,0,32.61117165,22.69771869,27.65444517
8/24/2016,0,0.7522062679,33.39494262,22.6260038,28.01047321
8/25/2016,0,8.237658334,31.6089233,22.73506569,27.1719945
8/26/2016,0,0,32.91370693,22.6697975,27.79175222
8/27/2016,0,6.074998022,33.25102142,23.31805195,28.28453669
8/28/2016,0,9.110373015,32.00488668,22.72020721,27.36254695
8/29/2016,0,3.681132214,32.11647506,22.84482683,27.48065095
8/30/2016,0,2.143418232,29.99296163,23.16524411,26.57910287
8/31/2016,0,29.59492678,28.72290714,22.24173166,25.4823194
9/1/2016,0,34.65461353,30.02447505,22.25713575,26.1408054
9/2/2016,0,4.532148574,31.09723082,21.96223444,26.52973263
9/3/2016,21.59,3.162953479,30.93945127,22.08336643,26.51140885
9/4/2016,21.59,0.6177830366,30.20859464,22.07302651,26.14081058
9/5/2016,21.59,0,31.08438884,20.86434392,25.97436638
9/6/2016,13.07,0,31.22551624,21.51778528,26.37165076
9/7/2016,10.61,0,31.6527789,21.26338514,26.45808202
9/8/2016,5.9,0,31.91576754,21.15851852,26.53714303
9/9/2016,4.79,0.1233725036,30.94963094,21.73637555,26.34300325
9/10/2016,3.51,0,29.23658223,22.87306883,26.05482553
9/11/2016,3.51,0,28.37857007,21.3644761,24.87152308
9/12/2016,1.82,0.4147576916,28.06884798,21.99839238,25.03362018
9/13/2016,1.82,5.546400624,27.15018281,21.29956757,24.22487519
9/14/2016,6.42,50.65455484,27.34708403,21.14211674,24.24460038
9/15/2016,6.42,37.31837455,27.73055815,21.50953923,24.62004869
9/16/2016,6.42,21.50638669,29.1440566,21.81992216,25.48198938
9/17/2016,6.42,15.44708774,29.14339596,21.9082676,25.52583178
9/18/2016,6.42,4.242817214,30.38631657,22.08737115,26.23684386
9/19/2016,6.42,0,29.7025736,21.22189423,25.46223391
9/20/2016,6.42,0.2421553709,29.15408766,21.77040223,25.46224495
9/21/2016,6.42,13.38404215,29.11510977,21.35628216,25.23569597
9/22/2016,,28.86026123,29.78749432,21.3843668,25.58593056
9/23/2016,,50.62082074,27.50213095,21.08838667,24.29525881
9/24/2016,,96.17241517,26.92360446,20.85956282,23.89158364
9/25/2016,,9.913014489,27.27442866,20.95821179,24.11632023
9/26/2016,,7.67836797,29.59433549,21.37904303,25.48668926
9/27/2016,,0.5149687106,30.19146843,21.97286493,26.08216668
9/28/2016,,0.03793208502,31.85610994,21.80132722,26.82871858
9/29/2016,,0.7366930701,31.43447203,21.63065659,26.53256431
9/30/2016,,0.856392226,28.58473916,21.73522752,25.15998334
10/1/2016,,91.54110952,27.38500537,21.24884622,24.31692579
10/2/2016,,46.12341789,29.14161435,21.63797504,25.38979469
10/3/2016,,0.0209044187,30.35590984,21.17081403,25.76336194
10/4/2016,,0,30.75308823,21.56814024,26.16061424
10/5/2016,,0,30.6002332,21.52707676,26.06365498
10/6/2016,,0.7255876086,30.84595974,21.54790894,26.19693434
10/7/2016,,0.1355453927,31.17983021,21.69593687,26.43788354
10/8/2016,,1.391665359,28.90113573,21.15174399,25.02643986
10/9/2016,,33.88911245,29.71655233,21.18184773,25.44920003
10/10/2016,,2.267456318,31.66484745,21.14492251,26.40488498
10/11/2016,,0.7653468773,32.56295638,21.8409901,27.20197324
10/12/2016,,0,32.59461391,20.9473149,26.7709644
10/13/2016,,0,32.70763201,19.43787127,26.07275164
10/14/2016,,0,32.3971782,18.53809001,25.4676341
10/15/2016,,0,32.25414482,17.58178244,24.91796363
10/16/2016,,0,32.29216196,18.03401122,25.16308659
10/17/2016,,0,32.25869915,17.11446859,24.68658387
10/18/2016,,0,32.25930241,17.11085385,24.68507813
10/19/2016,,0,32.4645136,16.97319782,24.71885571
10/20/2016,12.98,0,32.51482431,16.91415868,24.7144915
10/21/2016,12.45,0,32.59970698,16.48752153,24.54361426
10/22/2016,10.48,0,32.48593834,16.76053417,24.62323626
10/23/2016,10.48,0,32.73432656,17.73812505,25.2362258
10/24/2016,9.77,0,32.17706857,18.49710507,25.33708682
10/25/2016,9.45,0,31.53175159,18.14114934,24.83645047
10/26/2016,8.89,0,32.1236371,17.45695385,24.79029547
10/27/2016,8.14,0,32.08515309,17.16238644,24.62376976
10/28/2016,8.24,0,31.99609746,15.52327553,23.7596865
10/29/2016,7.67,0,31.9308393,17.43033469,24.68058699
10/30/2016,7.67,0,32.18044744,19.49718423,25.83881584
10/31/2016,7.16,0,31.95278931,19.72828267,25.84053599
11/1/2016,7.53,0,31.6874829,17.66015857,24.67382073
11/2/2016,7.21,0,31.44569258,16.33272013,23.88920636
11/3/2016,5.57,0,31.95640807,16.39829857,24.17735332
11/4/2016,5.29,0,31.59792784,17.13706753,24.36749768
11/5/2016,3.89,0,31.430044,17.10891139,24.2694777
11/6/2016,3.89,0,31.22184369,16.64956168,23.93570268
11/7/2016,3.89,0,31.26189979,14.58205751,22.92197865
11/8/2016,3.89,0,31.60649076,14.10440658,22.85544867
11/9/2016,3.89,0,31.43830984,13.42183532,22.43007258
11/10/2016,3.89,0,30.97765305,12.76931109,21.87348207
11/11/2016,3.89,0,30.87380822,12.0215418,21.44767501
11/12/2016,3.89,0,30.42874901,12.47684165,21.45279533
11/13/2016,,0,30.23599681,13.80369793,22.01984737
11/14/2016,,0,31.40329247,16.27390095,23.83859671
11/15/2016,,0,31.35858505,18.10566881,24.73212693
11/16/2016,,0,30.95963561,17.93869925,24.44916743
11/17/2016,,0,30.53824525,15.93803167,23.23813846
11/18/2016,,0,30.25841381,14.41647861,22.33744621
11/19/2016,,0,30.35205491,12.83892243,21.59548867
11/20/2016,,0,31.08113182,12.49521085,21.78817133
11/21/2016,0,0,31.67008125,12.84956086,22.25982106
11/22/2016,0,0,31.80052967,12.60925795,22.20489381
11/23/2016,0,0,31.75152253,12.8348564,22.29318946
11/24/2016,0,0,31.43003048,13.33060428,22.38031738
11/25/2016,0,0,31.651807,13.06041494,22.35611097
11/26/2016,0,0,32.32533302,12.19246721,22.25890012
11/27/2016,0,0,33.15949459,12.58769463,22.87359461
11/28/2016,0,0,32.99274451,13.03665873,23.01470162
11/29/2016,0,0,32.73046163,13.33418231,23.03232197
11/30/2016,0,0,31.73150852,13.34729651,22.53940252
12/1/2016,0,0,30.45047548,14.14140408,22.29593978
12/2/2016,0,0,30.77791607,14.25810625,22.51801116
12/3/2016,0,0,30.85202378,16.34114407,23.59658392
12/4/2016,0,0,31.29042818,18.57956475,24.93499646
12/5/2016,0,0,31.20315429,17.523625,24.36338964
12/6/2016,0,0,29.87949226,14.4567723,22.16813228
12/7/2016,0,0,30.25855637,13.14632174,21.70243905
12/8/2016,0,0,30.59174346,12.8673859,21.72956468
12/9/2016,0,0,30.0197703,11.86190422,20.94083726
12/10/2016,0,0,29.50115455,11.05872808,20.27994131
12/11/2016,0,0,31.47456089,11.67192012,21.57324051
12/12/2016,0,0,31.62290084,13.77875904,22.70082994
12/13/2016,0,0,30.70708632,15.62910567,23.16809599
12/14/2016,0,0,27.78993256,19.38153064,23.5857316
12/15/2016,0,0,30.96617453,17.25511215,24.11064334
12/16/2016,0,0,30.99164007,16.56964878,23.78064442
12/17/2016,0,0,30.94858153,15.14848533,23.04853343
12/18/2016,0,0,30.28433826,13.70139045,21.99286436
12/19/2016,0,0,29.96500745,12.57708768,21.27104757
12/20/2016,0,0,30.0820254,11.69853173,20.89027857
12/21/2016,0,0,31.06029608,11.25296278,21.15662943
12/22/2016,0,0,31.83093692,10.96764213,21.39928953
12/23/2016,0,0,31.44306454,11.41862297,21.43084375
12/24/2016,0,0,31.7213122,10.933758,21.3275351
12/25/2016,0,0,31.76559143,11.86077876,21.8131851
12/26/2016,0,0,30.71867257,13.36687707,22.04277482
12/27/2016,0,0,29.56211675,11.92201396,20.74206536
12/28/2016,0,0,29.87591422,11.00503092,20.44047257
12/29/2016,0,0,30.14024312,12.170425,21.15533406
12/30/2016,0,0,31.10114891,12.99165357,22.04640124
12/31/2016,0,0,31.01578526,13.44301262,22.22939894
1/1/2017,0,0,31.45152502,14.76595692,23.10874097
1/2/2017,0,0,31.02130868,14.25892205,22.64011536
1/3/2017,0,0,29.92692054,13.33367002,21.63029528
1/4/2017,0,0,29.82939774,11.82408232,20.82674003
1/5/2017,0,0,30.28987464,11.88861036,21.0892425
1/6/2017,0,0,31.13450469,11.56397709,21.34924089
1/7/2017,0,0,30.73329604,12.77928896,21.7562925
1/8/2017,0,0,30.61921993,14.31032656,22.46477325
1/9/2017,0,0,30.18002515,15.67001608,22.92502062
1/10/2017,0,0,29.81365195,15.34564591,22.57964893
1/11/2017,0,0,28.77906957,12.73926813,20.75916885
1/12/2017,0,0,28.02224968,11.59453492,19.8083923
1/13/2017,0,0,28.43649541,11.64206125,20.03927833
1/14/2017,0,0,28.85748478,13.71584316,21.28666397
1/15/2017,0,0,29.54620461,14.30240705,21.92430583
1/16/2017,0,0,30.85729682,14.53277161,22.69503421
1/17/2017,0,0,30.93298211,14.49516636,22.71407424
1/18/2017,0,0,30.75121628,15.48166721,23.11644174
1/19/2017,0,0,29.80512815,14.28686594,22.04599704
1/20/2017,0,0,30.12139597,13.81929196,21.97034396
1/21/2017,0,0,32.0051731,14.73252067,23.36884689
1/22/2017,0,0,32.89827547,15.98871581,24.44349564
1/23/2017,0,0,32.87175624,16.24643047,24.55909336
1/24/2017,0,0,32.11548165,16.21112376,24.16330271
1/25/2017,0,0,31.4524967,15.13570943,23.29410306
1/26/2017,0,0,30.87412279,18.0446763,24.45939954
1/27/2017,0,0,31.23314562,17.3369069,24.28502626
1/28/2017,0,0,31.16862854,16.03298989,23.60080921
1/29/2017,0,0,31.81282079,14.7742079,23.29351435
1/30/2017,0,0,33.12347691,13.67465105,23.39906398
1/31/2017,0,0,33.87004209,14.53706051,24.2035513
2/1/2017,0,0,33.73313307,15.33835233,24.5357427
2/2/2017,0,0,33.21352343,16.83482958,25.0241765
2/3/2017,0,0,32.87106248,17.04390313,24.95748281
2/4/2017,0,0,33.26060305,15.91735361,24.58897833
2/5/2017,0,0,33.20198415,15.52545338,24.36371877
2/6/2017,0,0,33.2307342,16.79611542,25.01342481
2/7/2017,0,0,33.42062946,16.12940823,24.77501885
2/8/2017,0,0,34.17983664,16.60156801,25.39070232
2/9/2017,0,0,34.15927698,17.10851157,25.63389428
2/10/2017,0,0,33.51854645,17.54190303,25.53022474
2/11/2017,0,0,33.51935257,18.59111916,26.05523587
2/12/2017,0,0,32.12720511,17.6383128,24.88275895
2/13/2017,0,0,32.13804841,17.3737285,24.75588845
2/14/2017,0,0,32.85164533,17.415472,25.13355866
2/15/2017,0,0,32.93140862,17.89792182,25.41466522
2/16/2017,0,0,33.53487886,16.6350572,25.08496803
2/17/2017,0,0,34.50805608,16.25576363,25.38190986
2/18/2017,0,0,35.07703378,16.1368675,25.60695064
2/19/2017,0,0,35.86724276,16.15114549,26.00919412
2/20/2017,0,0,37.17775828,16.17506535,26.67641181
2/21/2017,0,0,37.02980306,18.37558374,27.7026934
2/22/2017,0,0,36.84496799,18.51967152,27.68231976
2/23/2017,0,0,37.14044315,18.50065042,27.82054679
2/24/2017,0,0,36.47213679,17.84174198,27.15693938
2/25/2017,0,0,35.12824143,16.71663737,25.9224394
2/26/2017,0,0,35.6347389,15.38119161,25.50796525
2/27/2017,0,0,36.24932318,15.93884501,26.09408409
2/28/2017,0,0,36.64943579,17.18171674,26.91557627
3/1/2017,0,0,36.69677777,17.66906968,27.18292373
3/2/2017,0,0,36.24950773,19.00158444,27.62554608
3/3/2017,0,0,36.23781341,18.63440121,27.43610731
3/4/2017,0,0,36.32716454,18.53488501,27.43102478
3/5/2017,0,0,36.48023943,20.24472036,28.3624799
3/6/2017,0,0,35.73909342,20.13394647,27.93651995
3/7/2017,0,0,36.12152198,20.76900454,28.44526326
3/8/2017,0,0,35.58001997,20.86778273,28.22390135
3/9/2017,0,0,35.43181317,20.38336902,27.90759109
3/10/2017,0,0,34.62220801,20.80727806,27.71474304
3/11/2017,0,0,33.06910599,18.75072202,25.909914
3/12/2017,0,0,33.67413801,16.59875673,25.13644737
3/13/2017,0,0,35.16739177,15.78155929,25.47447553
3/14/2017,0,0,35.76828485,18.28710742,27.02769613
3/15/2017,0,0.002795261402,34.96114805,21.17364914,28.06739859
3/16/2017,0,4.846154875,34.02752119,20.87122952,27.44937535
3/17/2017,0,0.7275651229,35.49692346,19.66739322,27.58215834
3/18/2017,0,0,36.37967231,19.21904147,27.79935689
3/19/2017,0,0,37.08318056,20.24728034,28.66523045
3/20/2017,0,0,36.35615145,20.6150146,28.48558302
3/21/2017,0,0,37.12482178,19.33791147,28.23136663
3/22/2017,0,0,37.78491428,19.68661518,28.73576473
3/23/2017,0,0,38.75827023,20.32595126,29.54211075
3/24/2017,0,0,39.21518739,22.42919125,30.82218932
3/25/2017,0,0,39.80486907,23.32766859,31.56626883
3/26/2017,0,0,40.16229382,22.78041003,31.47135193
3/27/2017,0,0,40.40460548,22.57705053,31.490828
3/28/2017,0,0,39.90186695,23.11895663,31.51041179
3/29/2017,0,0,40.48830314,23.43758636,31.96294475
3/30/2017,0,0,40.70685112,24.18025567,32.44355339
3/31/2017,0,0,41.3080367,24.14658795,32.72731233
4/1/2017,0,0,40.67846779,24.86677413,32.77262096
4/2/2017,0,0,40.72614752,25.55085144,33.13849948
4/3/2017,0,0,39.9106819,25.01675018,32.46371604
4/4/2017,0,0,39.96903789,24.52559188,32.24731488
4/5/2017,0,0,39.63191568,24.97842412,32.3051699
4/6/2017,0,0,40.82949953,23.83598876,32.33274414
4/7/2017,0,0,40.08863275,24.87115241,32.47989258
4/8/2017,0,0,40.30935881,23.92762511,32.11849196
4/9/2017,0,0,41.17933955,23.59210137,32.38572046
4/10/2017,0,0,40.49688836,23.70215602,32.09952219
4/11/2017,0,0,40.63908533,21.86472866,31.25190699
4/12/2017,0,0,41.09617574,20.35339843,30.72478709
4/13/2017,0,0,41.72408638,21.0244925,31.37428944
4/14/2017,0,0,41.52477643,22.6838751,32.10432576
4/15/2017,0,0,42.11792337,23.53785203,32.8278877
4/16/2017,0,0,42.97385604,24.23965214,33.60675409
4/17/2017,0,0,42.6997258,25.02523637,33.86248108
4/18/2017,0,0,42.87403841,25.06432641,33.96918241
4/19/2017,0,0,42.34622163,26.26468318,34.3054524
4/20/2017,0,0,42.27300729,25.66798168,33.97049449
4/21/2017,0,0,41.76374459,24.84914913,33.30644686
4/22/2017,0,0,40.91430324,25.51366402,33.21398363
4/23/2017,0,0,40.39402265,24.66029898,32.52716081
4/24/2017,0,0,40.36374985,23.86735644,32.11555315
4/25/2017,0,0,40.28576119,23.70982906,31.99779512
4/26/2017,0,0,40.96960501,24.38381763,32.67671132
4/27/2017,0,0,41.09628299,25.21164141,33.1539622
4/28/2017,0,0,41.31268865,25.30972336,33.31120601
4/29/2017,0,0,40.17119136,25.40420456,32.78769796
4/30/2017,0,0.0208843641,38.98313352,24.81034405,31.89673879
5/1/2017,0,0,39.86058626,24.0463728,31.95347953
5/2/2017,0,0,40.19391411,24.11731417,32.15561414
5/3/2017,0,0.01847531324,40.31301652,26.29492489,33.30397071
5/4/2017,0,0.06937301396,40.83334989,25.73632599,33.28483794
5/5/2017,0,0,42.18557057,26.38110796,34.28333927
5/6/2017,0,1.140749143,42.22865764,27.18149799,34.70507781
5/7/2017,0,0,40.92298435,26.55868805,33.7408362
5/8/2017,0,0,41.61477204,25.56619264,33.59048234
5/9/2017,0,0,41.4448452,26.6546055,34.04972535
5/10/2017,0,0,40.08121308,24.74409695,32.41265502
5/11/2017,0,0.5857579573,39.98815389,26.21119487,33.09967438
5/12/2017,0,0,40.51608151,26.49041472,33.50324812
5/13/2017,0,0,42.11951343,27.30634314,34.71292828
5/14/2017,0,0,42.64080027,28.74192475,35.69136251
5/15/2017,0,0,41.3664226,27.4934622,34.4299424
5/16/2017,0,0,42.81474596,27.81802505,35.31638551
5/17/2017,0,0.0000004442453107,39.70738052,28.11467649,33.91102851
5/18/2017,0,0,42.74525273,27.57952137,35.16238705
5/19/2017,0,0,42.8590536,27.98258065,35.42081712
5/20/2017,0,0,42.76122843,27.2961766,35.02870251
5/21/2017,0,0,42.68218853,26.79077242,34.73648047
5/22/2017,0,0,42.46247617,27.22415619,34.84331618
5/23/2017,0,0.2541006758,42.71363175,29.01820006,35.86591591
5/24/2017,0,0,43.35335281,27.98193266,35.66764273
5/25/2017,0,0,43.40043576,29.25630244,36.3283691
5/26/2017,0,0,42.16135352,29.69945668,35.9304051
5/27/2017,0,0,41.95382657,27.70522869,34.82952763
5/28/2017,0,4.906284556,40.97436973,25.88924517,33.43180745
5/29/2017,0,0.03067582524,39.56200037,24.51621507,32.03910772
5/30/2017,0,0,38.68824177,27.02475067,32.85649622
5/31/2017,0,0,41.18191134,26.40171684,33.79181409
6/1/2017,0,0,40.16164498,26.84021126,33.50092812
6/2/2017,0,0,40.16772937,27.23288373,33.70030655
6/3/2017,0,0.3392165321,40.6921072,27.58024294,34.13617507
6/4/2017,0,24.10027404,38.13738604,25.12426451,31.63082527
6/5/2017,0,1.331458712,37.5377285,26.20756908,31.87264879
6/6/2017,0,0,37.45347752,23.95611575,30.70479663
6/7/2017,0,9.939362157,33.13728709,22.2848251,27.7110561
6/8/2017,0,0.04379242863,34.36181697,22.52594206,28.44387951
6/9/2017,0,1.172094149,35.49782219,23.76436901,29.6310956
6/10/2017,0,5.07280358,34.37997867,23.31507159,28.84752513
6/11/2017,0,9.464795902,32.33945274,22.97820539,27.65882906
6/12/2017,0,15.45684932,31.72752831,23.03253647,27.38003239
6/13/2017,0,10.34177134,30.86505301,22.55060084,26.70782693
6/14/2017,0,1.878057612,32.24499292,22.60773271,27.42636282
6/15/2017,0,0,32.42221637,24.27517875,28.34869756
6/16/2017,0,52.10223844,31.28135741,21.59200502,26.43668122
6/17/2017,0,3.278192941,33.63779462,22.64556592,28.14168027
6/18/2017,0,12.17890861,34.30685452,23.23862232,28.77273842
6/19/2017,0,15.28950997,32.95051683,23.34933277,28.1499248
6/20/2017,0,0.0481758217,34.51207373,23.55941646,29.03574509
6/21/2017,0,0.514396062,34.98754394,23.4027859,29.19516492
6/22/2017,0,0.006211692005,35.56181553,23.77649728,29.6691564
6/23/2017,0,2.286584518,33.6298251,22.43659634,28.03321072
6/24/2017,0,11.45694296,34.29570572,23.32645141,28.81107857
6/25/2017,0,0.1971480968,33.6944461,23.74179618,28.71812114
6/26/2017,0,15.58051797,31.86773805,23.48219584,27.67496695
6/27/2017,0,10.33673551,32.03808617,22.26114454,27.14961535
6/28/2017,0,4.493579645,30.83059639,22.57251469,26.70155554
6/29/2017,0,0,33.0422423,22.94151213,27.99187722
6/30/2017,0,2.967274842,33.64652933,23.7365132,28.69152127
7/1/2017,0,0.005124645904,32.08584649,23.74503534,27.91544091
7/2/2017,0,0,32.07992845,23.29301097,27.68646971
7/3/2017,0,0.8200466003,32.7642671,23.23178325,27.99802517
7/4/2017,0,0.1196846673,32.89568229,23.5982243,28.2469533
7/5/2017,0,0,32.64435391,23.2230172,27.93368556
7/6/2017,0,6.298976796,33.24642854,22.81322951,28.02982902
7/7/2017,0,0.5711106896,33.25545286,23.15507523,28.20526404
7/8/2017,0,4.878504798,34.3680564,22.65341049,28.51073344
7/9/2017,0,1.895135858,34.2634923,24.18774706,29.22561968
7/10/2017,0,7.171421873,33.25498876,23.77317,28.51407938
7/11/2017,0,0.2363151222,32.39266677,23.53769528,27.96518102
7/12/2017,0,15.77565903,31.78846073,23.18150933,27.48498503
7/13/2017,0,4.904275683,29.50947193,22.0440083,25.77674012
7/14/2017,0,3.8434984,30.25023765,22.12995518,26.19009642
7/15/2017,0,0,29.82512267,22.82052961,26.32282614
7/16/2017,0,1.744507742,29.69101023,22.48054272,26.08577647
7/17/2017,0,26.3822207,28.66512394,21.89061984,25.27787189
7/18/2017,0,18.38319703,28.25339923,21.98393659,25.11866791
7/19/2017,0,5.20831937,28.64261366,21.68323602,25.16292484
7/20/2017,0,13.15025706,29.80747551,22.33034482,26.06891017
7/21/2017,0,0.001704187016,32.24354111,23.02731843,27.63542977
7/22/2017,0,0,31.89490806,23.25577817,27.57534311
7/23/2017,0,0,31.8975191,22.99465456,27.44608683
7/24/2017,0,1.294705767,31.13733359,22.85474883,26.99604121
7/25/2017,0,0.2711266287,32.67676986,22.38004789,27.52840888
7/26/2017,0,0,32.18613523,22.7474393,27.46678727
7/27/2017,0,0,31.10155199,22.51855187,26.81005193
7/28/2017,0,0.4916169501,31.76705942,22.75209039,27.25957491
7/29/2017,0,5.264784022,32.96467012,22.49427043,27.72947028
7/30/2017,0,0.002018799902,32.62677094,22.76200745,27.6943892
7/31/2017,0,0.03344706992,33.73470628,22.91521239,28.32495934
8/1/2017,0,0,33.64049028,23.34417806,28.49233417
8/2/2017,0,0.01257867631,33.33042624,23.08114441,28.20578533
8/3/2017,0,0,32.75548444,22.82403157,27.789758
8/4/2017,0,0.859800238,31.9478034,22.47461791,27.21121065
8/5/2017,0,0.3016425775,31.45562098,22.90668382,27.1811524
8/6/2017,0,0,32.10996556,23.58874798,27.84935677
8/7/2017,0,0,32.29085098,23.79204265,28.04144681
8/8/2017,0,4.12605156,30.68868516,23.34391652,27.01630084
8/9/2017,0,1.525902102,28.65575467,22.80486238,25.73030853
8/10/2017,0,2.444715155,32.30503007,22.56992306,27.43747657
8/11/2017,0,4.415402038,32.88614529,22.46041205,27.67327867
8/12/2017,0,0.2089465362,31.6452848,22.4883565,27.06682065
8/13/2017,0,1.624387637,31.64365771,22.35467864,26.99916817
8/14/2017,0,28.1027891,30.72400609,21.81941275,26.27170942
8/15/2017,0,0,31.69958879,21.90684053,26.80321466
8/16/2017,0,1.246404019,31.88840211,22.52301335,27.20570773
8/17/2017,0,0.3266227905,31.63568051,22.43503656,27.03535854
8/18/2017,0,0,27.83760006,22.70585382,25.27172694
8/19/2017,0,0.4476968142,26.19729656,21.75440396,23.97585026
8/20/2017,10.27,92.59473378,25.84897838,21.06969318,23.45933578
8/21/2017,14.44,5.285878276,27.8607469,20.54338555,24.20206622
8/22/2017,10.48,0.03191956112,30.74450701,21.473378,26.10894251
8/23/2017,9.28,0.9677634767,31.4664378,22.24204719,26.85424249
8/24/2017,5.12,0,31.02662073,22.89527998,26.96095036
8/25/2017,5.12,7.690085186,29.88192428,22.16167505,26.02179966
8/26/2017,13.23,29.90423407,30.07980301,21.9521887,26.01599586
8/27/2017,13.23,7.038034268,30.15712916,22.35806425,26.25759671
8/28/2017,9.49,7.558763293,28.17636245,22.20159082,25.18897663
8/29/2017,9.49,8.236529996,28.88553132,21.7999269,25.34272911
8/30/2017,9.49,8.153690405,31.72786119,22.05287091,26.89036605
8/31/2017,9.49,0,32.53428568,22.24832224,27.39130396
9/1/2017,15.05,0,31.90593961,22.12550427,27.01572194
9/2/2017,15.05,0.04511991308,32.90758409,22.12732822,27.51745615
9/3/2017,15.05,0,32.96631681,23.23734782,28.10183231
9/4/2017,9.05,0,31.99943691,23.16184624,27.58064158
9/5/2017,4.9,0.003261138302,31.43890389,23.19829082,27.31859736
9/6/2017,2,0,30.10178863,22.81157946,26.45668405
9/7/2017,1.54,0,33.07046081,22.93359198,28.00202639
9/8/2017,1.83,24.31570557,32.32172266,22.20482521,27.26327393
9/9/2017,1.83,4.668121412,32.82366661,22.94134008,27.88250335
9/10/2017,1.83,1.303034799,33.10804501,23.48044022,28.29424262
9/11/2017,9.41,0.2276655087,33.61593737,23.80558031,28.71075884
9/12/2017,7.17,0.2000099306,33.3448262,23.11277199,28.2287991
9/13/2017,4.73,0.1078642573,32.49341702,23.30812818,27.9007726
9/14/2017,4.09,2.664477727,30.45744245,21.87549238,26.16646742
9/15/2017,4.57,13.75633894,29.88022107,21.94695106,25.91358607
9/16/2017,4.3,1.249735893,31.68777414,22.03431035,26.86104225
9/17/2017,4.3,0.3676764576,30.7557404,22.64414443,26.69994242
9/18/2017,4.13,5.630432662,29.60856682,21.86778339,25.7381751
9/19/2017,3.27,0.7992365116,31.06537811,21.85365168,26.45951489
9/20/2017,3.84,0.1357497336,29.64147183,22.34696492,25.99421838
9/21/2017,3.12,2.280253289,28.39293094,21.9518583,25.17239462
9/22/2017,8.67,19.45231691,30.2322334,20.77928883,25.50576112
9/23/2017,4.3,3.367370485,32.00833228,21.31447571,26.66140399
9/24/2017,0,0,32.84748451,21.75596093,27.30172272
9/25/2017,3.02,2.668964155,32.85852892,22.5929008,27.72571486
9/26/2017,2.39,0,32.62477619,22.37257945,27.49867782
9/27/2017,2.11,0.001403448131,32.95421939,22.57143141,27.7628254
9/28/2017,2.09,0.3802497031,32.3049213,22.54361392,27.42426761
9/29/2017,1.89,0,32.12006507,22.00471969,27.06239238
9/30/2017,0,0,33.22231705,21.89926402,27.56079053
10/1/2017,0,3.644690661,33.86157242,22.63887412,28.25022327
10/2/2017,0,1.377395468,31.76025511,22.17822738,26.96924125
10/3/2017,1.76,6.407486584,32.27676934,22.13209911,27.20443423
10/4/2017,1.61,0.2795319832,32.64205696,21.36785003,27.0049535
10/5/2017,1.47,0,33.09585654,20.99876994,27.04731324
10/6/2017,1.55,0.8772234751,31.88472861,22.65261957,27.26867409
10/7/2017,0,0.2555822824,32.24313402,22.35634697,27.2997405
10/8/2017,0,6.449893872,30.64933629,22.10890752,26.37912191
10/9/2017,3.39,31.76798712,31.07215118,22.52907258,26.80061188
10/10/2017,0,42.14653378,29.7236688,21.33291215,25.52829047
10/11/2017,15.4,3.694218882,31.97036835,21.78006146,26.87521491
10/12/2017,12.32,0.1357497336,31.5855805,22.06739511,26.82648781
10/13/2017,12.07,10.94169603,31.61385253,21.85359054,26.73372154
10/14/2017,11.78,5.539307566,32.09485364,22.38859974,27.24172669
10/15/2017,0,0.8670654133,32.48521093,22.55555169,27.52038131
10/16/2017,10.76,2.028477064,33.09636389,22.10419894,27.60028142
10/17/2017,7.72,0,33.4830653,21.54891574,27.51599052
10/18/2017,7.14,0,33.18653806,19.32248288,26.25451047
10/19/2017,0,0,32.04483882,17.65673358,24.8507862
10/20/2017,2.7,0,32.80911873,19.48339035,26.14625454
10/21/2017,2.6,0,32.23216374,21.33274328,26.78245351
10/22/2017,0,4.467212391,32.46242733,21.8374751,27.14995122
10/23/2017,2.18,2.187770716,33.04741047,21.5222124,27.28481143
10/24/2017,7.51,0,33.25510466,19.45983806,26.35747136
10/25/2017,4.46,0,33.01933005,17.71932253,25.36932629
10/26/2017,3.63,0,32.78748298,18.2080689,25.49777594
10/27/2017,3.5,0,32.79584725,18.52760517,25.66172621
10/28/2017,3.18,0,32.30286687,19.01641737,25.65964212
10/29/2017,3.18,0,31.55562808,18.25124992,24.903439
10/30/2017,3.18,0,32.19644525,17.82355241,25.00999883
10/31/2017,3.18,0,32.05322687,16.51417699,24.28370193
11/1/2017,3.18,0,31.67090302,15.8635725,23.76723776
11/2/2017,3.18,0,30.64250472,15.54035616,23.09143044
11/3/2017,3.18,0,30.48741681,15.281603,22.88450991
11/4/2017,3.18,0,30.4161797,14.99056,22.70336985
11/5/2017,,0,31.24114829,17.23973762,24.24044296
11/6/2017,,0,31.98609658,16.42314074,24.20461866
11/7/2017,,0,31.6825129,15.59468418,23.63859854
11/8/2017,,0,31.70127429,16.05217638,23.87672533
11/9/2017,,0,31.36742254,15.96886494,23.66814374
11/10/2017,,0,30.72872845,15.32102219,23.02487532
11/11/2017,,0,30.39938159,14.24697867,22.32318013
11/12/2017,,0,30.37249284,13.39400037,21.8832466
11/13/2017,,0,31.20168311,14.16970464,22.68569387
11/14/2017,,0,31.17220548,15.73171969,23.45196259
11/15/2017,,0,32.41784424,17.87705674,25.14745049
11/16/2017,,0,31.84686508,18.3095384,25.07820174
11/17/2017,,0,31.91857597,18.49545374,25.20701485
11/18/2017,,0,32.20224658,18.56186499,25.38205579
11/19/2017,,0,31.40775407,19.63378856,25.52077132
11/20/2017,,0,32.41677318,20.00387841,26.21032579
11/21/2017,,0,32.32568342,19.90992998,26.1178067
11/22/2017,,0.08152723292,32.84917787,20.06202954,26.4556037
11/23/2017,,5.341160452,32.46889209,19.40924152,25.93906681
11/24/2017,,0,32.57798731,19.08614979,25.83206855
11/25/2017,,0,31.05017182,17.42794978,24.2390608
11/26/2017,,0,31.43621337,14.19159192,22.81390265
11/27/2017,,0,31.34747803,13.32395761,22.33571782
11/28/2017,,0,31.87653357,12.82905308,22.35279332
11/29/2017,,0,30.94348734,13.68763358,22.31556046
11/30/2017,,0,31.02579056,14.71908794,22.87243925
12/1/2017,,0,29.97663753,15.0282022,22.50241987
12/2/2017,,0,29.54657161,14.69348668,22.12002915
12/3/2017,,0,29.47752259,14.20498112,21.84125185
12/4/2017,,0,29.93198676,14.45310379,22.19254527
12/5/2017,,0,29.29701377,16.53357784,22.9152958
12/6/2017,,0,30.7676037,17.83338769,24.30049569
12/7/2017,,0,31.49930433,18.12632063,24.81281248
12/8/2017,,0,31.79916466,16.47008168,24.13462317
12/9/2017,,0,31.54930767,16.52083941,24.03507354
12/10/2017,,0,30.5937546,15.2160079,22.90488125
12/11/2017,,0,31.75248129,13.1909294,22.47170534
12/12/2017,,0,32.14148725,14.12342359,23.13245542
12/13/2017,,0,32.09220666,15.83373859,23.96297262
12/14/2017,,0,32.01852376,16.98597375,24.50224875
12/15/2017,,0,31.2025302,17.12000578,24.16126799
12/16/2017,,0,30.97193962,15.85646956,23.41420459
12/17/2017,,0,30.02237877,14.65970312,22.34104094
12/18/2017,,0,29.27674665,14.58655082,21.93164874
12/19/2017,,0,29.93782105,11.89857084,20.91819595
12/20/2017,,0,30.42781224,11.20776926,20.81779075
12/21/2017,,0,30.507026,11.93013202,21.21857901
12/22/2017,,0,30.28505219,12.3294455,21.30724885
12/23/2017,,0,30.44001562,13.14696733,21.79349147
12/24/2017,,0,30.83328363,12.93477804,21.88403084
12/25/2017,,0,31.11792106,13.40447743,22.26119924
12/26/2017,,0,29.83124588,13.93755457,21.88440023
12/27/2017,,0,29.92138471,11.60093635,20.76116053
12/28/2017,,0,30.721682,10.73888787,20.73028494
12/29/2017,,0,30.53911178,10.87964297,20.70937737
12/30/2017,,0,30.10039839,11.74239414,20.92139626
12/31/2017,,0,30.46742502,12.18245722,21.32494112
1/1/2018,,0,31.06583225,13.16529124,22.11556174
1/2/2018,,0,30.82432446,13.90059014,22.3624573
1/3/2018,,0,30.09898373,14.1026045,22.10079412
1/4/2018,,0,30.17808465,13.38952673,21.78380569
1/5/2018,,0,30.11232882,12.5746743,21.34350156
1/6/2018,,0,30.13370773,12.8441096,21.48890866
1/7/2018,,0,29.9546964,12.96671556,21.46070598
1/8/2018,,0,29.03343599,13.01743852,21.02543726
1/9/2018,,0,28.56534444,13.2715156,20.91843002
1/10/2018,,0,30.04374408,13.7583082,21.90102614
1/11/2018,,0,32.07569196,14.41660138,23.24614667
1/12/2018,,0,32.88951468,15.11677729,24.00314599
1/13/2018,,0,33.10279129,15.71215781,24.40747455
1/14/2018,,0,32.77745555,15.86791209,24.32268382
1/15/2018,,0,32.57845471,18.00414992,25.29130232
1/16/2018,,0,32.46911425,16.53618136,24.5026478
1/17/2018,,0,31.87870422,15.19044262,23.53457342
1/18/2018,,0,31.37066941,14.90596423,23.13831682
1/19/2018,,0,31.04381453,13.12126748,22.082541
1/20/2018,,0,30.68239795,12.06478815,21.37359305
1/21/2018,,0,30.94247186,12.01606108,21.47926647
1/22/2018,,0,30.76739625,13.12229068,21.94484347
1/23/2018,,0,30.90860381,14.27262617,22.59061499
1/24/2018,,0,30.14008548,14.87635913,22.5082223
1/25/2018,,0,30.37216849,13.19642998,21.78429923
1/26/2018,,0,30.55338879,11.72429862,21.1388437
1/27/2018,,0,30.9328548,11.90350371,21.41817925
1/28/2018,,0,31.08233928,13.0649238,22.07363154
1/29/2018,,0,31.14822478,13.8731703,22.51069754
1/30/2018,,0,31.77038723,12.99519368,22.38279046
1/31/2018,,0,32.70200652,11.31737311,22.00968981
2/1/2018,,0,33.1983811,12.26921059,22.73379584
2/2/2018,,0,33.4774016,12.02833999,22.75287079
2/3/2018,,0,33.40578391,12.99883354,23.20230873
2/4/2018,,0,32.93540351,14.96422107,23.94981229
2/5/2018,,0,32.92651,14.6912502,23.8088801
2/6/2018,,0,32.42065141,15.15160851,23.78612996
2/7/2018,,0,29.49592402,17.11133459,23.3036293
2/8/2018,,0,33.11162123,15.41765692,24.26463908
2/9/2018,,0,31.97939291,16.89727752,24.43833522
2/10/2018,,0,29.83094339,16.4705702,23.15075679
2/11/2018,,0,31.52758265,17.73561968,24.63160117
2/12/2018,,0.003709112917,31.66504799,17.94388543,24.80446671
2/13/2018,,16.60077826,30.46701182,17.85591084,24.16146133
2/14/2018,,1.905265498,30.36878122,17.3590173,23.86389926
2/15/2018,,0,31.5223489,16.59827174,24.06031032
2/16/2018,,0,32.47250903,16.09527491,24.28389197
2/17/2018,,0,33.72706347,14.80295551,24.26500949
2/18/2018,,0,34.2393788,16.1062109,25.17279485
2/19/2018,,0,34.64364456,17.77422132,26.20893294
2/20/2018,,0,34.4470459,19.18702328,26.81703459
2/21/2018,,0,34.31768959,19.61231213,26.96500086
2/22/2018,,0,34.74986743,19.1708482,26.96035782
2/23/2018,,0,35.20499706,19.40828998,27.30664352
2/24/2018,,0,35.25652953,19.37260734,27.31456843
2/25/2018,,0,35.05071845,18.08787737,26.56929791
2/26/2018,,0,36.16285907,17.17035057,26.66660482
2/27/2018,,0,36.63238925,18.94694922,27.78966924
2/28/2018,,0,36.92521758,18.84422682,27.8847222
3/1/2018,,0,36.8130471,17.87929823,27.34617267
3/2/2018,,0,37.34657882,18.00894512,27.67776197
3/3/2018,,0,37.16290539,19.49653847,28.32972193
3/4/2018,,0,37.44738052,19.43317843,28.44027948
3/5/2018,,0,37.26765548,19.28390755,28.27578151
3/6/2018,,0,36.81061716,19.79752314,28.30407015
3/7/2018,,0,36.71748864,20.19455355,28.4560211
3/8/2018,,0,36.0896422,19.79531525,27.94247872
3/9/2018,,0,36.67619681,19.20504929,27.94062305
3/10/2018,,0,36.58701911,20.62232284,28.60467098
3/11/2018,,0,35.02929965,22.28344368,28.65637166
3/12/2018,,0,36.29185097,21.00343675,28.64764386
3/13/2018,,0,37.50115944,20.66216007,29.08165975
3/14/2018,,0,38.17409878,20.45084367,29.31247122
3/15/2018,,0,34.94319293,23.4627714,29.20298217
3/16/2018,,0,29.25193589,22.41440261,25.83316925
3/17/2018,,3.001321766,32.92830129,17.98143796,25.45486963
3/18/2018,,0,35.49032681,19.80518198,27.64775439
3/19/2018,,0,36.85493843,20.81873183,28.83683513
3/20/2018,,0,37.34934337,21.57808189,29.46371263
3/21/2018,,0,37.82491881,22.14742534,29.98617207
3/22/2018,,0,37.6924908,21.66993866,29.68121473
3/23/2018,,0,38.06980082,19.76998912,28.91989497
3/24/2018,,0,38.86968117,19.69859616,29.28413867
3/25/2018,,0,38.11233458,20.80544459,29.45888958
3/26/2018,,0,38.64340993,21.32939119,29.98640056
3/27/2018,,0,39.4176294,20.87050553,30.14406747
3/28/2018,,0,40.26330144,21.88482129,31.07406136
3/29/2018,,0,40.37295045,22.4994161,31.43618328
3/30/2018,,0,40.67074201,22.57612375,31.62343288
3/31/2018,,0,39.84077938,22.77676337,31.30877137
4/1/2018,0,0,39.90019288,23.91408977,31.90714132
4/2/2018,0,0,38.38116475,22.33515013,30.35815744
4/3/2018,0,0,39.36459616,22.87427302,31.11943459
4/4/2018,0,0,39.59943128,23.58363091,31.5915311
4/5/2018,0,0,39.56052693,23.53465454,31.54759073
4/6/2018,0,0,38.16302675,24.43502954,31.29902815
4/7/2018,0,5.551957828,38.10678486,21.83323009,29.97000747
4/8/2018,0,1.313975962,35.58026896,21.12911912,28.35469404
4/9/2018,0,0,37.40450515,21.05070706,29.22760611
4/10/2018,0,0.0626596193,37.46690782,22.21458595,29.84074688
4/11/2018,0,3.578609972,37.21579521,22.56084317,29.88831919
4/12/2018,0,16.71252661,38.03497775,21.52580133,29.78038954
4/13/2018,0,0,38.97585925,23.88405138,31.42995532
4/14/2018,0,0.05776873564,39.14391329,25.40587744,32.27489537
4/15/2018,0,12.00370581,37.90077143,25.56659234,31.73368188
4/16/2018,0,5.02107326,39.40252651,23.49187824,31.44720238
4/17/2018,0,0,40.90920275,25.435147,33.17217487
4/18/2018,0,0.1238775826,41.21521132,25.31040628,33.2628088
4/19/2018,0,0,41.73723499,24.89782381,33.3175294
4/20/2018,0,0,41.44738858,25.56763665,33.50751262
4/21/2018,0,0,41.40701947,25.3173197,33.36216958
4/22/2018,0,0,41.50928111,25.50669182,33.50798646
4/23/2018,0,0,41.27710017,25.04300869,33.16005443
4/24/2018,0,0,41.75366788,24.30405613,33.02886201
4/25/2018,0,0,41.22180466,23.998996,32.61040033
4/26/2018,0,0,41.38003789,25.21501841,33.29752815
4/27/2018,0,0,41.41922385,25.11470251,33.26696318
4/28/2018,0,0,41.78187278,25.94897535,33.86542406
4/29/2018,0,0,42.3915381,27.16547178,34.77850494
4/30/2018,0,0,42.96531115,26.63465205,34.7999816
5/1/2018,,0,42.85175195,26.25631327,34.55403261
5/2/2018,,0,42.34161298,25.49333853,33.91747575
5/3/2018,,0,40.49425104,27.33210405,33.91317754
5/4/2018,,0,39.02420671,22.67517902,30.84969287
5/5/2018,,0,40.99969314,26.63647606,33.8180846
5/6/2018,,0,41.32444327,27.84404889,34.58424608
5/7/2018,,0,41.34586298,27.74402118,34.54494208
5/8/2018,,0,41.67011833,27.58208384,34.62610108
5/9/2018,,0,41.78050702,27.228109,34.50430801
5/10/2018,,0,40.61769485,26.3449649,33.48132987
5/11/2018,,0,42.22628951,26.89272038,34.55950495
5/12/2018,,0.000005467634594,42.00827314,27.71201823,34.86014569
5/13/2018,,0.0000004442453107,40.09743017,25.61279307,32.85511162
5/14/2018,,1.489202781,40.467842,26.83713594,33.65248897
5/15/2018,,0,39.03463983,23.8825704,31.45860511
5/16/2018,,0,40.55386758,25.5847939,33.06933074
5/17/2018,,0.1520866496,41.13285336,26.67411038,33.90348187
5/18/2018,,2.178215221,40.53100426,25.32891599,32.92996012
5/19/2018,,0.0000008543179053,42.31435783,26.77406188,34.54420985
5/20/2018,,0,42.13560721,27.17468462,34.65514591
5/21/2018,,0,41.7183008,27.02216528,34.37023304
5/22/2018,,0.1131826385,40.16205137,27.10136567,33.63170852
5/23/2018,,0,38.73992834,26.7517104,32.74581937
5/24/2018,,0,41.02375395,27.1463401,34.08504702
5/25/2018,,0,41.8215172,26.74701323,34.28426521
5/26/2018,,0,41.49186486,27.56211149,34.52698818
5/27/2018,,1.799058734,39.69751432,23.96791101,31.83271267
5/28/2018,,0,41.80047508,27.23993522,34.52020515
5/29/2018,,0,42.21405439,27.4548428,34.8344486
5/30/2018,,0.002329384502,40.94684131,26.65869566,33.80276849
5/31/2018,,0.002329384502,40.35948604,27.62349996,33.991493
6/1/2018,0,7.018829725,38.51228197,24.59742477,31.55485337
6/2/2018,0,0.02338811928,33.09481572,23.56717666,28.33099619
6/3/2018,0,0.1479502423,38.32826592,24.88450297,31.60638445
6/4/2018,0,0,38.0439396,23.30201949,30.67297954
6/5/2018,0,0.08872985471,37.13018751,23.82253026,30.47635889
6/6/2018,0,0.4072627302,38.05381796,24.75833986,31.40607891
6/7/2018,0,28.16754483,33.09761051,22.46716528,27.7823879
6/8/2018,0,44.63275217,30.61247184,22.25282526,26.43264855
6/9/2018,0,2.205212501,32.73859117,22.99162303,27.8651071
6/10/2018,0,20.95045298,33.81305182,22.80917794,28.31111488
6/11/2018,0,31.39769941,33.10125248,22.52215003,27.81170125
6/12/2018,0,3.748678911,34.86074862,23.53378337,29.19726599
6/13/2018,0,0.1567388674,35.78154698,23.64324137,29.71239417
6/14/2018,0,0,35.47059943,24.84072624,30.15566284
6/15/2018,0,0,36.8258038,25.2461344,31.0359691
6/16/2018,0,0.02299486057,36.38604299,24.13248203,30.25926251
6/17/2018,0,0,35.97236444,25.58747213,30.77991828
6/18/2018,0,0,34.89731901,24.02063735,29.45897818
6/19/2018,0,0.2111346288,35.93852689,23.3035856,29.62105624
6/20/2018,0,0,37.36808741,24.32135151,30.84471946
6/21/2018,0,3.521337991,36.88056472,24.58388747,30.7322261
6/22/2018,0,26.13846289,33.62134794,23.02102451,28.32118623
6/23/2018,0,8.665914257,31.23683556,22.38145065,26.80914311
6/24/2018,0,14.92976851,32.44627877,22.68605702,27.56616789
6/25/2018,0,0,32.46066113,23.26485352,27.86275733
6/26/2018,0,0.5248205667,32.28778202,23.12022756,27.70400479
6/27/2018,0,0,32.26864637,22.53950061,27.40407349
6/28/2018,0,1.845699223,31.23847485,22.43785543,26.83816514
6/29/2018,0,20.21014903,32.73955067,22.63292492,27.6862378
6/30/2018,0,8.073463612,34.09450663,22.46007249,28.27728956
7/1/2018,0,0,34.22441208,23.42909873,28.8267554
7/2/2018,0,0.02717574431,33.83092886,23.13830262,28.48461574
7/3/2018,0,7.637210356,31.69022765,22.71563477,27.20293121
7/4/2018,0,0.2494620596,33.37351977,23.57415997,28.47383987
7/5/2018,0,0.01180221481,32.68488052,23.1908835,27.93788201
7/6/2018,0,12.20467681,29.66506976,22.29212156,25.97859566
7/7/2018,0,2.576652837,29.0239547,22.1516486,25.58780165
7/8/2018,0,17.1229761,28.57953819,22.01926328,25.29940074
7/9/2018,0,4.264240355,28.00212184,21.61436857,24.8082452
7/10/2018,0,0.6369324049,28.30018981,21.9049582,25.10257401
7/11/2018,0,0.03423553978,28.39942059,22.2911164,25.34526849
7/12/2018,0,1.50252437,26.58242672,21.38241604,23.98242138
7/13/2018,0,1.698187368,28.61326973,21.71473784,25.16400379
7/14/2018,0,1.112953697,27.80345165,21.87812306,24.84078735
7/15/2018,0,9.91712141,28.60198494,22.20929477,25.40563985
7/16/2018,0,1.436359079,26.49442172,22.67238324,24.58340248
7/17/2018,0,12.6434695,29.42307951,22.13357016,25.77832483
7/18/2018,0,0.5267721736,31.27681029,22.73661981,27.00671505
7/19/2018,0,0.7604996111,31.03898359,22.04497153,26.54197756
7/20/2018,0,2.290462636,29.90857126,22.22097863,26.06477494
7/21/2018,0,15.54918624,30.54023969,21.5549542,26.04759694
7/22/2018,0,0.130392351,29.24570794,22.51831645,25.8820122
7/23/2018,0,3.234107386,29.56109225,22.23626069,25.89867647
7/24/2018,0,0.972055382,30.67883918,22.3335899,26.50621454
7/25/2018,0,0.2465908162,31.15369223,22.30221314,26.72795269
7/26/2018,0,0.0643028805,29.38373296,22.79199891,26.08786594
7/27/2018,0,0,30.72795807,22.67632624,26.70214215
7/28/2018,0,0,32.05272863,22.77990265,27.41631564
7/29/2018,0,0,32.41999799,22.61433876,27.51716838
7/30/2018,0,0,32.63123983,22.84102266,27.73613125
7/31/2018,0,0,32.33657066,22.53954622,27.43805844
8/1/2018,0,0,32.55906571,22.74770035,27.65338303
8/2/2018,0,26.82568432,32.08612945,22.33832458,27.21222702
8/3/2018,0,0,32.95079418,23.05772106,28.00425762
8/4/2018,0,0.05644193048,32.63628744,22.9611372,27.79871232
8/5/2018,0,0.01563842203,32.47615735,22.37502985,27.4255936
8/6/2018,0,0.04016264873,31.04799965,22.87485606,26.96142785
8/7/2018,0,0,30.25074145,22.38492846,26.31783495
8/8/2018,0,0.04280063301,29.05606799,22.40530303,25.73068551
8/9/2018,0,8.309164249,31.68149211,22.54423754,27.11286483
8/10/2018,0,0.3107957364,31.11088301,22.5490652,26.82997411
8/11/2018,0,11.97525338,28.17496189,22.12155815,25.14826002
8/12/2018,0,31.73399468,26.89296711,21.18177124,24.03736918
8/13/2018,0,0.5029814949,29.51623007,21.83881485,25.67752246
8/14/2018,0,1.890857838,29.2731612,22.00442065,25.63879092
8/15/2018,0,0,28.548104,22.49300609,25.52055505
8/16/2018,0,29.49575639,25.09396624,21.40818064,23.25107344
8/17/2018,0,24.5685612,27.35607406,21.27625367,24.31616387
8/18/2018,0,10.43002836,28.3965462,21.56939874,24.98297247
8/19/2018,0,1.801364225,28.14594099,21.82856376,24.98725237
8/20/2018,11.24,42.88279336,25.44197153,21.3674827,23.40472712
8/21/2018,0,56.70133185,26.27330993,20.38318352,23.32824672
8/22/2018,15.36,2.306196322,29.89385383,20.84665633,25.37025508
8/23/2018,10.22,1.788236057,29.85451409,21.71038953,25.78245181
8/24/2018,5.83,0.1266653358,30.27916964,21.19566134,25.73741549
8/25/2018,4.46,0,30.36435795,21.58664602,25.97550199
8/26/2018,0,2.997268534,29.16097189,21.69819785,25.42958487
8/27/2018,10.85,35.95600924,27.37027572,21.06860089,24.21943831
8/28/2018,5.43,0.1322558586,29.30686086,21.26869785,25.28777936
8/29/2018,4.08,0.6186906629,30.96839114,21.14799177,26.05819146
8/30/2018,3.03,0,30.36681171,21.64382585,26.00531878
8/31/2018,2.87,0,30.0142718,21.76809253,25.89118216
9/1/2018,2.21,0.1137294954,30.22498158,21.22074177,25.72286167
9/2/2018,0,0.04601746954,30.78984981,21.33913152,26.06449066
9/3/2018,1.78,3.292367043,30.62074731,21.00554443,25.81314587
9/4/2018,1.72,0.100905938,31.41873701,20.88942567,26.15408134
9/5/2018,1.62,1.029617842,30.48008809,21.27497861,25.87753335
9/6/2018,1.6,2.214846932,29.80100834,20.76868561,25.28484697
9/7/2018,1.55,0,29.2846509,20.92644603,25.10554847
9/8/2018,1.63,0,31.75678179,20.63195511,26.19436845
9/9/2018,0,0,32.48014102,20.40873854,26.44443978
9/10/2018,1.61,0,33.74850806,20.97293833,27.36072319
9/11/2018,0,0,33.71282257,21.96956094,27.84119175
9/12/2018,0,20.28785398,31.88032659,22.24260833,27.06146746
9/13/2018,0,2.452254178,32.90452482,21.45375898,27.1791419
9/14/2018,0,0,33.7340755,21.35133996,27.54270773
9/15/2018,1.87,0,34.04719269,21.86182448,27.95450859
9/16/2018,0,0.3051685595,33.09280479,21.90464333,27.49872406
9/17/2018,1.77,1.112719817,31.32055429,22.43774569,26.87914999
9/18/2018,1.63,6.502503298,32.31576031,21.17744861,26.74660446
9/19/2018,0,0.357114705,32.01426235,21.91810161,26.96618198
9/20/2018,0,11.65545732,31.54418219,21.29700264,26.42059241
9/21/2018,0,0.3802498056,26.36989782,22.16106301,24.26548042
9/22/2018,0,0.7226729571,31.17108584,21.15002294,26.16055439
9/23/2018,0,0.2199283017,32.77847481,21.56767521,27.17307501
9/24/2018,0,0.6311238599,33.566243,22.17595259,27.8710978
9/25/2018,0,4.791514957,33.71857238,22.48989738,28.10423488
9/26/2018,0,3.046956083,32.95678964,22.08241919,27.51960441
9/27/2018,0,2.439052756,33.03766728,21.68749534,27.36258131
9/28/2018,0,0,33.14136435,21.85649366,27.49892901
9/29/2018,0,0.006211692005,33.58739676,21.93648139,27.76193908
9/30/2018,0,1.607036982,34.08715723,22.05773667,28.07244695
10/1/2018,0,0,34.33418556,22.22240468,28.27829512
10/2/2018,0,0,34.48754089,22.28339275,28.38546682
10/3/2018,0,2.311449598,34.38671743,22.59048048,28.48859896
10/4/2018,0,0,34.35905246,22.20904074,28.2840466
10/5/2018,0,0.7754404807,33.96780717,21.85877737,27.91329227
10/6/2018,0,0,34.02599548,20.85674406,27.44136977
10/7/2018,0,0,34.27502754,20.95546334,27.61524544
10/8/2018,0,0,34.57369833,21.04895712,27.81132773
10/9/2018,0,0,34.82316603,19.21098906,27.01707755
10/10/2018,0,0,34.23730868,19.14131341,26.68931105
10/11/2018,0,0,34.34073259,19.55655872,26.94864566
10/12/2018,0,0,34.05547571,19.35887844,26.70717708
10/13/2018,0,0,34.65938901,19.23980691,26.94959796
10/14/2018,0,0,34.57312604,19.7781183,27.17562217
10/15/2018,0,0,34.3618173,20.4312275,27.3965224
10/16/2018,0,0,33.54843513,20.84171189,27.19507351
10/17/2018,0,0.02008111933,33.51070609,20.17896743,26.84483676
10/18/2018,0,0,33.31211089,20.73077627,27.02144358
10/19/2018,0,0,33.69311847,19.79083505,26.74197676
10/20/2018,0,0,33.86881701,19.10811368,26.48846534
10/21/2018,0,0,34.82292363,20.1538238,27.48837371
10/22/2018,0,0,34.84461627,19.5048883,27.17475228
10/23/2018,0,0,34.64566182,19.99611008,27.32088595
10/24/2018,0,1.09188248,33.81160704,20.47498502,27.14329603
10/25/2018,0,0,33.07944523,19.50242692,26.29093607
10/26/2018,0,0,33.68757418,16.83545241,25.2615133
10/27/2018,0,0,33.85690838,16.66896992,25.26293915
10/28/2018,0,0,32.90787534,15.88848698,24.39818116
10/29/2018,0,0,31.68717534,15.84386481,23.76552007
10/30/2018,0,0,32.02059864,15.62547186,23.82303525
10/31/2018,0,0,31.96725885,15.57410033,23.77067959
11/1/2018,0,0,32.36066166,17.47700868,24.91883517
11/2/2018,0,0,31.46012595,19.37750165,25.4188138
11/3/2018,0,0,32.9555644,20.89355751,26.92456095
11/4/2018,0,3.533802752,33.93626943,21.4512804,27.69377492
11/5/2018,0,0,33.55062846,20.85651079,27.20356962
11/6/2018,0,0,34.12671076,20.60087625,27.3637935
11/7/2018,0,0,33.85280815,20.05079077,26.95179946
11/8/2018,0,0,33.64711326,19.42548737,26.53630032
11/9/2018,0,0,33.53841332,18.60399913,26.07120622
11/10/2018,0,0,33.46256197,17.5612258,25.51189388
11/11/2018,0,0,33.4780496,15.56873341,24.52339151
11/12/2018,,0,32.55628608,14.79300365,23.67464486
11/13/2018,,0,32.83238775,13.40152508,23.11695641
11/14/2018,,0,33.18588235,14.11064185,23.6482621
11/15/2018,,0,33.52390047,15.0144616,24.26918104
11/16/2018,,0,33.87892783,16.03141476,24.95517129
11/17/2018,,0,33.9758151,18.34747658,26.16164584
11/18/2018,,0,33.73294308,20.21253964,26.97274136
11/19/2018,,1.659615527,33.1675085,21.44153722,27.30452286
11/20/2018,,0.5279897068,31.89527305,21.07756726,26.48642016
11/21/2018,,0,32.48288473,19.05047401,25.76667937
11/22/2018,,0,32.37212226,17.60738421,24.98975324
11/23/2018,,0,31.79230535,17.37902939,24.58566737
11/24/2018,,0,31.58211344,16.22860043,23.90535693
11/25/2018,,0,31.40608501,15.79684744,23.60146623
11/26/2018,,0,31.40502775,14.22128932,22.81315854
11/27/2018,,0,31.05448831,13.78507243,22.41978037
11/28/2018,,0,30.79964612,14.23844406,22.51904509
11/29/2018,,0,30.92415587,14.3321429,22.62814939
11/30/2018,,0,30.65064139,14.49365276,22.57214707
12/1/2018,0,0,29.72606006,14.12087763,21.92346884
12/2/2018,0,0,29.6293263,14.21991239,21.92461935
12/3/2018,0,0,29.48644366,15.03232467,22.25938417
12/4/2018,0,0,30.1452558,15.90039421,23.022825
12/5/2018,0,0,31.01942178,18.72570797,24.87256487
12/6/2018,0,0,31.91943933,19.04855336,25.48399634
12/7/2018,0,0,31.87769916,19.1448819,25.51129053
12/8/2018,0,0,31.4256786,19.63954356,25.53261108
12/9/2018,0,0,31.37830787,19.89583349,25.63707068
12/10/2018,0,0,30.54925945,19.74196804,25.14561374
12/11/2018,0,0,30.35295778,17.43929245,23.89612511
12/12/2018,0,0,30.7533716,16.91731547,23.83534354
12/13/2018,0,0,29.24937916,17.5798853,23.41463223
12/14/2018,0,0.01445929441,26.40398412,17.12445286,21.76421849
12/15/2018,0,0,27.9074679,16.15884814,22.03315802
12/16/2018,0,0,26.5550346,13.89502933,20.22503196
12/17/2018,0,0,23.67093228,15.2375149,19.45422359
12/18/2018,0,4.361875314,23.76234964,14.7042485,19.23329907
12/19/2018,0,0,25.9412563,11.78234112,18.86179871
12/20/2018,0,0,27.52569061,12.55335967,20.03952514
12/21/2018,0,0,28.76772601,13.50863902,21.13818251
12/22/2018,0,0,29.23587194,13.4353306,21.33560127
12/23/2018,0,0,29.62217539,13.89931592,21.76074565
12/24/2018,0,0,30.31340486,15.05261211,22.68300848
12/25/2018,0,0,31.02299543,15.24101627,23.13200585
12/26/2018,0,0,31.29974177,16.32576282,23.81275229
12/27/2018,0,0,28.66508579,14.78654873,21.72581726
12/28/2018,0,0,26.80344686,11.43371126,19.11857906
12/29/2018,0,0,27.13572863,9.101722036,18.11872533
12/30/2018,0,0,27.09447638,9.156919619,18.125698
12/31/2018,0,0,28.08176958,9.047665368,18.56471747